num__latitude,num__longitude,num__lighting_score,num__crowd_density_score,num__police_presence_score,num__cctv_coverage_score,num__historical_crime_count,num__emergency_access_score,num__safe_route_score,cat__city_Bengaluru,cat__city_Chennai,cat__city_Delhi,cat__city_Hyderabad,cat__city_Mumbai,cat__city_Pune,cat__city_Vijayawada,cat__city_Visakhapatnam,cat__road_type_Bus Stop Area,cat__road_type_College Road,cat__road_type_Industrial Road,cat__road_type_Main Road,cat__road_type_Market Road,cat__road_type_Park Road,cat__road_type_Railway Station Road,cat__road_type_Residential Street,cat__crime_type_Abduction,cat__crime_type_Assault,cat__crime_type_Harassment,cat__crime_type_Robbery,cat__crime_type_Sexual Harassment,cat__crime_type_Stalking,cat__crime_type_Theft,cat__voice_detected_False,cat__voice_detected_True,cat__voice_phrase_call my father,cat__voice_phrase_call my mother,cat__voice_phrase_call my sister,cat__voice_phrase_call police,cat__voice_phrase_dad,cat__voice_phrase_help,cat__voice_phrase_help me,cat__voice_phrase_mom,cat__voice_phrase_none,cat__voice_phrase_save me,cat__voice_event_type_Emergency,cat__voice_event_type_Help,cat__voice_event_type_No Alert,cat__voice_event_type_Relative,cat__recommended_action_No action,cat__recommended_action_Notify selected relative,cat__recommended_action_Trigger emergency alert and share location,risk_level_target
-0.12573037089047853,0.13914671067478757,-0.20344106597724576,-0.5029741911871904,-0.6315136005701739,-1.0108031321515707,1.4074135591116244,-1.1911536321277234,-1.3768299700431423,0.0,0.0,0.0,1.0,0.0,0.0,0.0,0.0,0.0,0.0,0.0,1.0,0.0,0.0,0.0,0.0,0.0,0.0,0.0,0.0,0.0,0.0,1.0,0.0,1.0,0.0,0.0,0.0,0.0,0.0,1.0,0.0,0.0,0.0,0.0,0.0,1.0,0.0,0.0,0.0,0.0,1.0,1
-0.06079676044683655,1.6102558410152799,-1.2648727145541798,-0.5029741911871904,-0.6315136005701739,0.9048060886031429,0.8358409240209025,-1.5348217314144295,-1.8723372967206091,0.0,0.0,0.0,0.0,0.0,0.0,0.0,1.0,0.0,0.0,0.0,1.0,0.0,0.0,0.0,0.0,0.0,0.0,0.0,0.0,0.0,1.0,0.0,0.0,1.0,0.0,0.0,0.0,0.0,0.0,0.0,0.0,0.0,0.0,1.0,0.0,1.0,0.0,0.0,0.0,0.0,1.0,1
2.3449498311449983,-0.27221064206439705,0.8579905825996883,1.600053785902108,-0.3138508236234064,-1.6493395390698085,1.5082793182452812,-0.8474855328410172,-0.4213143490471924,0.0,0.0,1.0,0.0,0.0,0.0,0.0,0.0,1.0,0.0,0.0,0.0,0.0,0.0,0.0,0.0,0.0,0.0,1.0,0.0,0.0,0.0,0.0,0.0,1.0,0.0,1.0,0.0,0.0,0.0,0.0,0.0,0.0,0.0,0.0,0.0,0.0,0.0,1.0,0.0,1.0,0.0,1
-1.1132044259981126,-0.134734236896761,-1.2648727145541798,-1.2039835168836233,0.3214747302701286,-1.3300713356106897,-0.24006050673810317,0.18351876501910097,-1.4012355547899429,1.0,0.0,0.0,0.0,0.0,0.0,0.0,0.0,0.0,1.0,0.0,0.0,0.0,0.0,0.0,0.0,0.0,0.0,0.0,1.0,0.0,0.0,0.0,0.0,1.0,0.0,0.0,0.0,1.0,0.0,0.0,0.0,0.0,0.0,0.0,1.0,0.0,0.0,0.0,0.0,0.0,1.0,1
0.24158543589023468,-1.6021728313611279,0.5041800330740437,-1.2039835168836233,0.9568002841636635,-0.3722667252333328,0.9367066831545593,1.5581911621659252,0.3330400885811896,0.0,0.0,0.0,0.0,1.0,0.0,0.0,0.0,0.0,0.0,0.0,0.0,0.0,0.0,0.0,1.0,0.0,0.0,1.0,0.0,0.0,0.0,0.0,0.0,1.0,0.0,0.0,0.0,0.0,1.0,0.0,0.0,0.0,0.0,0.0,0.0,0.0,0.0,1.0,0.0,1.0,0.0,1
-0.14484245572083365,0.13825557623003637,-0.5572516155028905,-0.152469528338974,-1.2668391544637088,-0.6915349286924517,-1.3495838572083279,0.5271868643058071,-0.43240779665937384,0.0,0.0,0.0,1.0,0.0,0.0,0.0,0.0,0.0,0.0,0.0,1.0,0.0,0.0,0.0,0.0,0.0,0.0,0.0,0.0,0.0,1.0,0.0,0.0,1.0,0.0,0.0,1.0,0.0,0.0,0.0,0.0,0.0,0.0,0.0,0.0,0.0,0.0,1.0,0.0,1.0,0.0,1
0.11461437175654234,-1.3106286610583238,0.15036948354839894,0.1980351345092424,-0.6315136005701739,1.5433424955213808,-0.6099016235615113,-1.1911536321277234,0.291624550829043,0.0,0.0,0.0,0.0,0.0,1.0,0.0,0.0,0.0,0.0,0.0,0.0,1.0,0.0,0.0,0.0,0.0,0.0,0.0,0.0,0.0,0.0,1.0,0.0,1.0,0.0,0.0,0.0,0.0,0.0,0.0,1.0,0.0,0.0,0.0,0.0,1.0,0.0,0.0,0.0,0.0,1.0,1
-1.1002139232554555,-0.15927951897152617,0.8579905825996883,0.5485397973574588,-0.3138508236234064,1.5433424955213808,1.2056820408443107,1.2145230628792192,0.8884520323644397,1.0,0.0,0.0,0.0,0.0,0.0,0.0,0.0,0.0,0.0,0.0,0.0,1.0,0.0,0.0,0.0,0.0,0.0,0.0,0.0,1.0,0.0,0.0,0.0,1.0,0.0,1.0,0.0,0.0,0.0,0.0,0.0,0.0,0.0,0.0,0.0,0.0,0.0,1.0,0.0,1.0,0.0,1
-0.05712886671981916,1.61024083243516,-1.6186832640798245,0.1980351345092424,0.3214747302701286,-0.3722667252333328,-1.4840715360532035,-0.5038174335543112,0.1274415261687482,0.0,0.0,0.0,0.0,0.0,0.0,0.0,1.0,1.0,0.0,0.0,0.0,0.0,0.0,0.0,0.0,0.0,0.0,1.0,0.0,0.0,0.0,0.0,0.0,1.0,0.0,1.0,0.0,0.0,0.0,0.0,0.0,0.0,0.0,0.0,0.0,0.0,0.0,1.0,0.0,1.0,0.0,1
0.2396616984959242,-1.604252457744305,0.8579905825996883,-0.8534788540354068,-0.3138508236234064,-1.0108031321515707,-0.7107673826951681,1.2145230628792192,-0.24160049772984213,0.0,0.0,0.0,0.0,1.0,0.0,0.0,0.0,0.0,0.0,0.0,0.0,0.0,1.0,0.0,0.0,0.0,1.0,0.0,0.0,0.0,0.0,0.0,0.0,1.0,0.0,0.0,0.0,1.0,0.0,0.0,0.0,0.0,0.0,0.0,1.0,0.0,0.0,0.0,0.0,0.0,1.0,1
2.3408766161479737,-0.2666674731392809,0.15036948354839894,-0.5029741911871904,-0.9491763775169414,0.9048060886031429,0.36513404806383754,-1.1911536321277234,0.20805391215060495,0.0,0.0,1.0,0.0,0.0,0.0,0.0,0.0,0.0,0.0,0.0,0.0,0.0,1.0,0.0,0.0,0.0,0.0,1.0,0.0,0.0,0.0,0.0,0.0,1.0,0.0,0.0,0.0,0.0,0.0,1.0,0.0,0.0,0.0,0.0,0.0,1.0,0.0,0.0,0.0,0.0,1.0,1
-0.32903041998029225,0.8269952532117687,1.5656116816509777,-1.2039835168836233,0.3214747302701286,0.26626968168490506,0.8022190043096836,0.8708549635925131,0.8071000832084372,0.0,0.0,0.0,0.0,0.0,0.0,1.0,0.0,0.0,0.0,0.0,0.0,0.0,1.0,0.0,0.0,1.0,0.0,0.0,0.0,0.0,0.0,0.0,0.0,1.0,0.0,0.0,0.0,1.0,0.0,0.0,0.0,0.0,0.0,0.0,1.0,0.0,0.0,0.0,0.0,0.0,1.0,1
-0.05840110072784845,1.6108124091948084,1.211801132125333,-0.152469528338974,1.5921258380571985,-0.05299852177421386,-1.28234001778589,-0.1601493342676051,1.32775255780685,0.0,0.0,0.0,0.0,0.0,0.0,0.0,1.0,0.0,0.0,0.0,0.0,0.0,0.0,0.0,1.0,0.0,0.0,1.0,0.0,0.0,0.0,0.0,0.0,1.0,0.0,0.0,0.0,0.0,0.0,0.0,1.0,0.0,0.0,0.0,0.0,1.0,0.0,0.0,0.0,0.0,1.0,0
-1.0722564270652017,0.6888059404883308,1.211801132125333,-1.2039835168836233,1.5921258380571985,-0.3722667252333328,0.9703286028657783,1.2145230628792192,0.8396408628708388,0.0,1.0,0.0,0.0,0.0,0.0,0.0,0.0,0.0,0.0,0.0,0.0,1.0,0.0,0.0,0.0,0.0,0.0,1.0,0.0,0.0,0.0,0.0,0.0,1.0,0.0,0.0,0.0,0.0,0.0,0.0,0.0,0.0,0.0,1.0,0.0,1.0,0.0,0.0,0.0,0.0,1.0,1
-0.3153774235783058,0.8235811139127315,1.5656116816509777,0.1980351345092424,0.639137507216896,-1.6493395390698085,-1.28234001778589,0.18351876501910097,0.9601896602565505,0.0,0.0,0.0,0.0,0.0,0.0,1.0,0.0,0.0,0.0,0.0,1.0,0.0,0.0,0.0,0.0,0.0,0.0,1.0,0.0,0.0,0.0,0.0,0.0,1.0,0.0,0.0,0.0,0.0,0.0,0.0,0.0,0.0,0.0,1.0,0.0,1.0,0.0,0.0,0.0,0.0,1.0,0
-0.121174243295727,0.14136329035158016,0.8579905825996883,-1.2039835168836233,0.9568002841636635,-1.0108031321515707,-1.2150961783634522,0.8708549635925131,0.37445562633333623,0.0,0.0,0.0,1.0,0.0,0.0,0.0,0.0,0.0,0.0,0.0,0.0,0.0,0.0,0.0,1.0,0.0,0.0,1.0,0.0,0.0,0.0,0.0,0.0,1.0,0.0,0.0,0.0,0.0,0.0,0.0,1.0,0.0,0.0,0.0,0.0,1.0,0.0,0.0,0.0,0.0,1.0,0
2.342506913251904,-0.24937540008729656,1.211801132125333,-0.5029741911871904,-0.3138508236234064,0.26626968168490506,1.104816281710654,0.18351876501910097,-0.2970677357907526,0.0,0.0,1.0,0.0,0.0,0.0,0.0,0.0,1.0,0.0,0.0,0.0,0.0,0.0,0.0,0.0,0.0,0.0,1.0,0.0,0.0,0.0,0.0,0.0,1.0,0.0,0.0,0.0,0.0,0.0,0.0,0.0,1.0,0.0,0.0,0.0,0.0,0.0,1.0,0.0,1.0,0.0,1
-1.1050852518812213,-0.13342380024484385,-1.2648727145541798,0.1980351345092424,-1.5845019314104762,1.2240742920622618,0.60048748604237,-0.5038174335543112,-0.8724478852759301,1.0,0.0,0.0,0.0,0.0,0.0,0.0,0.0,1.0,0.0,0.0,0.0,0.0,0.0,0.0,0.0,0.0,0.0,1.0,0.0,0.0,0.0,0.0,0.0,1.0,0.0,0.0,0.0,0.0,0.0,0.0,0.0,0.0,0.0,1.0,0.0,1.0,0.0,0.0,0.0,0.0,1.0,1
-0.07076537771223398,1.625250350593567,-1.2648727145541798,-1.5544881797318397,0.003811953323361072,-1.3300713356106897,0.43237788748627537,-0.5038174335543112,-1.7939436002611888,0.0,0.0,0.0,0.0,0.0,0.0,0.0,1.0,1.0,0.0,0.0,0.0,0.0,0.0,0.0,0.0,0.0,0.0,1.0,0.0,0.0,0.0,0.0,0.0,1.0,0.0,0.0,1.0,0.0,0.0,0.0,0.0,0.0,0.0,0.0,0.0,0.0,0.0,1.0,0.0,1.0,0.0,1
-0.3181907136731159,0.8195275465647415,-0.5572516155028905,0.8990444602056752,0.3214747302701286,-0.6915349286924517,-1.3495838572083279,-1.1911536321277234,-0.13954077969776726,0.0,0.0,0.0,0.0,0.0,0.0,1.0,0.0,0.0,0.0,1.0,0.0,0.0,0.0,0.0,0.0,0.0,0.0,1.0,0.0,0.0,0.0,0.0,0.0,1.0,0.0,1.0,0.0,0.0,0.0,0.0,0.0,0.0,0.0,0.0,0.0,0.0,0.0,1.0,0.0,1.0,0.0,1
0.24788835748322421,-1.6064756036748977,-1.2648727145541798,-1.5544881797318397,0.3214747302701286,-0.05299852177421386,-1.3159619374971088,-0.5038174335543112,-0.6498393698581431,0.0,0.0,0.0,0.0,1.0,0.0,0.0,0.0,0.0,0.0,0.0,1.0,0.0,0.0,0.0,0.0,0.0,0.0,0.0,0.0,0.0,0.0,1.0,0.0,1.0,0.0,0.0,0.0,0.0,0.0,0.0,0.0,0.0,0.0,1.0,0.0,1.0,0.0,0.0,0.0,0.0,1.0,1
-0.3164582070298393,0.8307392685947387,-0.9110621650285352,-0.152469528338974,0.639137507216896,-0.6915349286924517,-1.4504496163419847,0.8708549635925131,0.1792109483589315,0.0,0.0,0.0,0.0,0.0,0.0,1.0,0.0,0.0,0.0,0.0,0.0,0.0,1.0,0.0,0.0,0.0,0.0,1.0,0.0,0.0,0.0,0.0,0.0,1.0,0.0,0.0,0.0,0.0,0.0,1.0,0.0,0.0,0.0,0.0,0.0,1.0,0.0,0.0,0.0,0.0,1.0,1
-0.06330869725467184,1.6103737209049893,-0.5572516155028905,-0.8534788540354068,0.3214747302701286,0.585537885144024,0.2978902086413997,-0.5038174335543112,-0.35179541067751713,0.0,0.0,0.0,0.0,0.0,0.0,0.0,1.0,0.0,0.0,0.0,0.0,0.0,0.0,0.0,1.0,0.0,0.0,1.0,0.0,0.0,0.0,0.0,1.0,0.0,0.0,0.0,0.0,0.0,0.0,0.0,0.0,0.0,1.0,0.0,0.0,0.0,1.0,0.0,1.0,0.0,0.0,1
-0.06142914075801496,1.6043455872346786,-0.20344106597724576,0.8990444602056752,-0.3138508236234064,0.26626968168490506,1.2393039605555296,1.2145230628792192,-0.5899347527523602,0.0,0.0,0.0,0.0,0.0,0.0,0.0,1.0,0.0,0.0,0.0,0.0,0.0,1.0,0.0,0.0,0.0,0.0,1.0,0.0,0.0,0.0,0.0,0.0,1.0,0.0,0.0,0.0,0.0,0.0,0.0,1.0,0.0,0.0,0.0,0.0,1.0,0.0,0.0,0.0,0.0,1.0,1
-1.0956457063603517,-0.12150698762785646,1.5656116816509777,1.2495491230538915,-1.5845019314104762,-0.05299852177421386,-1.5176934557644224,-1.5348217314144295,0.7161338127885448,1.0,0.0,0.0,0.0,0.0,0.0,0.0,0.0,0.0,0.0,0.0,1.0,0.0,0.0,0.0,0.0,0.0,0.0,0.0,0.0,0.0,0.0,1.0,0.0,1.0,0.0,0.0,1.0,0.0,0.0,0.0,0.0,0.0,0.0,0.0,0.0,0.0,0.0,1.0,0.0,1.0,0.0,0
-0.3213062362767441,0.8404169886647538,1.211801132125333,-1.2039835168836233,-0.9491763775169414,-1.3300713356106897,0.8022190043096836,-1.1911536321277234,-1.387183854481179,0.0,0.0,0.0,0.0,0.0,0.0,1.0,0.0,0.0,0.0,0.0,1.0,0.0,0.0,0.0,0.0,0.0,0.0,1.0,0.0,0.0,0.0,0.0,0.0,1.0,1.0,0.0,0.0,0.0,0.0,0.0,0.0,0.0,0.0,0.0,0.0,0.0,0.0,1.0,0.0,1.0,0.0,1
-1.0923292815654073,-0.1445945613582589,1.5656116816509777,-1.2039835168836233,0.3214747302701286,1.5433424955213808,0.7349751648872458,1.5581911621659252,0.9564918443858234,1.0,0.0,0.0,0.0,0.0,0.0,0.0,0.0,0.0,0.0,0.0,1.0,0.0,0.0,0.0,0.0,0.0,0.0,0.0,0.0,1.0,0.0,0.0,0.0,1.0,0.0,1.0,0.0,0.0,0.0,0.0,0.0,0.0,0.0,0.0,0.0,0.0,0.0,1.0,0.0,1.0,0.0,0
-1.0948493511752986,-0.14996481893321886,-0.5572516155028905,-0.152469528338974,0.3214747302701286,-1.0108031321515707,1.104816281710654,-0.1601493342676051,-1.0403287258069527,1.0,0.0,0.0,0.0,0.0,0.0,0.0,0.0,0.0,1.0,0.0,0.0,0.0,0.0,0.0,0.0,0.0,0.0,0.0,0.0,1.0,0.0,0.0,0.0,1.0,0.0,1.0,0.0,0.0,0.0,0.0,0.0,0.0,0.0,0.0,0.0,0.0,0.0,1.0,0.0,1.0,0.0,1
-0.1136980001521405,0.15986980767844833,0.8579905825996883,1.600053785902108,1.274463061110431,-1.3300713356106897,-1.4504496163419847,1.2145230628792192,1.6561186071274396,0.0,0.0,0.0,1.0,0.0,0.0,0.0,0.0,0.0,0.0,0.0,1.0,0.0,0.0,0.0,0.0,0.0,0.0,1.0,0.0,0.0,0.0,0.0,0.0,1.0,0.0,0.0,0.0,0.0,0.0,0.0,0.0,1.0,0.0,0.0,0.0,0.0,0.0,1.0,0.0,1.0,0.0,0
0.10432725637821638,-1.3099911090818817,-0.5572516155028905,0.1980351345092424,-0.3138508236234064,-1.0108031321515707,0.12978061008530503,1.2145230628792192,-0.28745341452686174,0.0,0.0,0.0,0.0,0.0,1.0,0.0,0.0,0.0,0.0,0.0,0.0,0.0,0.0,0.0,1.0,1.0,0.0,0.0,0.0,0.0,0.0,0.0,0.0,1.0,0.0,0.0,0.0,0.0,1.0,0.0,0.0,0.0,0.0,0.0,0.0,0.0,0.0,1.0,0.0,1.0,0.0,1
-0.0732498388374493,1.627521961730806,-1.2648727145541798,-0.8534788540354068,-0.3138508236234064,-1.3300713356106897,-1.3159619374971088,1.2145230628792192,-0.7200978714019627,0.0,0.0,0.0,0.0,0.0,0.0,0.0,1.0,0.0,0.0,0.0,0.0,0.0,0.0,1.0,0.0,0.0,0.0,1.0,0.0,0.0,0.0,0.0,0.0,1.0,0.0,0.0,0.0,1.0,0.0,0.0,0.0,0.0,0.0,0.0,1.0,0.0,0.0,0.0,0.0,0.0,1.0,1
-1.1057409315712612,-0.13945224659391073,-0.5572516155028905,-0.152469528338974,0.9568002841636635,0.585537885144024,-0.6771454629839493,-1.5348217314144295,-0.14545728509093092,1.0,0.0,0.0,0.0,0.0,0.0,0.0,0.0,0.0,1.0,0.0,0.0,0.0,0.0,0.0,0.0,0.0,0.0,0.0,1.0,0.0,0.0,0.0,0.0,1.0,1.0,0.0,0.0,0.0,0.0,0.0,0.0,0.0,0.0,0.0,0.0,0.0,0.0,1.0,0.0,1.0,0.0,1
-0.06407845597894928,1.6177748269777281,0.15036948354839894,-0.8534788540354068,1.5921258380571985,-0.3722667252333328,-1.0806084995185763,0.8708549635925131,1.1805794861519014,0.0,0.0,0.0,0.0,0.0,0.0,0.0,1.0,0.0,0.0,0.0,1.0,0.0,0.0,0.0,0.0,0.0,0.0,0.0,0.0,0.0,0.0,1.0,0.0,1.0,1.0,0.0,0.0,0.0,0.0,0.0,0.0,0.0,0.0,0.0,0.0,0.0,0.0,1.0,0.0,1.0,0.0,0
-0.13690286266554633,0.12307908761776994,-0.9110621650285352,1.2495491230538915,-1.5845019314104762,-0.05299852177421386,0.7349751648872458,1.2145230628792192,-0.7748255462887278,0.0,0.0,0.0,1.0,0.0,0.0,0.0,0.0,0.0,0.0,0.0,0.0,0.0,0.0,0.0,1.0,0.0,0.0,1.0,0.0,0.0,0.0,0.0,0.0,1.0,1.0,0.0,0.0,0.0,0.0,0.0,0.0,0.0,0.0,0.0,0.0,0.0,0.0,1.0,0.0,1.0,0.0,1
-1.0746254903234143,0.6890529567028396,-1.6186832640798245,0.1980351345092424,-0.6315136005701739,1.5433424955213808,-0.7107673826951681,-1.1911536321277234,0.06753690906296478,0.0,1.0,0.0,0.0,0.0,0.0,0.0,0.0,0.0,1.0,0.0,0.0,0.0,0.0,0.0,0.0,0.0,0.0,0.0,0.0,1.0,0.0,0.0,0.0,1.0,0.0,0.0,0.0,0.0,0.0,0.0,0.0,1.0,0.0,0.0,0.0,0.0,0.0,1.0,0.0,1.0,0.0,1
2.3348743884255754,-0.26533296022342084,-0.5572516155028905,-0.8534788540354068,-0.9491763775169414,0.26626968168490506,-1.652181134609298,-0.8474855328410172,-0.7541177774126545,0.0,0.0,1.0,0.0,0.0,0.0,0.0,0.0,0.0,0.0,0.0,0.0,1.0,0.0,0.0,0.0,0.0,0.0,0.0,1.0,0.0,0.0,0.0,0.0,1.0,1.0,0.0,0.0,0.0,0.0,0.0,0.0,0.0,0.0,0.0,0.0,0.0,0.0,1.0,0.0,1.0,0.0,1
-1.098876846636444,-0.13005781347370138,-0.9110621650285352,-1.2039835168836233,0.3214747302701286,-1.6493395390698085,0.26426828893018073,-0.5038174335543112,-2.1126953283178875,1.0,0.0,0.0,0.0,0.0,0.0,0.0,0.0,0.0,0.0,0.0,0.0,0.0,0.0,1.0,0.0,0.0,0.0,1.0,0.0,0.0,0.0,0.0,0.0,1.0,0.0,0.0,1.0,0.0,0.0,0.0,0.0,0.0,0.0,0.0,0.0,0.0,0.0,1.0,0.0,1.0,0.0,1
-1.1065981728689998,-0.13129226918874645,-1.6186832640798245,-0.5029741911871904,0.3214747302701286,-0.05299852177421386,-0.5762797038502925,-1.1911536321277234,-1.5402734315292919,1.0,0.0,0.0,0.0,0.0,0.0,0.0,0.0,1.0,0.0,0.0,0.0,0.0,0.0,0.0,0.0,0.0,0.0,0.0,0.0,0.0,1.0,0.0,0.0,1.0,0.0,1.0,0.0,0.0,0.0,0.0,0.0,0.0,0.0,0.0,0.0,0.0,0.0,1.0,0.0,1.0,0.0,1
2.3426977043920156,-0.24307367250850678,-1.6186832640798245,-1.2039835168836233,-0.3138508236234064,-1.0108031321515707,0.7349751648872458,-0.1601493342676051,-2.9313917620969256,0.0,0.0,1.0,0.0,0.0,0.0,0.0,0.0,0.0,1.0,0.0,0.0,0.0,0.0,0.0,0.0,0.0,0.0,0.0,0.0,0.0,0.0,1.0,0.0,1.0,0.0,0.0,0.0,0.0,0.0,1.0,0.0,0.0,0.0,0.0,0.0,1.0,0.0,0.0,0.0,0.0,1.0,1
0.1188177115864549,-1.294263055150128,0.5041800330740437,1.600053785902108,0.9568002841636635,-1.3300713356106897,-0.10557282789322746,1.5581911621659252,1.1073627319114991,0.0,0.0,0.0,0.0,0.0,1.0,0.0,0.0,0.0,1.0,0.0,0.0,0.0,0.0,0.0,0.0,0.0,0.0,1.0,0.0,0.0,0.0,0.0,0.0,1.0,0.0,0.0,0.0,1.0,0.0,0.0,0.0,0.0,0.0,0.0,1.0,0.0,0.0,0.0,0.0,0.0,1.0,0
2.3453235004286284,-0.2624178562134471,1.211801132125333,1.2495491230538915,1.5921258380571985,1.5433424955213808,-0.9124989009624818,0.18351876501910097,2.038472768160649,0.0,0.0,1.0,0.0,0.0,0.0,0.0,0.0,0.0,0.0,0.0,1.0,0.0,0.0,0.0,0.0,1.0,0.0,0.0,0.0,0.0,0.0,0.0,0.0,1.0,0.0,0.0,0.0,0.0,0.0,1.0,0.0,0.0,0.0,0.0,0.0,1.0,0.0,0.0,0.0,0.0,1.0,0
0.12594578287988342,-1.3232242992470873,-1.2648727145541798,-0.152469528338974,0.9568002841636635,-0.3722667252333328,1.104816281710654,0.5271868643058071,-0.30446336753220793,0.0,0.0,0.0,0.0,0.0,1.0,0.0,0.0,0.0,1.0,0.0,0.0,0.0,0.0,0.0,0.0,0.0,0.0,0.0,0.0,0.0,1.0,0.0,0.0,1.0,1.0,0.0,0.0,0.0,0.0,0.0,0.0,0.0,0.0,0.0,0.0,0.0,0.0,1.0,0.0,1.0,0.0,1
-0.3221661152400143,0.8112249876484169,0.5041800330740437,0.5485397973574588,1.5921258380571985,-1.0108031321515707,0.8694628437321215,1.5581911621659252,0.9417005809029136,0.0,0.0,0.0,0.0,0.0,0.0,1.0,0.0,1.0,0.0,0.0,0.0,0.0,0.0,0.0,0.0,0.0,0.0,0.0,0.0,0.0,0.0,1.0,0.0,1.0,1.0,0.0,0.0,0.0,0.0,0.0,0.0,0.0,0.0,0.0,0.0,0.0,0.0,1.0,0.0,1.0,0.0,0
-0.052785291005815284,1.6247175459992294,-0.20344106597724576,-0.5029741911871904,0.3214747302701286,1.2240742920622618,0.8358409240209025,0.18351876501910097,0.7930483828996734,0.0,0.0,0.0,0.0,0.0,0.0,0.0,1.0,0.0,0.0,0.0,0.0,0.0,0.0,1.0,0.0,0.0,0.0,1.0,0.0,0.0,0.0,0.0,0.0,1.0,0.0,0.0,1.0,0.0,0.0,0.0,0.0,0.0,0.0,0.0,0.0,0.0,0.0,1.0,0.0,1.0,0.0,1
-1.0959406852889582,-0.13583080128193536,-0.9110621650285352,-1.2039835168836233,-0.3138508236234064,0.9048060886031429,1.071194361999435,1.5581911621659252,-0.9900384299650605,1.0,0.0,0.0,0.0,0.0,0.0,0.0,0.0,0.0,0.0,1.0,0.0,0.0,0.0,0.0,0.0,0.0,0.0,0.0,1.0,0.0,0.0,0.0,0.0,1.0,0.0,0.0,0.0,0.0,0.0,1.0,0.0,0.0,0.0,0.0,0.0,1.0,0.0,0.0,0.0,0.0,1.0,1
-1.0878740446772366,-0.14001006548844644,-0.5572516155028905,-0.5029741911871904,-0.9491763775169414,-1.6493395390698085,-1.5849372951868603,-0.5038174335543112,-1.1623566495409554,1.0,0.0,0.0,0.0,0.0,0.0,0.0,0.0,0.0,0.0,0.0,0.0,0.0,0.0,1.0,0.0,0.0,0.0,0.0,0.0,1.0,0.0,0.0,0.0,1.0,0.0,0.0,0.0,0.0,1.0,0.0,0.0,0.0,0.0,0.0,0.0,0.0,0.0,1.0,0.0,1.0,0.0,1
-0.15029934609459356,0.14006567352852053,0.5041800330740437,1.600053785902108,-0.6315136005701739,0.26626968168490506,0.36513404806383754,0.5271868643058071,0.4676405862756661,0.0,0.0,0.0,1.0,0.0,0.0,0.0,0.0,0.0,0.0,1.0,0.0,0.0,0.0,0.0,0.0,0.0,0.0,0.0,0.0,0.0,1.0,0.0,0.0,1.0,0.0,0.0,0.0,0.0,0.0,0.0,1.0,0.0,0.0,0.0,0.0,1.0,0.0,0.0,0.0,0.0,1.0,1
-0.06339991652096974,1.6223608862412995,0.5041800330740437,-0.5029741911871904,-0.9491763775169414,0.9048060886031429,0.23064636921896184,-1.5348217314144295,-0.36140973194140896,0.0,0.0,0.0,0.0,0.0,0.0,0.0,1.0,0.0,0.0,0.0,0.0,0.0,0.0,0.0,1.0,0.0,0.0,0.0,0.0,1.0,0.0,0.0,0.0,1.0,0.0,0.0,0.0,0.0,0.0,0.0,0.0,0.0,0.0,1.0,0.0,1.0,0.0,0.0,0.0,0.0,1.0,1
-0.14037996525245072,0.13214739679907192,-0.9110621650285352,0.8990444602056752,1.5921258380571985,0.9048060886031429,0.634109405753589,1.5581911621659252,0.4765153443654111,0.0,0.0,0.0,1.0,0.0,0.0,0.0,0.0,0.0,0.0,1.0,0.0,0.0,0.0,0.0,0.0,0.0,0.0,0.0,0.0,0.0,0.0,1.0,0.0,1.0,0.0,0.0,1.0,0.0,0.0,0.0,0.0,0.0,0.0,0.0,0.0,0.0,0.0,1.0,0.0,1.0,0.0,0
2.335738223887143,-0.25106918088983005,-0.9110621650285352,0.8990444602056752,0.639137507216896,-0.3722667252333328,1.474657398534062,-0.5038174335543112,-0.5359466410397404,0.0,0.0,1.0,0.0,0.0,0.0,0.0,0.0,0.0,0.0,1.0,0.0,0.0,0.0,0.0,0.0,0.0,0.0,1.0,0.0,0.0,0.0,0.0,0.0,1.0,0.0,0.0,0.0,0.0,0.0,0.0,0.0,1.0,0.0,0.0,0.0,0.0,0.0,1.0,0.0,1.0,0.0,1
-1.103662451132436,-0.1268009515871926,0.8579905825996883,-1.2039835168836233,-0.3138508236234064,-0.6915349286924517,-0.6099016235615113,0.18351876501910097,-0.2660060824766426,1.0,0.0,0.0,0.0,0.0,0.0,0.0,0.0,0.0,0.0,0.0,0.0,0.0,0.0,1.0,0.0,0.0,0.0,1.0,0.0,0.0,0.0,0.0,0.0,1.0,0.0,0.0,0.0,0.0,0.0,0.0,0.0,1.0,0.0,0.0,0.0,0.0,0.0,1.0,0.0,1.0,0.0,1
-0.319646045630123,0.8160405531163587,0.5041800330740437,-0.8534788540354068,-0.6315136005701739,-1.3300713356106897,0.02891485095164826,0.5271868643058071,-0.22237185520205946,0.0,0.0,0.0,0.0,0.0,0.0,1.0,0.0,1.0,0.0,0.0,0.0,0.0,0.0,0.0,0.0,0.0,0.0,1.0,0.0,0.0,0.0,0.0,0.0,1.0,0.0,0.0,0.0,0.0,0.0,0.0,0.0,1.0,0.0,0.0,0.0,0.0,0.0,1.0,0.0,1.0,0.0,1
-0.06307262618960242,1.6239968214746159,0.5041800330740437,0.5485397973574588,1.274463061110431,-1.6493395390698085,1.5082793182452812,1.5581911621659252,-0.034522808969110065,0.0,0.0,0.0,0.0,0.0,0.0,0.0,1.0,1.0,0.0,0.0,0.0,0.0,0.0,0.0,0.0,0.0,0.0,1.0,0.0,0.0,0.0,0.0,0.0,1.0,0.0,0.0,1.0,0.0,0.0,0.0,0.0,0.0,0.0,0.0,0.0,0.0,0.0,1.0,0.0,1.0,0.0,1
0.11017144397418531,-1.313880832763543,0.5041800330740437,0.5485397973574588,0.9568002841636635,0.9048060886031429,0.8358409240209025,-0.5038174335543112,0.821151783517202,0.0,0.0,0.0,0.0,0.0,1.0,0.0,0.0,0.0,0.0,0.0,0.0,0.0,0.0,1.0,0.0,0.0,0.0,1.0,0.0,0.0,0.0,0.0,0.0,1.0,0.0,0.0,0.0,0.0,0.0,0.0,0.0,0.0,0.0,1.0,0.0,1.0,0.0,0.0,0.0,0.0,1.0,1
0.2459345067407627,-1.6111326410152997,0.5041800330740437,0.1980351345092424,1.5921258380571985,1.5433424955213808,-0.038328988470789596,-0.8474855328410172,1.1450804537929187,0.0,0.0,0.0,0.0,1.0,0.0,0.0,0.0,0.0,0.0,0.0,1.0,0.0,0.0,0.0,0.0,1.0,0.0,0.0,0.0,0.0,0.0,0.0,0.0,1.0,0.0,0.0,0.0,0.0,0.0,0.0,1.0,0.0,0.0,0.0,0.0,1.0,0.0,0.0,0.0,0.0,1.0,0
-0.06754149101635268,1.6271139159587347,1.5656116816509777,1.600053785902108,1.5921258380571985,-1.6493395390698085,-1.4168276966307656,0.5271868643058071,2.038472768160649,0.0,0.0,0.0,0.0,0.0,0.0,0.0,1.0,0.0,0.0,0.0,0.0,0.0,1.0,0.0,0.0,0.0,0.0,1.0,0.0,0.0,0.0,0.0,0.0,1.0,0.0,0.0,1.0,0.0,0.0,0.0,0.0,0.0,0.0,0.0,0.0,0.0,0.0,1.0,0.0,1.0,0.0,0
-1.072295772242713,0.7051609153189403,0.15036948354839894,-0.5029741911871904,0.639137507216896,-0.05299852177421386,-0.30730434616054103,0.5271868643058071,0.6288653582393786,0.0,1.0,0.0,0.0,0.0,0.0,0.0,0.0,0.0,0.0,0.0,0.0,0.0,1.0,0.0,0.0,0.0,0.0,1.0,0.0,0.0,0.0,0.0,0.0,1.0,1.0,0.0,0.0,0.0,0.0,0.0,0.0,0.0,0.0,0.0,0.0,0.0,0.0,1.0,0.0,1.0,0.0,1
-0.12144965953830864,0.14022701576483065,-1.6186832640798245,1.2495491230538915,-1.5845019314104762,-0.05299852177421386,-0.811633141828825,-1.1911536321277234,-0.9146029862022221,0.0,0.0,0.0,1.0,0.0,0.0,0.0,0.0,0.0,0.0,1.0,0.0,0.0,0.0,0.0,0.0,1.0,0.0,0.0,0.0,0.0,0.0,0.0,1.0,0.0,0.0,0.0,0.0,0.0,0.0,0.0,0.0,0.0,1.0,0.0,0.0,0.0,1.0,0.0,1.0,0.0,0.0,1
-1.1029836918689957,-0.14166444876816095,1.5656116816509777,-0.8534788540354068,-0.6315136005701739,-1.0108031321515707,0.26426828893018073,-1.1911536321277234,-0.26674564565078845,1.0,0.0,0.0,0.0,0.0,0.0,0.0,0.0,0.0,0.0,0.0,1.0,0.0,0.0,0.0,0.0,0.0,0.0,1.0,0.0,0.0,0.0,0.0,0.0,1.0,0.0,0.0,0.0,0.0,0.0,0.0,0.0,0.0,0.0,1.0,0.0,1.0,0.0,0.0,0.0,0.0,1.0,1
-1.064378379538982,0.7236371028068127,-0.9110621650285352,1.600053785902108,1.274463061110431,-1.3300713356106897,1.5755231576677189,-0.8474855328410172,-0.8162410840408744,0.0,1.0,0.0,0.0,0.0,0.0,0.0,0.0,0.0,1.0,0.0,0.0,0.0,0.0,0.0,0.0,0.0,0.0,0.0,0.0,0.0,0.0,1.0,0.0,1.0,0.0,0.0,0.0,0.0,0.0,1.0,0.0,0.0,0.0,0.0,0.0,1.0,0.0,0.0,0.0,0.0,1.0,1
-1.075487567341294,0.7010419981116647,0.5041800330740437,-0.5029741911871904,-1.2668391544637088,1.2240742920622618,1.2056820408443107,-0.5038174335543112,0.10673375729267491,0.0,1.0,0.0,0.0,0.0,0.0,0.0,0.0,0.0,0.0,0.0,0.0,0.0,1.0,0.0,0.0,0.0,0.0,0.0,0.0,1.0,0.0,0.0,0.0,1.0,0.0,0.0,0.0,1.0,0.0,0.0,0.0,0.0,0.0,0.0,1.0,0.0,0.0,0.0,0.0,0.0,1.0,1
-0.12660981253977385,0.14248142957067897,0.15036948354839894,1.2495491230538915,0.3214747302701286,1.5433424955213808,-0.1728166673156653,-1.1911536321277234,1.1820586125001922,0.0,0.0,0.0,1.0,0.0,0.0,0.0,0.0,0.0,0.0,0.0,1.0,0.0,0.0,0.0,0.0,0.0,0.0,1.0,0.0,0.0,0.0,0.0,0.0,1.0,0.0,1.0,0.0,0.0,0.0,0.0,0.0,0.0,0.0,0.0,0.0,0.0,0.0,1.0,0.0,1.0,0.0,0
2.340182910113188,-0.27543779946940905,-1.2648727145541798,0.5485397973574588,0.003811953323361072,1.5433424955213808,0.1970244495077429,-0.8474855328410172,0.3959029583835554,0.0,0.0,1.0,0.0,0.0,0.0,0.0,0.0,0.0,0.0,1.0,0.0,0.0,0.0,0.0,0.0,0.0,1.0,0.0,0.0,0.0,0.0,0.0,0.0,1.0,0.0,0.0,0.0,0.0,0.0,0.0,1.0,0.0,0.0,0.0,0.0,1.0,0.0,0.0,0.0,0.0,1.0,1
-1.0614147425088767,0.6928141694172006,0.8579905825996883,0.5485397973574588,1.274463061110431,-0.3722667252333328,-0.37454818558297887,-0.5038174335543112,1.1731838544104463,0.0,1.0,0.0,0.0,0.0,0.0,0.0,0.0,0.0,0.0,1.0,0.0,0.0,0.0,0.0,0.0,0.0,0.0,0.0,0.0,1.0,0.0,0.0,0.0,1.0,0.0,0.0,0.0,1.0,0.0,0.0,0.0,0.0,0.0,0.0,1.0,0.0,0.0,0.0,0.0,0.0,1.0,0
-1.0943952330929578,-0.11807096081614304,1.5656116816509777,1.600053785902108,1.5921258380571985,0.26626968168490506,-0.30730434616054103,-1.5348217314144295,2.038472768160649,1.0,0.0,0.0,0.0,0.0,0.0,0.0,0.0,0.0,0.0,1.0,0.0,0.0,0.0,0.0,0.0,0.0,0.0,1.0,0.0,0.0,0.0,0.0,0.0,1.0,0.0,1.0,0.0,0.0,0.0,0.0,0.0,0.0,0.0,0.0,0.0,0.0,0.0,1.0,0.0,1.0,0.0,0
-1.1059260077693884,-0.1342461453640356,-0.20344106597724576,0.1980351345092424,-0.3138508236234064,1.2240742920622618,1.2393039605555296,-0.1601493342676051,-0.32886895227900836,1.0,0.0,0.0,0.0,0.0,0.0,0.0,0.0,0.0,1.0,0.0,0.0,0.0,0.0,0.0,0.0,0.0,0.0,0.0,0.0,0.0,0.0,1.0,1.0,0.0,0.0,0.0,0.0,0.0,0.0,0.0,0.0,0.0,1.0,0.0,0.0,0.0,1.0,0.0,1.0,0.0,0.0,1
-1.0949645292368406,-0.13623884705400702,-0.5572516155028905,0.5485397973574588,0.639137507216896,0.9048060886031429,1.5082793182452812,-0.5038174335543112,-0.3081611834029351,1.0,0.0,0.0,0.0,0.0,0.0,0.0,0.0,0.0,0.0,0.0,0.0,0.0,0.0,0.0,1.0,0.0,0.0,1.0,0.0,0.0,0.0,0.0,0.0,1.0,0.0,0.0,1.0,0.0,0.0,0.0,0.0,0.0,0.0,0.0,0.0,0.0,0.0,1.0,0.0,1.0,0.0,1
-0.04874240916240271,1.6043465252709384,-0.20344106597724576,-0.5029741911871904,0.3214747302701286,-0.6915349286924517,-0.44179202500541676,1.5581911621659252,-0.7119626764863625,0.0,0.0,0.0,0.0,0.0,0.0,0.0,1.0,0.0,0.0,0.0,0.0,0.0,0.0,0.0,1.0,0.0,0.0,0.0,0.0,0.0,0.0,1.0,0.0,1.0,0.0,0.0,1.0,0.0,0.0,0.0,0.0,0.0,0.0,0.0,0.0,0.0,0.0,1.0,0.0,1.0,0.0,1
0.1342218980958992,-1.318753618443198,1.211801132125333,0.1980351345092424,0.003811953323361072,0.585537885144024,-0.6099016235615113,-0.1601493342676051,0.574137683352614,0.0,0.0,0.0,0.0,0.0,1.0,0.0,0.0,0.0,0.0,0.0,0.0,0.0,1.0,0.0,0.0,0.0,0.0,1.0,0.0,0.0,0.0,0.0,0.0,1.0,0.0,0.0,0.0,0.0,0.0,0.0,0.0,0.0,0.0,1.0,0.0,1.0,0.0,0.0,0.0,0.0,1.0,0
-1.096127300125312,-0.13204551230362696,-1.2648727145541798,1.2495491230538915,-0.9491763775169414,-0.6915349286924517,-0.8452550615400438,0.8708549635925131,-0.35475366337409947,1.0,0.0,0.0,0.0,0.0,0.0,0.0,0.0,0.0,1.0,0.0,0.0,0.0,0.0,0.0,0.0,1.0,0.0,0.0,0.0,0.0,0.0,0.0,0.0,1.0,0.0,0.0,0.0,0.0,1.0,0.0,0.0,0.0,0.0,0.0,0.0,0.0,0.0,1.0,0.0,1.0,0.0,1
-1.0742351158247514,0.6910253342738937,-0.5572516155028905,-0.152469528338974,-0.6315136005701739,-0.05299852177421386,-1.0133646600961386,-0.1601493342676051,0.007632291957182405,0.0,1.0,0.0,0.0,0.0,0.0,0.0,0.0,0.0,0.0,0.0,0.0,0.0,0.0,0.0,1.0,0.0,0.0,1.0,0.0,0.0,0.0,0.0,0.0,1.0,0.0,0.0,0.0,0.0,0.0,0.0,0.0,1.0,0.0,0.0,0.0,0.0,0.0,1.0,0.0,1.0,0.0,1
-0.0573642783685058,1.6287926881811483,1.211801132125333,-0.152469528338974,-0.9491763775169414,1.5433424955213808,1.474657398534062,0.8708549635925131,0.6103762788857418,0.0,0.0,0.0,0.0,0.0,0.0,0.0,1.0,0.0,0.0,0.0,1.0,0.0,0.0,0.0,0.0,0.0,0.0,0.0,0.0,0.0,0.0,1.0,1.0,0.0,0.0,0.0,0.0,0.0,0.0,0.0,0.0,0.0,1.0,0.0,0.0,0.0,1.0,0.0,1.0,0.0,0.0,1
0.24043937021679648,-1.6128611291593669,0.8579905825996883,0.1980351345092424,-0.9491763775169414,-1.6493395390698085,-0.6771454629839493,0.8708549635925131,0.0002366602157270506,0.0,0.0,0.0,0.0,1.0,0.0,0.0,0.0,0.0,0.0,1.0,0.0,0.0,0.0,0.0,0.0,0.0,0.0,1.0,0.0,0.0,0.0,0.0,0.0,1.0,0.0,0.0,0.0,0.0,0.0,1.0,0.0,0.0,0.0,0.0,0.0,1.0,0.0,0.0,0.0,0.0,1.0,1
-0.1246214523399415,0.13440900221622837,-0.9110621650285352,-0.8534788540354068,1.274463061110431,-0.3722667252333328,-1.4168276966307656,-0.5038174335543112,0.2953223666997712,0.0,0.0,0.0,1.0,0.0,0.0,0.0,0.0,0.0,0.0,0.0,1.0,0.0,0.0,0.0,0.0,0.0,1.0,0.0,0.0,0.0,0.0,0.0,0.0,1.0,0.0,0.0,0.0,0.0,0.0,0.0,0.0,1.0,0.0,0.0,0.0,0.0,0.0,1.0,0.0,1.0,0.0,1
-1.0927541655214408,-0.13132979063905043,0.8579905825996883,0.8990444602056752,-0.3138508236234064,1.2240742920622618,0.06253677066286718,-0.1601493342676051,1.399490185698961,1.0,0.0,0.0,0.0,0.0,0.0,0.0,0.0,0.0,0.0,0.0,0.0,0.0,1.0,0.0,0.0,0.0,0.0,1.0,0.0,0.0,0.0,0.0,0.0,1.0,0.0,0.0,0.0,0.0,1.0,0.0,0.0,0.0,0.0,0.0,0.0,0.0,0.0,1.0,0.0,1.0,0.0,0
-0.11307089517202505,0.15956557125222165,-0.5572516155028905,-0.152469528338974,1.5921258380571985,-1.3300713356106897,-1.0806084995185763,-0.5038174335543112,0.30345756161537135,0.0,0.0,0.0,1.0,0.0,0.0,0.0,0.0,1.0,0.0,0.0,0.0,0.0,0.0,0.0,0.0,0.0,0.0,1.0,0.0,0.0,0.0,0.0,0.0,1.0,0.0,0.0,0.0,0.0,0.0,0.0,0.0,1.0,0.0,0.0,0.0,0.0,0.0,1.0,0.0,1.0,0.0,1
-0.06693175066765364,1.637418556927601,0.8579905825996883,1.600053785902108,0.639137507216896,-0.3722667252333328,-1.6185592148980792,-0.5038174335543112,1.099227536995899,0.0,0.0,0.0,0.0,0.0,0.0,0.0,1.0,0.0,0.0,0.0,0.0,0.0,1.0,0.0,0.0,0.0,0.0,0.0,0.0,0.0,1.0,0.0,0.0,1.0,0.0,0.0,0.0,1.0,0.0,0.0,0.0,0.0,0.0,0.0,1.0,0.0,0.0,0.0,0.0,0.0,1.0,0
0.23001179914891726,-1.5969964346127494,-0.5572516155028905,-0.152469528338974,1.5921258380571985,1.2240742920622618,1.071194361999435,-0.5038174335543112,0.8514738736571661,0.0,0.0,0.0,0.0,1.0,0.0,0.0,0.0,0.0,0.0,0.0,0.0,0.0,0.0,0.0,1.0,0.0,0.0,0.0,0.0,0.0,0.0,1.0,0.0,1.0,0.0,0.0,0.0,0.0,0.0,1.0,0.0,0.0,0.0,0.0,0.0,1.0,0.0,0.0,0.0,0.0,1.0,1
-0.313879009750951,0.7974133417910063,-0.9110621650285352,-1.2039835168836233,-1.5845019314104762,-1.0108031321515707,-0.44179202500541676,1.5581911621659252,-1.567637268972674,0.0,0.0,0.0,0.0,0.0,0.0,1.0,0.0,0.0,0.0,0.0,0.0,0.0,0.0,1.0,0.0,0.0,0.0,1.0,0.0,0.0,0.0,0.0,0.0,1.0,0.0,0.0,0.0,1.0,0.0,0.0,0.0,0.0,0.0,0.0,1.0,0.0,0.0,0.0,0.0,0.0,1.0,1
0.24868031655905867,-1.616970978682815,0.5041800330740437,-0.152469528338974,0.9568002841636635,0.9048060886031429,0.36513404806383754,0.8708549635925131,0.9135971802853861,0.0,0.0,0.0,0.0,1.0,0.0,0.0,0.0,0.0,0.0,0.0,0.0,0.0,0.0,1.0,0.0,0.0,0.0,1.0,0.0,0.0,0.0,0.0,0.0,1.0,0.0,0.0,0.0,0.0,1.0,0.0,0.0,0.0,0.0,0.0,0.0,0.0,0.0,1.0,0.0,1.0,0.0,0
2.3366290954204083,-0.2609986073556436,1.5656116816509777,-0.152469528338974,-1.5845019314104762,-1.3300713356106897,-0.778011222117606,1.5581911621659252,0.19622090136427764,0.0,0.0,1.0,0.0,0.0,0.0,0.0,0.0,0.0,1.0,0.0,0.0,0.0,0.0,0.0,0.0,1.0,0.0,0.0,0.0,0.0,0.0,0.0,1.0,0.0,0.0,0.0,0.0,0.0,0.0,0.0,0.0,0.0,1.0,0.0,0.0,0.0,1.0,0.0,1.0,0.0,0.0,1
-1.0832209828742025,0.7051846789041315,-0.9110621650285352,0.8990444602056752,0.9568002841636635,1.5433424955213808,0.12978061008530503,-0.1601493342676051,0.300499308918789,0.0,1.0,0.0,0.0,0.0,0.0,0.0,0.0,0.0,0.0,0.0,1.0,0.0,0.0,0.0,0.0,0.0,0.0,1.0,0.0,0.0,0.0,0.0,0.0,1.0,0.0,0.0,0.0,0.0,1.0,0.0,0.0,0.0,0.0,0.0,0.0,0.0,0.0,1.0,0.0,1.0,0.0,1
0.26062938102769284,-1.6137860329093965,0.8579905825996883,0.1980351345092424,0.3214747302701286,-0.05299852177421386,-0.37454818558297887,-1.1911536321277234,0.6347818636325422,0.0,0.0,0.0,0.0,1.0,0.0,0.0,0.0,0.0,0.0,0.0,0.0,0.0,0.0,0.0,1.0,0.0,0.0,1.0,0.0,0.0,0.0,0.0,0.0,1.0,0.0,1.0,0.0,0.0,0.0,0.0,0.0,0.0,0.0,0.0,0.0,0.0,0.0,1.0,0.0,1.0,0.0,1
0.23633648148254222,-1.6138573236649745,0.5041800330740437,1.2495491230538915,-1.5845019314104762,0.585537885144024,-1.3832057769195467,0.18351876501910097,0.8241100362137833,0.0,0.0,0.0,0.0,1.0,0.0,0.0,0.0,0.0,0.0,0.0,0.0,0.0,0.0,1.0,0.0,0.0,0.0,1.0,0.0,0.0,0.0,0.0,0.0,1.0,0.0,1.0,0.0,0.0,0.0,0.0,0.0,0.0,0.0,0.0,0.0,0.0,0.0,1.0,0.0,1.0,0.0,0
2.336332577853575,-0.24379439703312472,1.211801132125333,0.8990444602056752,0.3214747302701286,-1.6493395390698085,-0.9461208206737006,1.2145230628792192,0.9757204869136049,0.0,0.0,1.0,0.0,0.0,0.0,0.0,0.0,0.0,0.0,0.0,1.0,0.0,0.0,0.0,0.0,0.0,1.0,0.0,0.0,0.0,0.0,0.0,0.0,1.0,0.0,0.0,0.0,0.0,1.0,0.0,0.0,0.0,0.0,0.0,0.0,0.0,0.0,1.0,0.0,1.0,0.0,0
0.23196059436577698,-1.59518539927801,-0.5572516155028905,-0.152469528338974,0.9568002841636635,-1.0108031321515707,-0.5426577841390735,0.8708549635925131,0.4395371856581375,0.0,0.0,0.0,0.0,1.0,0.0,0.0,0.0,0.0,0.0,0.0,1.0,0.0,0.0,0.0,0.0,0.0,0.0,1.0,0.0,0.0,0.0,0.0,0.0,1.0,0.0,0.0,0.0,0.0,0.0,1.0,0.0,0.0,0.0,0.0,0.0,1.0,0.0,0.0,0.0,0.0,1.0,1
-1.0950656397488818,-0.12894123764836135,-0.20344106597724576,1.2495491230538915,-1.5845019314104762,0.9048060886031429,-0.004707068759570669,-1.1911536321277234,-0.036741498491546565,1.0,0.0,0.0,0.0,0.0,0.0,0.0,0.0,0.0,0.0,0.0,0.0,1.0,0.0,0.0,0.0,0.0,0.0,1.0,0.0,0.0,0.0,0.0,0.0,1.0,0.0,0.0,0.0,0.0,0.0,1.0,0.0,0.0,0.0,0.0,0.0,1.0,0.0,0.0,0.0,0.0,1.0,1
-0.13804189456423363,0.14262838858437724,0.8579905825996883,-0.152469528338974,0.9568002841636635,-0.3722667252333328,0.02891485095164826,0.8708549635925131,1.3928341171316514,0.0,0.0,0.0,1.0,0.0,0.0,0.0,0.0,0.0,0.0,0.0,0.0,1.0,0.0,0.0,0.0,0.0,0.0,1.0,0.0,0.0,0.0,0.0,0.0,1.0,0.0,0.0,0.0,0.0,0.0,0.0,0.0,0.0,0.0,1.0,0.0,1.0,0.0,0.0,0.0,0.0,1.0,0
-0.334971981395466,0.8212729193614434,-0.5572516155028905,1.600053785902108,0.9568002841636635,-1.0108031321515707,-1.4840715360532035,-0.1601493342676051,0.6902491016934527,0.0,0.0,0.0,0.0,0.0,0.0,1.0,0.0,0.0,0.0,0.0,0.0,0.0,1.0,0.0,0.0,0.0,0.0,0.0,0.0,1.0,0.0,0.0,0.0,1.0,0.0,1.0,0.0,0.0,0.0,0.0,0.0,0.0,0.0,0.0,0.0,0.0,0.0,1.0,0.0,1.0,0.0,0
-1.0617609361098863,0.6848661882062642,-0.20344106597724576,-0.152469528338974,1.274463061110431,1.2240742920622618,1.071194361999435,0.8708549635925131,0.40921509551817337,0.0,1.0,0.0,0.0,0.0,0.0,0.0,0.0,0.0,0.0,0.0,1.0,0.0,0.0,0.0,0.0,0.0,0.0,0.0,0.0,0.0,0.0,1.0,0.0,1.0,0.0,0.0,1.0,0.0,0.0,0.0,0.0,0.0,0.0,0.0,0.0,0.0,0.0,1.0,0.0,1.0,0.0,1
0.11087899775301077,-1.303652172731544,1.211801132125333,1.2495491230538915,0.3214747302701286,0.585537885144024,-0.37454818558297887,-0.5038174335543112,1.663514238868895,0.0,0.0,0.0,0.0,0.0,1.0,0.0,0.0,0.0,1.0,0.0,0.0,0.0,0.0,0.0,0.0,0.0,0.0,1.0,0.0,0.0,0.0,0.0,0.0,1.0,0.0,0.0,0.0,0.0,1.0,0.0,0.0,0.0,0.0,0.0,0.0,0.0,0.0,1.0,0.0,1.0,0.0,0
2.3280837185147187,-0.2598160563135188,0.15036948354839894,0.8990444602056752,0.3214747302701286,0.26626968168490506,1.071194361999435,-0.8474855328410172,1.0090008297501514,0.0,0.0,1.0,0.0,0.0,0.0,0.0,0.0,0.0,0.0,0.0,1.0,0.0,0.0,0.0,0.0,0.0,0.0,1.0,0.0,0.0,0.0,0.0,1.0,0.0,0.0,0.0,0.0,0.0,0.0,0.0,0.0,0.0,1.0,0.0,0.0,0.0,1.0,0.0,1.0,0.0,0.0,1
0.12027765945814219,-1.315469240826468,0.8579905825996883,-1.2039835168836233,0.9568002841636635,0.585537885144024,-1.719424974031736,-0.8474855328410172,1.2952117781444497,0.0,0.0,0.0,0.0,0.0,1.0,0.0,0.0,0.0,0.0,0.0,0.0,0.0,0.0,0.0,1.0,0.0,0.0,1.0,0.0,0.0,0.0,0.0,0.0,1.0,0.0,0.0,0.0,0.0,0.0,0.0,1.0,0.0,0.0,0.0,0.0,1.0,0.0,0.0,0.0,0.0,1.0,0
-1.0746360409855402,0.7043745282562893,1.5656116816509777,0.5485397973574588,1.5921258380571985,-1.3300713356106897,-0.34092626587175995,1.2145230628792192,1.2419632296059757,0.0,1.0,0.0,0.0,0.0,0.0,0.0,0.0,0.0,1.0,0.0,0.0,0.0,0.0,0.0,0.0,0.0,0.0,0.0,0.0,0.0,1.0,0.0,0.0,1.0,0.0,1.0,0.0,0.0,0.0,0.0,0.0,0.0,0.0,0.0,0.0,0.0,0.0,1.0,0.0,1.0,0.0,0
0.2599824935560919,-1.608851024157982,1.5656116816509777,-1.2039835168836233,-0.6315136005701739,1.5433424955213808,1.1720601211330919,-0.1601493342676051,0.4572867018376295,0.0,0.0,0.0,0.0,1.0,0.0,0.0,0.0,0.0,0.0,0.0,1.0,0.0,0.0,0.0,0.0,0.0,0.0,1.0,0.0,0.0,0.0,0.0,0.0,1.0,0.0,0.0,0.0,0.0,0.0,1.0,0.0,0.0,0.0,0.0,0.0,1.0,0.0,0.0,0.0,0.0,1.0,1
-0.12564354773339964,0.12858473509257767,0.8579905825996883,-0.8534788540354068,-0.3138508236234064,-1.6493395390698085,-1.5849372951868603,0.18351876501910097,-0.7164000555312355,0.0,0.0,0.0,1.0,0.0,0.0,0.0,0.0,0.0,0.0,0.0,0.0,0.0,0.0,0.0,1.0,0.0,0.0,1.0,0.0,0.0,0.0,0.0,0.0,1.0,0.0,0.0,0.0,1.0,0.0,0.0,0.0,0.0,0.0,0.0,1.0,0.0,0.0,0.0,0.0,0.0,1.0,1
2.3456925537975777,-0.2620266950940103,-0.5572516155028905,1.2495491230538915,0.3214747302701286,1.2240742920622618,1.1720601211330919,-0.8474855328410172,0.18956483279696815,0.0,0.0,1.0,0.0,0.0,0.0,0.0,0.0,0.0,0.0,0.0,0.0,1.0,0.0,0.0,0.0,0.0,0.0,1.0,0.0,0.0,0.0,0.0,0.0,1.0,0.0,0.0,0.0,0.0,0.0,0.0,1.0,0.0,0.0,0.0,0.0,1.0,0.0,0.0,0.0,0.0,1.0,1
2.3385517337874138,-0.24696621029893834,0.8579905825996883,1.600053785902108,-0.9491763775169414,-0.6915349286924517,0.23064636921896184,-0.1601493342676051,0.3396961571484991,0.0,0.0,1.0,0.0,0.0,0.0,0.0,0.0,1.0,0.0,0.0,0.0,0.0,0.0,0.0,0.0,0.0,0.0,0.0,0.0,0.0,1.0,0.0,0.0,1.0,0.0,0.0,0.0,1.0,0.0,0.0,0.0,0.0,0.0,0.0,1.0,0.0,0.0,0.0,0.0,0.0,1.0,1
0.24159708557966575,-1.6078310660671788,1.211801132125333,-0.8534788540354068,-1.2668391544637088,0.585537885144024,-0.2736824264493221,1.5581911621659252,0.5268056402073037,0.0,0.0,0.0,0.0,1.0,0.0,0.0,0.0,0.0,0.0,0.0,0.0,0.0,0.0,1.0,0.0,0.0,0.0,0.0,0.0,0.0,1.0,0.0,0.0,1.0,1.0,0.0,0.0,0.0,0.0,0.0,0.0,0.0,0.0,0.0,0.0,0.0,0.0,1.0,0.0,1.0,0.0,1
0.23954608082346057,-1.6198682600038985,-0.5572516155028905,0.5485397973574588,0.639137507216896,-1.3300713356106897,-0.7443893024063871,0.5271868643058071,-0.09812524194562065,0.0,0.0,0.0,0.0,1.0,0.0,0.0,0.0,0.0,0.0,0.0,0.0,0.0,0.0,1.0,0.0,0.0,0.0,0.0,0.0,0.0,0.0,1.0,0.0,1.0,0.0,1.0,0.0,0.0,0.0,0.0,0.0,0.0,0.0,0.0,0.0,0.0,0.0,1.0,0.0,1.0,0.0,1
-1.0710551902210625,0.7067865321534178,0.5041800330740437,-0.152469528338974,-1.5845019314104762,1.2240742920622618,1.1720601211330919,-1.5348217314144295,-0.9064677912866219,0.0,1.0,0.0,0.0,0.0,0.0,0.0,0.0,0.0,0.0,0.0,1.0,0.0,0.0,0.0,0.0,0.0,0.0,0.0,1.0,0.0,0.0,0.0,0.0,1.0,0.0,0.0,1.0,0.0,0.0,0.0,0.0,0.0,0.0,0.0,0.0,0.0,0.0,1.0,0.0,1.0,0.0,1
-1.082027659026658,0.696586013209148,1.5656116816509777,0.1980351345092424,-0.6315136005701739,1.5433424955213808,-0.9461208206737006,1.5581911621659252,2.038472768160649,0.0,1.0,0.0,0.0,0.0,0.0,0.0,0.0,1.0,0.0,0.0,0.0,0.0,0.0,0.0,0.0,0.0,0.0,0.0,0.0,0.0,1.0,0.0,0.0,1.0,0.0,0.0,0.0,0.0,0.0,0.0,1.0,0.0,0.0,0.0,0.0,1.0,0.0,0.0,0.0,0.0,1.0,0
-0.046617769576776456,1.613564294895957,0.8579905825996883,-1.5544881797318397,1.274463061110431,-0.05299852177421386,1.3737916394004053,-0.8474855328410172,0.19917915406085895,0.0,0.0,0.0,0.0,0.0,0.0,0.0,1.0,0.0,0.0,0.0,0.0,0.0,0.0,1.0,0.0,0.0,0.0,1.0,0.0,0.0,0.0,0.0,0.0,1.0,0.0,0.0,0.0,1.0,0.0,0.0,0.0,0.0,0.0,0.0,1.0,0.0,0.0,0.0,0.0,0.0,1.0,1
2.33340806619552,-0.23681571995507383,-0.5572516155028905,-0.8534788540354068,0.9568002841636635,-0.05299852177421386,0.49962172690871326,1.2145230628792192,-0.025648050879364063,0.0,0.0,1.0,0.0,0.0,0.0,0.0,0.0,0.0,0.0,0.0,0.0,1.0,0.0,0.0,0.0,0.0,0.0,1.0,0.0,0.0,0.0,0.0,0.0,1.0,0.0,0.0,0.0,0.0,0.0,0.0,1.0,0.0,0.0,0.0,0.0,1.0,0.0,0.0,0.0,0.0,1.0,1
0.2498022036317915,-1.621437594662918,0.15036948354839894,-1.2039835168836233,0.639137507216896,-1.3300713356106897,-1.1478523389410142,-0.5038174335543112,-0.6890362180878532,0.0,0.0,0.0,0.0,1.0,0.0,0.0,0.0,0.0,0.0,0.0,0.0,0.0,0.0,1.0,0.0,0.0,0.0,1.0,0.0,0.0,0.0,0.0,0.0,1.0,0.0,0.0,0.0,0.0,0.0,0.0,0.0,1.0,0.0,0.0,0.0,0.0,0.0,1.0,0.0,1.0,0.0,1
2.342528673992539,-0.25295901127021175,-0.20344106597724576,1.2495491230538915,-1.2668391544637088,0.585537885144024,-0.1728166673156653,-0.1601493342676051,0.35892479967628177,0.0,0.0,1.0,0.0,0.0,0.0,0.0,0.0,0.0,0.0,0.0,1.0,0.0,0.0,0.0,0.0,0.0,0.0,0.0,1.0,0.0,0.0,0.0,0.0,1.0,1.0,0.0,0.0,0.0,0.0,0.0,0.0,0.0,0.0,0.0,0.0,0.0,0.0,1.0,0.0,1.0,0.0,1
0.11810224481103461,-1.289452492542223,-0.5572516155028905,0.8990444602056752,-1.5845019314104762,1.2240742920622618,0.634109405753589,0.18351876501910097,-0.2660060824766426,0.0,0.0,0.0,0.0,0.0,1.0,0.0,0.0,0.0,0.0,0.0,0.0,0.0,0.0,0.0,1.0,0.0,0.0,0.0,0.0,0.0,1.0,0.0,0.0,1.0,0.0,0.0,0.0,0.0,0.0,0.0,0.0,0.0,0.0,1.0,0.0,1.0,0.0,0.0,0.0,0.0,1.0,1
0.2621546111212848,-1.6069665093163934,0.5041800330740437,-1.2039835168836233,-0.9491763775169414,-1.6493395390698085,-1.6185592148980792,-0.1601493342676051,-1.1971161187257926,0.0,0.0,0.0,0.0,1.0,0.0,0.0,0.0,0.0,0.0,0.0,0.0,0.0,0.0,1.0,0.0,0.0,0.0,1.0,0.0,0.0,0.0,0.0,0.0,1.0,0.0,0.0,0.0,0.0,0.0,1.0,0.0,0.0,0.0,0.0,0.0,1.0,0.0,0.0,0.0,0.0,1.0,1
-0.3319169052936011,0.8213179451018118,0.8579905825996883,0.1980351345092424,1.5921258380571985,0.9048060886031429,0.02891485095164826,1.5581911621659252,2.038472768160649,0.0,0.0,0.0,0.0,0.0,0.0,1.0,0.0,0.0,0.0,0.0,0.0,0.0,1.0,0.0,0.0,0.0,0.0,0.0,0.0,0.0,1.0,0.0,0.0,1.0,1.0,0.0,0.0,0.0,0.0,0.0,0.0,0.0,0.0,0.0,0.0,0.0,0.0,1.0,0.0,1.0,0.0,0
0.23877390423911243,-1.6052499029649197,-0.20344106597724576,-1.5544881797318397,0.003811953323361072,-0.6915349286924517,0.12978061008530503,0.8708549635925131,-0.8118037049960014,0.0,0.0,0.0,0.0,1.0,0.0,0.0,0.0,0.0,0.0,0.0,0.0,0.0,1.0,0.0,0.0,0.0,0.0,1.0,0.0,0.0,0.0,0.0,0.0,1.0,0.0,1.0,0.0,0.0,0.0,0.0,0.0,0.0,0.0,0.0,0.0,0.0,0.0,1.0,0.0,1.0,0.0,1
0.11576988906480208,-1.2790465436575345,-1.6186832640798245,0.5485397973574588,-0.3138508236234064,-0.6915349286924517,-1.248718098074671,0.8708549635925131,-0.7075252974414901,0.0,0.0,0.0,0.0,0.0,1.0,0.0,0.0,0.0,1.0,0.0,0.0,0.0,0.0,0.0,0.0,0.0,0.0,0.0,0.0,0.0,1.0,0.0,0.0,1.0,0.0,0.0,0.0,0.0,0.0,0.0,0.0,0.0,0.0,1.0,0.0,1.0,0.0,0.0,0.0,0.0,1.0,1
-0.058656075062560216,1.6287113917054874,0.15036948354839894,-0.5029741911871904,-0.9491763775169414,1.2240742920622618,-0.8788769812512628,-1.1911536321277234,-0.13140558478216713,0.0,0.0,0.0,0.0,0.0,0.0,0.0,1.0,0.0,0.0,0.0,1.0,0.0,0.0,0.0,0.0,0.0,0.0,0.0,0.0,0.0,0.0,1.0,0.0,1.0,0.0,0.0,0.0,0.0,0.0,0.0,0.0,0.0,0.0,1.0,0.0,1.0,0.0,0.0,0.0,0.0,1.0,1
-1.087997795151756,-0.1313776304881934,-0.9110621650285352,1.600053785902108,-1.5845019314104762,-0.3722667252333328,-1.1478523389410142,-0.8474855328410172,-0.9915175563133511,1.0,0.0,0.0,0.0,0.0,0.0,0.0,0.0,0.0,1.0,0.0,0.0,0.0,0.0,0.0,0.0,0.0,0.0,0.0,1.0,0.0,0.0,0.0,0.0,1.0,0.0,0.0,0.0,1.0,0.0,0.0,0.0,0.0,0.0,0.0,1.0,0.0,0.0,0.0,0.0,0.0,1.0,1
-0.13068720384055726,0.13555966002559416,-0.9110621650285352,-1.5544881797318397,0.003811953323361072,-0.6915349286924517,0.7685970845984647,0.18351876501910097,-2.0084169207633757,0.0,0.0,0.0,1.0,0.0,0.0,0.0,0.0,0.0,0.0,0.0,1.0,0.0,0.0,0.0,0.0,0.0,0.0,1.0,0.0,0.0,0.0,0.0,0.0,1.0,0.0,0.0,0.0,0.0,0.0,0.0,1.0,0.0,0.0,0.0,0.0,1.0,0.0,0.0,0.0,0.0,1.0,1
-0.30993635919773554,0.8114501163502496,1.211801132125333,-1.2039835168836233,-1.2668391544637088,0.585537885144024,0.16340252979652398,0.18351876501910097,-0.24234006090398796,0.0,0.0,0.0,0.0,0.0,0.0,1.0,0.0,0.0,0.0,0.0,0.0,0.0,1.0,0.0,0.0,0.0,0.0,1.0,0.0,0.0,0.0,0.0,0.0,1.0,0.0,0.0,0.0,0.0,1.0,0.0,0.0,0.0,0.0,0.0,0.0,0.0,0.0,1.0,0.0,1.0,0.0,1
-1.101726844243234,-0.13851483569377976,1.211801132125333,-0.152469528338974,0.639137507216896,1.5433424955213808,-1.652181134609298,-1.5348217314144295,1.4897168929447084,1.0,0.0,0.0,0.0,0.0,0.0,0.0,0.0,0.0,0.0,0.0,1.0,0.0,0.0,0.0,0.0,0.0,0.0,1.0,0.0,0.0,0.0,0.0,0.0,1.0,1.0,0.0,0.0,0.0,0.0,0.0,0.0,0.0,0.0,0.0,0.0,0.0,0.0,1.0,0.0,1.0,0.0,0
-0.12596336467909447,0.14026985275393222,0.8579905825996883,-1.2039835168836233,-1.2668391544637088,-0.05299852177421386,0.8358409240209025,-0.8474855328410172,-1.4855457566425267,0.0,0.0,0.0,1.0,0.0,0.0,0.0,0.0,0.0,0.0,1.0,0.0,0.0,0.0,0.0,0.0,0.0,0.0,1.0,0.0,0.0,0.0,0.0,0.0,1.0,0.0,0.0,0.0,0.0,0.0,0.0,1.0,0.0,0.0,0.0,0.0,1.0,0.0,0.0,0.0,0.0,1.0,1
0.12048999153342865,-1.3023498657271948,1.5656116816509777,1.2495491230538915,-0.3138508236234064,0.585537885144024,0.39875596777505645,1.5581911621659252,1.7359914299351507,0.0,0.0,0.0,0.0,0.0,1.0,0.0,0.0,0.0,0.0,0.0,0.0,0.0,1.0,0.0,0.0,0.0,0.0,0.0,1.0,0.0,0.0,0.0,0.0,1.0,0.0,0.0,0.0,0.0,0.0,1.0,0.0,0.0,0.0,0.0,0.0,1.0,0.0,0.0,0.0,0.0,1.0,0
-0.12939167045366662,0.13269270854351078,0.5041800330740437,0.8990444602056752,-0.6315136005701739,0.26626968168490506,-0.30730434616054103,0.8708549635925131,0.5859706941389413,0.0,0.0,0.0,1.0,0.0,0.0,0.0,0.0,1.0,0.0,0.0,0.0,0.0,0.0,0.0,0.0,0.0,1.0,0.0,0.0,0.0,0.0,0.0,0.0,1.0,1.0,0.0,0.0,0.0,0.0,0.0,0.0,0.0,0.0,0.0,0.0,0.0,0.0,1.0,0.0,1.0,0.0,1
0.11941668146756762,-1.309018052803966,0.15036948354839894,-0.152469528338974,0.003811953323361072,-1.0108031321515707,1.1720601211330919,0.8708549635925131,0.6199906001496326,0.0,0.0,0.0,0.0,0.0,1.0,0.0,0.0,0.0,0.0,0.0,0.0,0.0,1.0,0.0,0.0,0.0,0.0,0.0,1.0,0.0,0.0,0.0,0.0,1.0,0.0,0.0,0.0,0.0,0.0,1.0,0.0,0.0,0.0,0.0,0.0,1.0,0.0,0.0,0.0,0.0,1.0,1
-0.122479887733822,0.13334777053009125,-1.2648727145541798,0.1980351345092424,-0.9491763775169414,0.9048060886031429,-1.5176934557644224,1.5581911621659252,0.8352034838259659,0.0,0.0,0.0,1.0,0.0,0.0,0.0,0.0,0.0,0.0,0.0,0.0,0.0,1.0,0.0,0.0,0.0,0.0,1.0,0.0,0.0,0.0,0.0,0.0,1.0,0.0,0.0,0.0,0.0,0.0,0.0,0.0,1.0,0.0,0.0,0.0,0.0,0.0,1.0,0.0,1.0,0.0,1
-0.13776450007250368,0.14092491474051272,0.15036948354839894,0.5485397973574588,-1.5845019314104762,-0.3722667252333328,0.8022190043096836,-0.1601493342676051,-0.35993060559311835,0.0,0.0,0.0,1.0,0.0,0.0,0.0,0.0,0.0,0.0,0.0,0.0,0.0,1.0,0.0,0.0,0.0,0.0,0.0,0.0,0.0,0.0,1.0,0.0,1.0,0.0,0.0,0.0,0.0,0.0,1.0,0.0,0.0,0.0,0.0,0.0,1.0,0.0,0.0,0.0,0.0,1.0,1
-1.0981457736732956,-0.14214597404708174,0.8579905825996883,-0.5029741911871904,-1.2668391544637088,-0.05299852177421386,0.634109405753589,0.18351876501910097,-0.2896721040492983,1.0,0.0,0.0,0.0,0.0,0.0,0.0,0.0,0.0,0.0,0.0,0.0,1.0,0.0,0.0,0.0,0.0,0.0,0.0,0.0,0.0,0.0,1.0,0.0,1.0,0.0,0.0,0.0,1.0,0.0,0.0,0.0,0.0,0.0,0.0,1.0,0.0,0.0,0.0,0.0,0.0,1.0,1
2.337713615564778,-0.2820709665258949,1.5656116816509777,-0.152469528338974,-1.5845019314104762,-1.0108031321515707,-0.6099016235615113,-0.1601493342676051,-0.2778390932629699,0.0,0.0,1.0,0.0,0.0,0.0,0.0,0.0,0.0,0.0,0.0,1.0,0.0,0.0,0.0,0.0,0.0,0.0,1.0,0.0,0.0,0.0,0.0,0.0,1.0,0.0,1.0,0.0,0.0,0.0,0.0,0.0,0.0,0.0,0.0,0.0,0.0,0.0,1.0,0.0,1.0,0.0,1
-0.31028936676803487,0.8129250220260033,-1.2648727145541798,-0.8534788540354068,1.5921258380571985,-1.6493395390698085,-1.3832057769195467,1.2145230628792192,0.3256444568397353,0.0,0.0,0.0,0.0,0.0,0.0,1.0,0.0,0.0,0.0,0.0,0.0,0.0,1.0,0.0,0.0,0.0,0.0,1.0,0.0,0.0,0.0,0.0,0.0,1.0,1.0,0.0,0.0,0.0,0.0,0.0,0.0,0.0,0.0,0.0,0.0,0.0,0.0,1.0,0.0,1.0,0.0,1
0.1291525247498095,-1.3121276429980204,0.15036948354839894,-0.152469528338974,0.003811953323361072,1.2240742920622618,0.8022190043096836,-1.1911536321277234,0.07271385128198364,0.0,0.0,0.0,0.0,0.0,1.0,0.0,0.0,0.0,0.0,0.0,0.0,1.0,0.0,0.0,0.0,0.0,0.0,1.0,0.0,0.0,0.0,0.0,0.0,1.0,0.0,0.0,0.0,0.0,0.0,0.0,1.0,0.0,0.0,0.0,0.0,1.0,0.0,0.0,0.0,0.0,1.0,1
-0.06224220115810049,1.6414124026338546,-0.20344106597724576,0.8990444602056752,1.5921258380571985,0.26626968168490506,0.3315121283526186,1.5581911621659252,0.7723406140236,0.0,0.0,0.0,0.0,0.0,0.0,0.0,1.0,0.0,0.0,0.0,0.0,0.0,0.0,0.0,1.0,0.0,0.0,1.0,0.0,0.0,0.0,0.0,0.0,1.0,1.0,0.0,0.0,0.0,0.0,0.0,0.0,0.0,0.0,0.0,0.0,0.0,0.0,1.0,0.0,1.0,0.0,0
-0.1370490332970834,0.15277543946195912,0.5041800330740437,-1.2039835168836233,-0.3138508236234064,1.5433424955213808,1.1384382014218728,1.5581911621659252,0.24651119720616924,0.0,0.0,0.0,1.0,0.0,0.0,0.0,0.0,0.0,1.0,0.0,0.0,0.0,0.0,0.0,0.0,0.0,0.0,0.0,0.0,0.0,1.0,0.0,0.0,1.0,0.0,0.0,0.0,0.0,0.0,0.0,0.0,1.0,0.0,0.0,0.0,0.0,0.0,1.0,0.0,1.0,0.0,1
-0.07041083150370711,1.6320776911553816,0.5041800330740437,1.600053785902108,-1.5845019314104762,-1.6493395390698085,-0.8788769812512628,-0.1601493342676051,-0.471604644889084,0.0,0.0,0.0,0.0,0.0,0.0,0.0,1.0,1.0,0.0,0.0,0.0,0.0,0.0,0.0,0.0,0.0,1.0,0.0,0.0,0.0,0.0,0.0,0.0,1.0,0.0,0.0,0.0,0.0,0.0,0.0,1.0,0.0,0.0,0.0,0.0,1.0,0.0,0.0,0.0,0.0,1.0,1
-1.0876553382435827,0.6869473779832046,-1.2648727145541798,-1.5544881797318397,0.639137507216896,0.26626968168490506,-1.0133646600961386,-0.8474855328410172,-0.9530602712577869,0.0,1.0,0.0,0.0,0.0,0.0,0.0,0.0,0.0,1.0,0.0,0.0,0.0,0.0,0.0,0.0,0.0,0.0,0.0,0.0,0.0,1.0,0.0,0.0,1.0,0.0,0.0,0.0,0.0,0.0,0.0,0.0,1.0,0.0,0.0,0.0,0.0,0.0,1.0,0.0,1.0,0.0,1
0.09921897746553683,-1.2996242450412603,0.5041800330740437,-1.5544881797318397,0.3214747302701286,-1.6493395390698085,0.1970244495077429,-1.1911536321277234,-1.1741896603272828,0.0,0.0,0.0,0.0,0.0,1.0,0.0,0.0,0.0,0.0,0.0,0.0,0.0,0.0,0.0,1.0,0.0,0.0,1.0,0.0,0.0,0.0,0.0,0.0,1.0,0.0,0.0,0.0,0.0,1.0,0.0,0.0,0.0,0.0,0.0,0.0,0.0,0.0,1.0,0.0,1.0,0.0,1
2.326297579338968,-0.261542668385071,-0.20344106597724576,-1.2039835168836233,0.3214747302701286,-1.6493395390698085,-0.37454818558297887,-0.8474855328410172,-1.263676804398885,0.0,0.0,1.0,0.0,0.0,0.0,0.0,0.0,0.0,0.0,0.0,0.0,0.0,1.0,0.0,0.0,0.0,0.0,0.0,1.0,0.0,0.0,0.0,0.0,1.0,0.0,0.0,1.0,0.0,0.0,0.0,0.0,0.0,0.0,0.0,0.0,0.0,0.0,1.0,0.0,1.0,0.0,1
0.10919638694937228,-1.307952443615291,0.5041800330740437,-1.2039835168836233,-0.6315136005701739,0.26626968168490506,0.7685970845984647,0.5271868643058071,-0.9515811449094957,0.0,0.0,0.0,0.0,0.0,1.0,0.0,0.0,0.0,0.0,0.0,0.0,0.0,0.0,0.0,1.0,0.0,0.0,1.0,0.0,0.0,0.0,0.0,0.0,1.0,0.0,0.0,0.0,0.0,0.0,1.0,0.0,0.0,0.0,0.0,0.0,1.0,0.0,0.0,0.0,0.0,1.0,1
-1.0813447234594595,0.7102541395191385,-0.5572516155028905,0.1980351345092424,-0.9491763775169414,-1.3300713356106897,0.43237788748627537,-1.1911536321277234,-1.5158678467824913,0.0,1.0,0.0,0.0,0.0,0.0,0.0,0.0,0.0,1.0,0.0,0.0,0.0,0.0,0.0,0.0,0.0,0.0,1.0,0.0,0.0,0.0,0.0,0.0,1.0,0.0,0.0,0.0,0.0,0.0,0.0,0.0,1.0,0.0,0.0,0.0,0.0,0.0,1.0,0.0,1.0,0.0,1
0.11794948001566827,-1.3167959367735167,-0.9110621650285352,-0.5029741911871904,-1.2668391544637088,-1.0108031321515707,-0.6771454629839493,-0.5038174335543112,-2.211057230479235,0.0,0.0,0.0,0.0,0.0,1.0,0.0,0.0,0.0,1.0,0.0,0.0,0.0,0.0,0.0,0.0,0.0,0.0,1.0,0.0,0.0,0.0,0.0,0.0,1.0,0.0,0.0,0.0,0.0,1.0,0.0,0.0,0.0,0.0,0.0,0.0,0.0,0.0,1.0,0.0,1.0,0.0,1
-0.12615173795913603,0.1287266912462345,0.8579905825996883,0.8990444602056752,1.274463061110431,1.2240742920622618,0.16340252979652398,1.5581911621659252,2.038472768160649,0.0,0.0,0.0,1.0,0.0,0.0,0.0,0.0,0.0,0.0,0.0,0.0,1.0,0.0,0.0,0.0,0.0,0.0,0.0,0.0,1.0,0.0,0.0,0.0,1.0,0.0,1.0,0.0,0.0,0.0,0.0,0.0,0.0,0.0,0.0,0.0,0.0,0.0,1.0,0.0,1.0,0.0,0
0.1157940676655074,-1.3060266551783686,0.8579905825996883,-1.2039835168836233,0.639137507216896,0.585537885144024,0.9367066831545593,-0.1601493342676051,0.3345192149294803,0.0,0.0,0.0,0.0,0.0,1.0,0.0,0.0,0.0,0.0,0.0,0.0,1.0,0.0,0.0,0.0,0.0,0.0,1.0,0.0,0.0,0.0,0.0,0.0,1.0,0.0,0.0,0.0,0.0,1.0,0.0,0.0,0.0,0.0,0.0,0.0,0.0,0.0,1.0,0.0,1.0,0.0,1
-0.1347109626088663,0.1558984748423789,0.8579905825996883,0.8990444602056752,-1.5845019314104762,-1.6493395390698085,-0.1728166673156653,-0.1601493342676051,-0.6209964060664691,0.0,0.0,0.0,1.0,0.0,0.0,0.0,0.0,0.0,0.0,0.0,0.0,0.0,0.0,1.0,0.0,0.0,0.0,0.0,0.0,0.0,0.0,1.0,0.0,1.0,0.0,0.0,0.0,0.0,0.0,1.0,0.0,0.0,0.0,0.0,0.0,1.0,0.0,0.0,0.0,0.0,1.0,1
2.3486564106331445,-0.2770437175424815,1.5656116816509777,1.2495491230538915,-1.5845019314104762,0.585537885144024,0.7013532451760268,-0.5038174335543112,0.8011835778152735,0.0,0.0,1.0,0.0,0.0,0.0,0.0,0.0,0.0,0.0,1.0,0.0,0.0,0.0,0.0,0.0,0.0,0.0,1.0,0.0,0.0,0.0,0.0,0.0,1.0,0.0,0.0,0.0,0.0,1.0,0.0,0.0,0.0,0.0,0.0,0.0,0.0,0.0,1.0,0.0,1.0,0.0,1
-0.3243263633103158,0.7980293189335196,0.8579905825996883,-1.2039835168836233,0.003811953323361072,-1.3300713356106897,0.39875596777505645,-0.8474855328410172,-0.9582372134768052,0.0,0.0,0.0,0.0,0.0,0.0,1.0,0.0,0.0,0.0,0.0,1.0,0.0,0.0,0.0,0.0,0.0,0.0,0.0,0.0,0.0,1.0,0.0,0.0,1.0,0.0,0.0,0.0,0.0,0.0,0.0,0.0,0.0,0.0,1.0,0.0,1.0,0.0,0.0,0.0,0.0,1.0,1
0.23591093811012612,-1.60851458182024,0.15036948354839894,0.1980351345092424,-0.3138508236234064,0.26626968168490506,-0.004707068759570669,0.18351876501910097,-0.01899198231205456,0.0,0.0,0.0,0.0,1.0,0.0,0.0,0.0,0.0,0.0,0.0,0.0,1.0,0.0,0.0,0.0,0.0,0.0,0.0,1.0,0.0,0.0,0.0,1.0,0.0,0.0,0.0,0.0,0.0,0.0,0.0,0.0,0.0,1.0,0.0,0.0,0.0,1.0,0.0,1.0,0.0,0.0,1
0.12285905479164075,-1.3082172825186988,0.15036948354839894,-1.2039835168836233,0.9568002841636635,1.5433424955213808,-0.10557282789322746,-0.1601493342676051,0.9135971802853861,0.0,0.0,0.0,0.0,0.0,1.0,0.0,0.0,0.0,0.0,0.0,0.0,0.0,0.0,0.0,1.0,0.0,0.0,0.0,0.0,1.0,0.0,0.0,0.0,1.0,0.0,0.0,0.0,0.0,1.0,0.0,0.0,0.0,0.0,0.0,0.0,0.0,0.0,1.0,0.0,1.0,0.0,1
0.11395495537366633,-1.3138373704169377,1.5656116816509777,-0.8534788540354068,0.003811953323361072,-0.3722667252333328,1.0375724422882162,0.5271868643058071,0.168117500746749,0.0,0.0,0.0,0.0,0.0,1.0,0.0,0.0,0.0,0.0,0.0,0.0,0.0,0.0,0.0,1.0,0.0,0.0,0.0,0.0,0.0,1.0,0.0,0.0,1.0,0.0,0.0,0.0,0.0,1.0,0.0,0.0,0.0,0.0,0.0,0.0,0.0,0.0,1.0,0.0,1.0,0.0,1
-0.13175194149344072,0.15270852620891462,1.211801132125333,0.5485397973574588,1.5921258380571985,-0.05299852177421386,-1.2150961783634522,1.2145230628792192,2.038472768160649,0.0,0.0,0.0,1.0,0.0,0.0,0.0,0.0,0.0,0.0,0.0,0.0,0.0,0.0,1.0,0.0,0.0,0.0,0.0,0.0,0.0,0.0,1.0,0.0,1.0,1.0,0.0,0.0,0.0,0.0,0.0,0.0,0.0,0.0,0.0,0.0,0.0,0.0,1.0,0.0,1.0,0.0,0
-0.06126230841314686,1.6253113229503147,-0.20344106597724576,-0.8534788540354068,-0.6315136005701739,-0.05299852177421386,1.5419012379565,0.8708549635925131,-0.6025073267128324,0.0,0.0,0.0,0.0,0.0,0.0,0.0,1.0,0.0,1.0,0.0,0.0,0.0,0.0,0.0,0.0,1.0,0.0,0.0,0.0,0.0,0.0,0.0,0.0,1.0,0.0,0.0,0.0,0.0,0.0,0.0,0.0,0.0,0.0,1.0,0.0,1.0,0.0,0.0,0.0,0.0,1.0,1
-0.3229418087117375,0.8287756460287561,-0.20344106597724576,-1.2039835168836233,0.9568002841636635,0.9048060886031429,1.4074135591116244,1.2145230628792192,0.03647525574885587,0.0,0.0,0.0,0.0,0.0,0.0,1.0,0.0,0.0,0.0,0.0,0.0,0.0,0.0,0.0,1.0,0.0,0.0,0.0,0.0,1.0,0.0,0.0,0.0,1.0,0.0,1.0,0.0,0.0,0.0,0.0,0.0,0.0,0.0,0.0,0.0,0.0,0.0,1.0,0.0,1.0,0.0,1
-0.3391469663209146,0.8507910443166877,-0.9110621650285352,-0.8534788540354068,-0.9491763775169414,1.2240742920622618,-1.0469865798073574,0.8708549635925131,0.24355294450958792,0.0,0.0,0.0,0.0,0.0,0.0,1.0,0.0,0.0,0.0,0.0,0.0,0.0,1.0,0.0,0.0,0.0,0.0,1.0,0.0,0.0,0.0,0.0,0.0,1.0,1.0,0.0,0.0,0.0,0.0,0.0,0.0,0.0,0.0,0.0,0.0,0.0,0.0,1.0,0.0,1.0,0.0,1
-1.0989520201040917,-0.14044062413070224,1.5656116816509777,-0.152469528338974,0.639137507216896,-0.6915349286924517,0.5332436466199322,-0.5038174335543112,0.507576997679521,1.0,0.0,0.0,0.0,0.0,0.0,0.0,0.0,0.0,0.0,1.0,0.0,0.0,0.0,0.0,0.0,0.0,0.0,0.0,0.0,1.0,0.0,0.0,0.0,1.0,0.0,0.0,1.0,0.0,0.0,0.0,0.0,0.0,0.0,0.0,0.0,0.0,0.0,1.0,0.0,1.0,0.0,1
-1.10558706774859,-0.13382621779937057,1.5656116816509777,0.8990444602056752,0.639137507216896,-0.3722667252333328,1.5755231576677189,0.5271868643058071,0.4624636440566473,1.0,0.0,0.0,0.0,0.0,0.0,0.0,0.0,0.0,1.0,0.0,0.0,0.0,0.0,0.0,0.0,0.0,0.0,1.0,0.0,0.0,0.0,0.0,0.0,1.0,0.0,0.0,0.0,0.0,0.0,0.0,0.0,1.0,0.0,0.0,0.0,0.0,0.0,1.0,0.0,1.0,0.0,1
-0.3144839143795087,0.8161621851510981,1.5656116816509777,-0.8534788540354068,-0.3138508236234064,-1.6493395390698085,1.0039505225769971,0.8708549635925131,-0.6306107273303609,0.0,0.0,0.0,0.0,0.0,0.0,1.0,0.0,1.0,0.0,0.0,0.0,0.0,0.0,0.0,0.0,0.0,0.0,0.0,0.0,1.0,0.0,0.0,0.0,1.0,0.0,0.0,0.0,0.0,0.0,0.0,0.0,1.0,0.0,0.0,0.0,0.0,0.0,1.0,0.0,1.0,0.0,1
-0.12447989762308465,0.1509203164231111,-1.2648727145541798,-0.8534788540354068,-0.3138508236234064,0.585537885144024,0.43237788748627537,-0.8474855328410172,-1.7510489361607515,0.0,0.0,0.0,1.0,0.0,0.0,0.0,0.0,0.0,0.0,0.0,0.0,0.0,0.0,1.0,0.0,1.0,0.0,0.0,0.0,0.0,0.0,0.0,0.0,1.0,0.0,0.0,0.0,0.0,0.0,1.0,0.0,0.0,0.0,0.0,0.0,1.0,0.0,0.0,0.0,0.0,1.0,1
-1.1097101785852526,-0.17132578059206913,0.15036948354839894,-1.5544881797318397,0.3214747302701286,-1.6493395390698085,-0.07195090818200853,1.2145230628792192,-0.49379154011344795,1.0,0.0,0.0,0.0,0.0,0.0,0.0,0.0,0.0,0.0,1.0,0.0,0.0,0.0,0.0,0.0,0.0,0.0,1.0,0.0,0.0,0.0,0.0,0.0,1.0,0.0,0.0,0.0,0.0,0.0,0.0,0.0,0.0,0.0,1.0,0.0,1.0,0.0,0.0,0.0,0.0,1.0,1
-0.12653266082297773,0.13508970386051944,-0.5572516155028905,-1.5544881797318397,0.003811953323361072,-1.3300713356106897,1.3065477999779675,0.18351876501910097,-1.6608222289150039,0.0,0.0,0.0,1.0,0.0,0.0,0.0,0.0,0.0,1.0,0.0,0.0,0.0,0.0,0.0,0.0,0.0,0.0,1.0,0.0,0.0,0.0,0.0,0.0,1.0,0.0,0.0,0.0,0.0,0.0,0.0,1.0,0.0,0.0,0.0,0.0,1.0,0.0,0.0,0.0,0.0,1.0,1
0.24206768907157783,-1.6167436612297157,0.8579905825996883,0.8990444602056752,1.274463061110431,-1.6493395390698085,-1.4168276966307656,-1.5348217314144295,0.9357840755097501,0.0,0.0,0.0,0.0,1.0,0.0,0.0,0.0,0.0,0.0,0.0,0.0,1.0,0.0,0.0,0.0,0.0,0.0,0.0,1.0,0.0,0.0,0.0,0.0,1.0,0.0,0.0,0.0,0.0,0.0,0.0,0.0,0.0,0.0,1.0,0.0,1.0,0.0,0.0,0.0,0.0,1.0,0
2.3451678781622696,-0.26035323841038976,-0.20344106597724576,-0.5029741911871904,-0.3138508236234064,-1.3300713356106897,-1.5513153754756415,-0.5038174335543112,-0.2830160354819887,0.0,0.0,1.0,0.0,0.0,0.0,0.0,0.0,0.0,0.0,0.0,0.0,0.0,0.0,0.0,1.0,0.0,0.0,1.0,0.0,0.0,0.0,0.0,0.0,1.0,0.0,0.0,0.0,0.0,1.0,0.0,0.0,0.0,0.0,0.0,0.0,0.0,0.0,1.0,0.0,1.0,0.0,1
-0.13198339664382994,0.14739861563319898,1.5656116816509777,1.2495491230538915,-1.5845019314104762,1.5433424955213808,0.43237788748627537,1.5581911621659252,1.7189814769298055,0.0,0.0,0.0,1.0,0.0,0.0,0.0,0.0,0.0,0.0,1.0,0.0,0.0,0.0,0.0,0.0,0.0,0.0,1.0,0.0,0.0,0.0,0.0,0.0,1.0,0.0,0.0,0.0,0.0,0.0,0.0,1.0,0.0,0.0,0.0,0.0,1.0,0.0,0.0,0.0,0.0,1.0,0
-0.06712364083507023,1.6185759099417472,-0.5572516155028905,1.600053785902108,0.3214747302701286,-1.0108031321515707,1.104816281710654,-1.1911536321277234,-0.853219242748148,0.0,0.0,0.0,0.0,0.0,0.0,0.0,1.0,0.0,1.0,0.0,0.0,0.0,0.0,0.0,0.0,0.0,0.0,1.0,0.0,0.0,0.0,0.0,0.0,1.0,0.0,1.0,0.0,0.0,0.0,0.0,0.0,0.0,0.0,0.0,0.0,0.0,0.0,1.0,0.0,1.0,0.0,1
-0.0545562636047594,1.6071765806602212,0.8579905825996883,-1.5544881797318397,1.5921258380571985,0.26626968168490506,-0.1728166673156653,-0.1601493342676051,1.465311308197908,0.0,0.0,0.0,0.0,0.0,0.0,0.0,1.0,0.0,0.0,0.0,0.0,0.0,1.0,0.0,0.0,0.0,0.0,0.0,1.0,0.0,0.0,0.0,0.0,1.0,0.0,1.0,0.0,0.0,0.0,0.0,0.0,0.0,0.0,0.0,0.0,0.0,0.0,1.0,0.0,1.0,0.0,1
0.12033019296331143,-1.3180106937271523,-1.2648727145541798,1.600053785902108,0.003811953323361072,-1.0108031321515707,-1.5849372951868603,0.18351876501910097,0.27387503464955204,0.0,0.0,0.0,0.0,0.0,1.0,0.0,0.0,1.0,0.0,0.0,0.0,0.0,0.0,0.0,0.0,0.0,0.0,0.0,1.0,0.0,0.0,0.0,0.0,1.0,0.0,1.0,0.0,0.0,0.0,0.0,0.0,0.0,0.0,0.0,0.0,0.0,0.0,1.0,0.0,1.0,0.0,1
-0.31719147804759756,0.8212510318487672,0.8579905825996883,-0.8534788540354068,-0.9491763775169414,-1.3300713356106897,1.3065477999779675,0.8708549635925131,-0.9471437658646227,0.0,0.0,0.0,0.0,0.0,0.0,1.0,0.0,0.0,0.0,1.0,0.0,0.0,0.0,0.0,0.0,0.0,0.0,1.0,0.0,0.0,0.0,0.0,0.0,1.0,0.0,0.0,0.0,1.0,0.0,0.0,0.0,0.0,0.0,0.0,1.0,0.0,0.0,0.0,0.0,0.0,1.0,1
-1.1091738532605133,-0.1543410707538335,0.15036948354839894,-0.152469528338974,0.9568002841636635,0.26626968168490506,0.5668655663311511,0.8708549635925131,0.6015015207959957,1.0,0.0,0.0,0.0,0.0,0.0,0.0,0.0,0.0,0.0,0.0,1.0,0.0,0.0,0.0,0.0,0.0,1.0,0.0,0.0,0.0,0.0,0.0,1.0,0.0,0.0,0.0,0.0,0.0,0.0,0.0,0.0,0.0,1.0,0.0,0.0,0.0,1.0,0.0,1.0,0.0,0.0,1
-1.0868592028639905,-0.13805238381876492,0.15036948354839894,-1.5544881797318397,1.5921258380571985,-0.05299852177421386,-0.6099016235615113,-1.1911536321277234,0.3877677634679553,1.0,0.0,0.0,0.0,0.0,0.0,0.0,0.0,0.0,0.0,0.0,0.0,0.0,0.0,1.0,0.0,0.0,0.0,0.0,0.0,1.0,0.0,0.0,0.0,1.0,1.0,0.0,0.0,0.0,0.0,0.0,0.0,0.0,0.0,0.0,0.0,0.0,0.0,1.0,0.0,1.0,0.0,1
0.25429876394662293,-1.6242642105859226,0.15036948354839894,-0.8534788540354068,0.639137507216896,0.585537885144024,-0.1728166673156653,1.2145230628792192,0.34635222571580865,0.0,0.0,0.0,0.0,1.0,0.0,0.0,0.0,0.0,0.0,0.0,0.0,0.0,1.0,0.0,0.0,0.0,1.0,0.0,0.0,0.0,0.0,0.0,0.0,1.0,0.0,0.0,0.0,0.0,0.0,1.0,0.0,0.0,0.0,0.0,0.0,1.0,0.0,0.0,0.0,0.0,1.0,1
-0.12813042671868563,0.16280554848609122,1.5656116816509777,-0.8534788540354068,0.9568002841636635,-0.3722667252333328,-0.37454818558297887,-1.1911536321277234,0.8041418305118558,0.0,0.0,0.0,1.0,0.0,0.0,0.0,0.0,0.0,0.0,0.0,0.0,0.0,1.0,0.0,0.0,0.0,0.0,0.0,0.0,0.0,1.0,0.0,0.0,1.0,0.0,1.0,0.0,0.0,0.0,0.0,0.0,0.0,0.0,0.0,0.0,0.0,0.0,1.0,0.0,1.0,0.0,1
-1.0861756078804088,0.6955604269008043,1.5656116816509777,0.5485397973574588,-0.9491763775169414,0.585537885144024,-0.2736824264493221,0.8708549635925131,0.944658833599495,0.0,1.0,0.0,0.0,0.0,0.0,0.0,0.0,0.0,0.0,1.0,0.0,0.0,0.0,0.0,0.0,0.0,0.0,0.0,0.0,0.0,0.0,1.0,0.0,1.0,0.0,1.0,0.0,0.0,0.0,0.0,0.0,0.0,0.0,0.0,0.0,0.0,0.0,1.0,0.0,1.0,0.0,0
2.3335291790045085,-0.2541890894827234,-1.6186832640798245,-1.2039835168836233,1.5921258380571985,1.5433424955213808,-0.038328988470789596,0.18351876501910097,0.1059941941185301,0.0,0.0,1.0,0.0,0.0,0.0,0.0,0.0,0.0,0.0,0.0,0.0,0.0,0.0,1.0,0.0,1.0,0.0,0.0,0.0,0.0,0.0,0.0,0.0,1.0,0.0,0.0,0.0,0.0,0.0,0.0,1.0,0.0,0.0,0.0,0.0,1.0,0.0,0.0,0.0,0.0,1.0,1
-0.3159286956743898,0.8115048351319445,-1.6186832640798245,-0.8534788540354068,-1.2668391544637088,-0.6915349286924517,1.5755231576677189,0.18351876501910097,-2.6119004708660816,0.0,0.0,0.0,0.0,0.0,0.0,1.0,0.0,0.0,0.0,1.0,0.0,0.0,0.0,0.0,0.0,1.0,0.0,0.0,0.0,0.0,0.0,0.0,0.0,1.0,1.0,0.0,0.0,0.0,0.0,0.0,0.0,0.0,0.0,0.0,0.0,0.0,0.0,1.0,0.0,1.0,0.0,2
-0.053049277364426245,1.6357288409488493,0.8579905825996883,0.1980351345092424,0.003811953323361072,0.585537885144024,1.5082793182452812,-1.1911536321277234,-0.220153165679624,0.0,0.0,0.0,0.0,0.0,0.0,0.0,1.0,0.0,0.0,0.0,0.0,1.0,0.0,0.0,0.0,0.0,0.0,0.0,0.0,0.0,0.0,1.0,0.0,1.0,0.0,0.0,0.0,0.0,0.0,0.0,1.0,0.0,0.0,0.0,0.0,1.0,0.0,0.0,0.0,0.0,1.0,1
2.3538268944912746,-0.27596841531247984,-0.20344106597724576,-0.5029741911871904,-1.2668391544637088,-1.6493395390698085,1.4074135591116244,-0.8474855328410172,-1.4648379877664535,0.0,0.0,1.0,0.0,0.0,0.0,0.0,0.0,0.0,1.0,0.0,0.0,0.0,0.0,0.0,0.0,0.0,0.0,1.0,0.0,0.0,0.0,0.0,0.0,1.0,0.0,0.0,0.0,0.0,0.0,0.0,0.0,1.0,0.0,0.0,0.0,0.0,0.0,1.0,0.0,1.0,0.0,1
-0.13278876385278257,0.11216003290015336,-0.20344106597724576,0.8990444602056752,-0.6315136005701739,1.2240742920622618,-0.5426577841390735,0.8708549635925131,0.7797362457650554,0.0,0.0,0.0,1.0,0.0,0.0,0.0,0.0,0.0,0.0,0.0,0.0,0.0,0.0,1.0,0.0,0.0,0.0,1.0,0.0,0.0,0.0,0.0,0.0,1.0,0.0,0.0,0.0,0.0,0.0,1.0,0.0,0.0,0.0,0.0,0.0,1.0,0.0,0.0,0.0,0.0,1.0,0
-0.13343037599332136,0.13976769067734227,-0.9110621650285352,0.8990444602056752,-1.2668391544637088,1.5433424955213808,-0.4081701052941978,0.18351876501910097,0.1089524468151114,0.0,0.0,0.0,1.0,0.0,0.0,0.0,0.0,0.0,0.0,1.0,0.0,0.0,0.0,0.0,0.0,0.0,0.0,0.0,0.0,0.0,0.0,1.0,0.0,1.0,0.0,0.0,0.0,0.0,0.0,0.0,0.0,1.0,0.0,0.0,0.0,0.0,0.0,1.0,0.0,1.0,0.0,1
-1.084058661485916,0.7057706388864008,-0.9110621650285352,0.1980351345092424,0.9568002841636635,-0.6915349286924517,-1.248718098074671,-0.5038174335543112,0.24133425498715141,0.0,1.0,0.0,0.0,0.0,0.0,0.0,0.0,0.0,0.0,0.0,0.0,1.0,0.0,0.0,0.0,0.0,0.0,0.0,1.0,0.0,0.0,0.0,0.0,1.0,0.0,0.0,0.0,0.0,0.0,0.0,0.0,0.0,0.0,1.0,0.0,1.0,0.0,0.0,0.0,0.0,1.0,1
-0.06781119231694897,1.6357591707878452,1.211801132125333,1.600053785902108,0.003811953323361072,0.585537885144024,0.60048748604237,-0.8474855328410172,1.6265360801616215,0.0,0.0,0.0,0.0,0.0,0.0,0.0,1.0,0.0,1.0,0.0,0.0,0.0,0.0,0.0,0.0,0.0,0.0,1.0,0.0,0.0,0.0,0.0,0.0,1.0,0.0,0.0,0.0,0.0,0.0,1.0,0.0,0.0,0.0,0.0,0.0,1.0,0.0,0.0,0.0,0.0,1.0,0
2.3625470167384264,-0.2522101456578692,1.211801132125333,0.5485397973574588,0.3214747302701286,1.2240742920622618,-1.4504496163419847,-0.8474855328410172,1.7071484661434773,0.0,0.0,1.0,0.0,0.0,0.0,0.0,0.0,0.0,0.0,1.0,0.0,0.0,0.0,0.0,0.0,0.0,0.0,1.0,0.0,0.0,0.0,0.0,0.0,1.0,0.0,0.0,0.0,0.0,0.0,1.0,0.0,0.0,0.0,0.0,0.0,1.0,0.0,0.0,0.0,0.0,1.0,0
0.11572021303062512,-1.3190825564908757,1.211801132125333,1.600053785902108,-0.9491763775169414,-1.0108031321515707,0.09615869037408611,1.2145230628792192,0.7176129391368354,0.0,0.0,0.0,0.0,0.0,1.0,0.0,0.0,0.0,0.0,0.0,0.0,1.0,0.0,0.0,0.0,0.0,0.0,0.0,0.0,0.0,0.0,1.0,0.0,1.0,0.0,0.0,0.0,0.0,0.0,1.0,0.0,0.0,0.0,0.0,0.0,1.0,0.0,0.0,0.0,0.0,1.0,0
-1.0781986478967578,0.7060905092502552,-0.9110621650285352,0.1980351345092424,-0.6315136005701739,-0.05299852177421386,0.46599980719749434,-0.1601493342676051,-0.599549074016251,0.0,1.0,0.0,0.0,0.0,0.0,0.0,0.0,0.0,0.0,0.0,0.0,1.0,0.0,0.0,0.0,0.0,0.0,1.0,0.0,0.0,0.0,0.0,0.0,1.0,0.0,0.0,0.0,1.0,0.0,0.0,0.0,0.0,0.0,0.0,1.0,0.0,0.0,0.0,0.0,0.0,1.0,1
-1.0713690724193117,0.6990233440852354,-0.20344106597724576,1.600053785902108,0.9568002841636635,-1.3300713356106897,0.39875596777505645,-0.8474855328410172,-0.01825241913790976,0.0,1.0,0.0,0.0,0.0,0.0,0.0,0.0,0.0,0.0,0.0,0.0,1.0,0.0,0.0,0.0,0.0,0.0,1.0,0.0,0.0,0.0,0.0,0.0,1.0,0.0,0.0,0.0,0.0,1.0,0.0,0.0,0.0,0.0,0.0,0.0,0.0,0.0,1.0,0.0,1.0,0.0,1
0.10950697206570675,-1.293779653798692,-1.6186832640798245,-1.2039835168836233,-1.5845019314104762,1.5433424955213808,1.5419012379565,1.5581911621659252,-1.4663171141147446,0.0,0.0,0.0,0.0,0.0,1.0,0.0,0.0,0.0,0.0,0.0,1.0,0.0,0.0,0.0,0.0,0.0,1.0,0.0,0.0,0.0,0.0,0.0,0.0,1.0,0.0,0.0,0.0,0.0,0.0,0.0,0.0,0.0,0.0,1.0,0.0,1.0,0.0,0.0,0.0,0.0,1.0,1
2.334499839920102,-0.277534935862729,0.8579905825996883,1.2495491230538915,-0.3138508236234064,1.5433424955213808,-0.4754139447166357,0.8708549635925131,1.2079433235952832,0.0,0.0,1.0,0.0,0.0,0.0,0.0,0.0,0.0,0.0,0.0,1.0,0.0,0.0,0.0,0.0,0.0,0.0,1.0,0.0,0.0,0.0,0.0,0.0,1.0,1.0,0.0,0.0,0.0,0.0,0.0,0.0,0.0,0.0,0.0,0.0,0.0,0.0,1.0,0.0,1.0,0.0,0
-0.13975329988325763,0.13613498893027706,-0.9110621650285352,0.8990444602056752,0.3214747302701286,0.585537885144024,0.23064636921896184,-0.5038174335543112,0.05052695605761968,0.0,0.0,0.0,1.0,0.0,0.0,0.0,0.0,0.0,0.0,0.0,1.0,0.0,0.0,0.0,0.0,0.0,0.0,1.0,0.0,0.0,0.0,0.0,0.0,1.0,0.0,0.0,0.0,0.0,1.0,0.0,0.0,0.0,0.0,0.0,0.0,0.0,0.0,1.0,0.0,1.0,0.0,1
0.10581226207245295,-1.3172152389806782,0.5041800330740437,-0.8534788540354068,0.003811953323361072,0.9048060886031429,0.634109405753589,-1.1911536321277234,-0.6232150955889056,0.0,0.0,0.0,0.0,0.0,1.0,0.0,0.0,0.0,1.0,0.0,0.0,0.0,0.0,0.0,0.0,0.0,0.0,1.0,0.0,0.0,0.0,0.0,0.0,1.0,0.0,0.0,0.0,0.0,0.0,0.0,0.0,0.0,0.0,1.0,0.0,1.0,0.0,0.0,0.0,0.0,1.0,1
-1.0773106338344849,0.716792564913607,-0.5572516155028905,-0.8534788540354068,-1.2668391544637088,-1.6493395390698085,-0.5090358644278546,0.5271868643058071,-0.9219986179436769,0.0,1.0,0.0,0.0,0.0,0.0,0.0,0.0,0.0,0.0,1.0,0.0,0.0,0.0,0.0,0.0,0.0,0.0,1.0,0.0,0.0,0.0,0.0,0.0,1.0,1.0,0.0,0.0,0.0,0.0,0.0,0.0,0.0,0.0,0.0,0.0,0.0,0.0,1.0,0.0,1.0,0.0,1
-0.3146595389428148,0.8292521684476355,1.5656116816509777,0.1980351345092424,-0.6315136005701739,-1.0108031321515707,0.36513404806383754,1.2145230628792192,0.30419712478951616,0.0,0.0,0.0,0.0,0.0,0.0,1.0,0.0,0.0,1.0,0.0,0.0,0.0,0.0,0.0,0.0,0.0,0.0,0.0,0.0,1.0,0.0,0.0,0.0,1.0,0.0,0.0,1.0,0.0,0.0,0.0,0.0,0.0,0.0,0.0,0.0,0.0,0.0,1.0,0.0,1.0,0.0,1
0.2392966016252722,-1.6145943074847238,-1.2648727145541798,0.5485397973574588,0.9568002841636635,0.585537885144024,-0.7443893024063871,-0.5038174335543112,0.5822728782682142,0.0,0.0,0.0,0.0,1.0,0.0,0.0,0.0,0.0,0.0,0.0,1.0,0.0,0.0,0.0,0.0,0.0,0.0,1.0,0.0,0.0,0.0,0.0,0.0,1.0,0.0,1.0,0.0,0.0,0.0,0.0,0.0,0.0,0.0,0.0,0.0,0.0,0.0,1.0,0.0,1.0,0.0,1
-1.0757374861504039,0.6906454295895511,1.5656116816509777,0.8990444602056752,-0.3138508236234064,0.9048060886031429,-1.719424974031736,-1.1911536321277234,1.9534230031339193,0.0,1.0,0.0,0.0,0.0,0.0,0.0,0.0,0.0,0.0,1.0,0.0,0.0,0.0,0.0,0.0,0.0,0.0,0.0,0.0,1.0,0.0,0.0,0.0,1.0,0.0,0.0,0.0,0.0,0.0,0.0,1.0,0.0,0.0,0.0,0.0,1.0,0.0,0.0,0.0,0.0,1.0,0
0.12030733319537165,-1.2995645233995239,0.15036948354839894,-1.5544881797318397,0.3214747302701286,-1.6493395390698085,0.6677313254648078,1.2145230628792192,-0.8975930331968764,0.0,0.0,0.0,0.0,0.0,1.0,0.0,0.0,0.0,0.0,0.0,0.0,0.0,1.0,0.0,0.0,0.0,0.0,0.0,0.0,0.0,0.0,1.0,0.0,1.0,0.0,1.0,0.0,0.0,0.0,0.0,0.0,0.0,0.0,0.0,0.0,0.0,0.0,1.0,0.0,1.0,0.0,1
-0.1398497944806185,0.14824284826507134,1.211801132125333,0.8990444602056752,0.9568002841636635,-0.3722667252333328,0.9030847634433404,1.5581911621659252,0.9794183027843332,0.0,0.0,0.0,1.0,0.0,0.0,0.0,0.0,0.0,0.0,0.0,0.0,0.0,1.0,0.0,0.0,1.0,0.0,0.0,0.0,0.0,0.0,0.0,0.0,1.0,0.0,0.0,0.0,0.0,0.0,0.0,1.0,0.0,0.0,0.0,0.0,1.0,0.0,0.0,0.0,0.0,1.0,0
2.3382725808519957,-0.25857190755714266,0.15036948354839894,1.2495491230538915,0.003811953323361072,-1.0108031321515707,-0.9124989009624818,1.5581911621659252,-0.00272159248085425,0.0,0.0,1.0,0.0,0.0,0.0,0.0,0.0,0.0,1.0,0.0,0.0,0.0,0.0,0.0,0.0,0.0,0.0,0.0,0.0,0.0,0.0,1.0,0.0,1.0,1.0,0.0,0.0,0.0,0.0,0.0,0.0,0.0,0.0,0.0,0.0,0.0,0.0,1.0,0.0,1.0,0.0,0
-0.07156261211913062,1.6111601079676403,-0.9110621650285352,0.1980351345092424,0.639137507216896,0.9048060886031429,0.1970244495077429,-0.8474855328410172,1.0444998621091344,0.0,0.0,0.0,0.0,0.0,0.0,0.0,1.0,0.0,0.0,0.0,1.0,0.0,0.0,0.0,0.0,0.0,0.0,1.0,0.0,0.0,0.0,0.0,0.0,1.0,0.0,0.0,0.0,0.0,0.0,0.0,0.0,1.0,0.0,0.0,0.0,0.0,0.0,1.0,0.0,1.0,0.0,1
0.1429815853260237,-1.3030211870089066,0.5041800330740437,1.600053785902108,-0.3138508236234064,1.2240742920622618,-0.30730434616054103,1.2145230628792192,1.301867846711759,0.0,0.0,0.0,0.0,0.0,1.0,0.0,0.0,0.0,0.0,0.0,0.0,1.0,0.0,0.0,0.0,0.0,0.0,1.0,0.0,0.0,0.0,0.0,0.0,1.0,0.0,0.0,0.0,0.0,0.0,0.0,0.0,1.0,0.0,0.0,0.0,0.0,0.0,1.0,0.0,1.0,0.0,0
-1.0848042416094879,0.6990799389394453,-1.6186832640798245,0.1980351345092424,0.003811953323361072,1.5433424955213808,-1.28234001778589,0.5271868643058071,0.05348520875420098,0.0,1.0,0.0,0.0,0.0,0.0,0.0,0.0,0.0,0.0,1.0,0.0,0.0,0.0,0.0,0.0,0.0,0.0,0.0,1.0,0.0,0.0,0.0,0.0,1.0,0.0,0.0,0.0,1.0,0.0,0.0,0.0,0.0,0.0,0.0,1.0,0.0,0.0,0.0,0.0,0.0,1.0,1
-0.05910140092646263,1.5913481568488963,-0.20344106597724576,1.600053785902108,1.274463061110431,-0.6915349286924517,1.3401697196891864,-1.5348217314144295,-0.10773956320951146,0.0,0.0,0.0,0.0,0.0,0.0,0.0,1.0,0.0,0.0,1.0,0.0,0.0,0.0,0.0,0.0,0.0,0.0,1.0,0.0,0.0,0.0,0.0,0.0,1.0,0.0,0.0,1.0,0.0,0.0,0.0,0.0,0.0,0.0,0.0,0.0,0.0,0.0,1.0,0.0,1.0,0.0,1
2.3363163122494646,-0.2593992555363758,-0.5572516155028905,-1.5544881797318397,1.274463061110431,-1.3300713356106897,-0.9461208206737006,-1.5348217314144295,0.3212070777948623,0.0,0.0,1.0,0.0,0.0,0.0,0.0,0.0,0.0,0.0,0.0,0.0,1.0,0.0,0.0,0.0,0.0,0.0,1.0,0.0,0.0,0.0,0.0,0.0,1.0,0.0,1.0,0.0,0.0,0.0,0.0,0.0,0.0,0.0,0.0,0.0,0.0,0.0,1.0,0.0,1.0,0.0,1
2.337060353734809,-0.26760519671816363,0.5041800330740437,1.2495491230538915,1.274463061110431,0.585537885144024,1.4074135591116244,-1.5348217314144295,0.6066784630150146,0.0,0.0,1.0,0.0,0.0,0.0,0.0,0.0,1.0,0.0,0.0,0.0,0.0,0.0,0.0,0.0,0.0,0.0,1.0,0.0,0.0,0.0,0.0,0.0,1.0,0.0,0.0,0.0,0.0,0.0,0.0,0.0,1.0,0.0,0.0,0.0,0.0,0.0,1.0,0.0,1.0,0.0,1
0.12924792031986523,-1.3124262512067022,1.211801132125333,0.5485397973574588,0.003811953323361072,-1.0108031321515707,0.1970244495077429,1.2145230628792192,-0.06336577276078353,0.0,0.0,0.0,0.0,0.0,1.0,0.0,0.0,0.0,0.0,1.0,0.0,0.0,0.0,0.0,0.0,0.0,0.0,1.0,0.0,0.0,0.0,0.0,0.0,1.0,0.0,0.0,0.0,0.0,0.0,0.0,0.0,1.0,0.0,0.0,0.0,0.0,0.0,1.0,0.0,1.0,0.0,1
-1.0839731571616031,0.6962736471353579,-0.5572516155028905,-0.5029741911871904,-0.3138508236234064,0.9048060886031429,-0.4754139447166357,-0.5038174335543112,-0.16690461714114904,0.0,1.0,0.0,0.0,0.0,0.0,0.0,0.0,0.0,0.0,1.0,0.0,0.0,0.0,0.0,0.0,0.0,0.0,0.0,0.0,0.0,1.0,0.0,0.0,1.0,0.0,0.0,0.0,1.0,0.0,0.0,0.0,0.0,0.0,0.0,1.0,0.0,0.0,0.0,0.0,0.0,1.0,1
0.24529179557291955,-1.6225788721097087,0.8579905825996883,0.1980351345092424,0.9568002841636635,-0.3722667252333328,-0.5426577841390735,-1.1911536321277234,1.2944722149703036,0.0,0.0,0.0,0.0,1.0,0.0,0.0,0.0,0.0,1.0,0.0,0.0,0.0,0.0,0.0,0.0,0.0,0.0,1.0,0.0,0.0,0.0,0.0,0.0,1.0,0.0,0.0,0.0,0.0,0.0,0.0,0.0,1.0,0.0,0.0,0.0,0.0,0.0,1.0,0.0,1.0,0.0,1
2.336944296451423,-0.26812611951990334,-0.9110621650285352,-0.152469528338974,-1.5845019314104762,-0.3722667252333328,1.3065477999779675,-1.1911536321277234,-2.284273984719637,0.0,0.0,1.0,0.0,0.0,0.0,0.0,0.0,0.0,1.0,0.0,0.0,0.0,0.0,0.0,0.0,0.0,0.0,0.0,0.0,0.0,1.0,0.0,0.0,1.0,0.0,0.0,1.0,0.0,0.0,0.0,0.0,0.0,0.0,0.0,0.0,0.0,0.0,1.0,0.0,1.0,0.0,2
0.23707854471873852,-1.603803763734403,-0.5572516155028905,1.2495491230538915,-0.3138508236234064,0.9048060886031429,1.2393039605555296,-0.1601493342676051,-0.5973303844938145,0.0,0.0,0.0,0.0,1.0,0.0,0.0,0.0,1.0,0.0,0.0,0.0,0.0,0.0,0.0,0.0,0.0,0.0,0.0,0.0,0.0,0.0,1.0,0.0,1.0,0.0,0.0,0.0,0.0,0.0,1.0,0.0,0.0,0.0,0.0,0.0,1.0,0.0,0.0,0.0,0.0,1.0,1
-1.1101588015310693,-0.12899877053883096,-1.6186832640798245,1.2495491230538915,-0.6315136005701739,1.5433424955213808,-0.778011222117606,-1.5348217314144295,-0.6927340339585804,1.0,0.0,0.0,0.0,0.0,0.0,0.0,0.0,1.0,0.0,0.0,0.0,0.0,0.0,0.0,0.0,0.0,0.0,1.0,0.0,0.0,0.0,0.0,0.0,1.0,1.0,0.0,0.0,0.0,0.0,0.0,0.0,0.0,0.0,0.0,0.0,0.0,0.0,1.0,0.0,1.0,0.0,1
0.2343804326854704,-1.6346338887353187,-0.9110621650285352,-1.5544881797318397,0.9568002841636635,-1.0108031321515707,-0.004707068759570669,0.8708549635925131,-0.5899347527523602,0.0,0.0,0.0,0.0,1.0,0.0,0.0,0.0,0.0,0.0,0.0,0.0,0.0,0.0,0.0,1.0,0.0,1.0,0.0,0.0,0.0,0.0,0.0,0.0,1.0,0.0,0.0,0.0,0.0,0.0,0.0,0.0,0.0,0.0,1.0,0.0,1.0,0.0,0.0,0.0,0.0,1.0,1
-1.0705089736505802,0.6873522969677498,-0.20344106597724576,-1.5544881797318397,-1.2668391544637088,1.5433424955213808,0.7013532451760268,-0.5038174335543112,-0.9508415817353504,0.0,1.0,0.0,0.0,0.0,0.0,0.0,0.0,0.0,1.0,0.0,0.0,0.0,0.0,0.0,0.0,0.0,0.0,0.0,0.0,1.0,0.0,0.0,1.0,0.0,0.0,0.0,0.0,0.0,0.0,0.0,0.0,0.0,1.0,0.0,0.0,0.0,1.0,0.0,1.0,0.0,0.0,1
-0.321602094427194,0.8167140631493416,-0.9110621650285352,-1.5544881797318397,0.3214747302701286,0.585537885144024,-0.9797427403849196,-0.1601493342676051,-0.39025269573308247,0.0,0.0,0.0,0.0,0.0,0.0,1.0,0.0,0.0,0.0,0.0,0.0,0.0,1.0,0.0,0.0,0.0,0.0,1.0,0.0,0.0,0.0,0.0,1.0,0.0,0.0,0.0,0.0,0.0,0.0,0.0,0.0,0.0,1.0,0.0,0.0,0.0,1.0,0.0,1.0,0.0,0.0,1
-0.14570761001516683,0.1475052390878186,-0.20344106597724576,0.8990444602056752,1.5921258380571985,0.9048060886031429,0.49962172690871326,0.8708549635925131,1.514122477691509,0.0,0.0,0.0,1.0,0.0,0.0,0.0,0.0,0.0,1.0,0.0,0.0,0.0,0.0,0.0,0.0,0.0,0.0,1.0,0.0,0.0,0.0,0.0,0.0,1.0,0.0,0.0,0.0,0.0,0.0,0.0,0.0,1.0,0.0,0.0,0.0,0.0,0.0,1.0,0.0,1.0,0.0,0
-1.0918597771007996,-0.12360005919739019,0.15036948354839894,-0.8534788540354068,0.639137507216896,1.5433424955213808,-0.6771454629839493,-0.8474855328410172,0.5016604922863575,1.0,0.0,0.0,0.0,0.0,0.0,0.0,0.0,0.0,0.0,0.0,0.0,0.0,0.0,0.0,1.0,0.0,0.0,0.0,1.0,0.0,0.0,0.0,0.0,1.0,0.0,1.0,0.0,0.0,0.0,0.0,0.0,0.0,0.0,0.0,0.0,0.0,0.0,1.0,0.0,1.0,0.0,1
-1.1037259749106532,-0.14194867375422643,1.5656116816509777,0.5485397973574588,0.3214747302701286,0.9048060886031429,-0.37454818558297887,-1.1911536321277234,1.531871993871001,1.0,0.0,0.0,0.0,0.0,0.0,0.0,0.0,0.0,0.0,0.0,0.0,1.0,0.0,0.0,0.0,0.0,0.0,1.0,0.0,0.0,0.0,0.0,0.0,1.0,0.0,0.0,0.0,0.0,0.0,1.0,0.0,0.0,0.0,0.0,0.0,1.0,0.0,0.0,0.0,0.0,1.0,0
-0.3092114407874937,0.8336671924335699,0.15036948354839894,-0.5029741911871904,-1.5845019314104762,-0.3722667252333328,-0.10557282789322746,-0.5038174335543112,-1.1061498483058998,0.0,0.0,0.0,0.0,0.0,0.0,1.0,0.0,0.0,0.0,1.0,0.0,0.0,0.0,0.0,0.0,1.0,0.0,0.0,0.0,0.0,0.0,0.0,0.0,1.0,0.0,0.0,0.0,1.0,0.0,0.0,0.0,0.0,0.0,0.0,1.0,0.0,0.0,0.0,0.0,0.0,1.0,1
-1.068909669116645,0.6981109474853114,-0.20344106597724576,0.1980351345092424,-0.6315136005701739,-1.6493395390698085,1.104816281710654,-1.1911536321277234,-1.3783090963914335,0.0,1.0,0.0,0.0,0.0,0.0,0.0,0.0,0.0,0.0,0.0,1.0,0.0,0.0,0.0,0.0,0.0,0.0,1.0,0.0,0.0,0.0,0.0,0.0,1.0,0.0,0.0,0.0,1.0,0.0,0.0,0.0,0.0,0.0,0.0,1.0,0.0,0.0,0.0,0.0,0.0,1.0,1
-1.0684929179626674,0.6913677175079278,-0.20344106597724576,0.1980351345092424,1.274463061110431,-0.6915349286924517,-0.811633141828825,-0.8474855328410172,-0.07002184132809304,0.0,1.0,0.0,0.0,0.0,0.0,0.0,0.0,0.0,0.0,0.0,0.0,0.0,0.0,0.0,1.0,0.0,0.0,1.0,0.0,0.0,0.0,0.0,0.0,1.0,0.0,0.0,0.0,0.0,0.0,0.0,1.0,0.0,0.0,0.0,0.0,1.0,0.0,0.0,0.0,0.0,1.0,1
0.11348830838005088,-1.30077083802684,1.211801132125333,0.8990444602056752,0.9568002841636635,1.5433424955213808,-0.8452550615400438,-0.5038174335543112,1.465311308197908,0.0,0.0,0.0,0.0,0.0,1.0,0.0,0.0,0.0,0.0,0.0,0.0,0.0,1.0,0.0,0.0,0.0,0.0,0.0,0.0,0.0,0.0,1.0,0.0,1.0,0.0,0.0,0.0,0.0,0.0,1.0,0.0,0.0,0.0,0.0,0.0,1.0,0.0,0.0,0.0,0.0,1.0,0
0.13339279189716283,-1.310558308339001,1.5656116816509777,-1.2039835168836233,-1.5845019314104762,0.9048060886031429,0.39875596777505645,-0.5038174335543112,0.6155532211047606,0.0,0.0,0.0,0.0,0.0,1.0,0.0,0.0,0.0,0.0,0.0,0.0,0.0,0.0,0.0,1.0,0.0,0.0,1.0,0.0,0.0,0.0,0.0,0.0,1.0,0.0,0.0,0.0,0.0,0.0,0.0,0.0,1.0,0.0,0.0,0.0,0.0,0.0,1.0,0.0,1.0,0.0,1
0.1171957670900409,-1.3256897712108993,-1.2648727145541798,-0.5029741911871904,1.274463061110431,0.585537885144024,-1.3832057769195467,1.2145230628792192,0.3300818358846083,0.0,0.0,0.0,0.0,0.0,1.0,0.0,0.0,0.0,0.0,1.0,0.0,0.0,0.0,0.0,0.0,0.0,0.0,1.0,0.0,0.0,0.0,0.0,1.0,0.0,0.0,0.0,0.0,0.0,0.0,0.0,0.0,0.0,1.0,0.0,0.0,0.0,1.0,0.0,1.0,0.0,0.0,0
2.3402895157617527,-0.2708586191383942,1.5656116816509777,-1.5544881797318397,0.9568002841636635,0.585537885144024,1.1384382014218728,-0.1601493342676051,0.41143378504060985,0.0,0.0,1.0,0.0,0.0,0.0,0.0,0.0,0.0,0.0,1.0,0.0,0.0,0.0,0.0,0.0,0.0,0.0,1.0,0.0,0.0,0.0,0.0,0.0,1.0,1.0,0.0,0.0,0.0,0.0,0.0,0.0,0.0,0.0,0.0,0.0,0.0,0.0,1.0,0.0,1.0,0.0,1
-0.061517722358780995,1.6335222669921396,1.5656116816509777,-1.2039835168836233,-1.5845019314104762,0.26626968168490506,-0.2736824264493221,-1.1911536321277234,-0.38877356938479074,0.0,0.0,0.0,0.0,0.0,0.0,0.0,1.0,1.0,0.0,0.0,0.0,0.0,0.0,0.0,0.0,0.0,0.0,0.0,0.0,1.0,0.0,0.0,1.0,0.0,0.0,0.0,0.0,0.0,0.0,0.0,0.0,0.0,1.0,0.0,0.0,0.0,1.0,0.0,1.0,0.0,0.0,1
-0.13445466944138823,0.14567638106418468,-1.6186832640798245,-0.152469528338974,0.3214747302701286,-1.0108031321515707,1.5419012379565,-0.8474855328410172,-2.628170860697282,0.0,0.0,0.0,1.0,0.0,0.0,0.0,0.0,0.0,0.0,1.0,0.0,0.0,0.0,0.0,0.0,1.0,0.0,0.0,0.0,0.0,0.0,0.0,0.0,1.0,0.0,1.0,0.0,0.0,0.0,0.0,0.0,0.0,0.0,0.0,0.0,0.0,0.0,1.0,0.0,1.0,0.0,1
2.334777234411832,-0.26460910891128087,0.5041800330740437,0.5485397973574588,-1.2668391544637088,1.5433424955213808,1.071194361999435,1.2145230628792192,0.8514738736571661,0.0,0.0,1.0,0.0,0.0,0.0,0.0,0.0,0.0,0.0,1.0,0.0,0.0,0.0,0.0,0.0,0.0,0.0,1.0,0.0,0.0,0.0,0.0,0.0,1.0,0.0,1.0,0.0,0.0,0.0,0.0,0.0,0.0,0.0,0.0,0.0,0.0,0.0,1.0,0.0,1.0,0.0,1
2.322588362185291,-0.2399753387495423,-0.5572516155028905,-1.5544881797318397,-1.5845019314104762,-0.3722667252333328,0.23064636921896184,1.2145230628792192,-1.5121700309117636,0.0,0.0,1.0,0.0,0.0,0.0,0.0,0.0,0.0,0.0,0.0,0.0,1.0,0.0,0.0,0.0,0.0,0.0,1.0,0.0,0.0,0.0,0.0,0.0,1.0,0.0,0.0,0.0,0.0,0.0,0.0,0.0,1.0,0.0,0.0,0.0,0.0,0.0,1.0,0.0,1.0,0.0,1
-1.0968834309110098,-0.14628021251322895,0.8579905825996883,0.1980351345092424,-0.9491763775169414,-0.3722667252333328,-0.9461208206737006,-1.1911536321277234,0.3700182472884632,1.0,0.0,0.0,0.0,0.0,0.0,0.0,0.0,1.0,0.0,0.0,0.0,0.0,0.0,0.0,0.0,0.0,0.0,0.0,0.0,0.0,0.0,1.0,0.0,1.0,1.0,0.0,0.0,0.0,0.0,0.0,0.0,0.0,0.0,0.0,0.0,0.0,0.0,1.0,0.0,1.0,0.0,1
-0.06874448630417988,1.628346182922513,-0.5572516155028905,-1.2039835168836233,-1.2668391544637088,1.2240742920622618,-1.6185592148980792,0.8708549635925131,-0.06410533593492938,0.0,0.0,0.0,0.0,0.0,0.0,0.0,1.0,1.0,0.0,0.0,0.0,0.0,0.0,0.0,0.0,0.0,0.0,1.0,0.0,0.0,0.0,0.0,1.0,0.0,0.0,0.0,0.0,0.0,0.0,0.0,0.0,0.0,1.0,0.0,0.0,0.0,1.0,0.0,1.0,0.0,0.0,1
-0.06498031778526281,1.6022509522713817,0.8579905825996883,-0.5029741911871904,0.9568002841636635,-0.6915349286924517,1.474657398534062,-1.5348217314144295,-0.4634694499734838,0.0,0.0,0.0,0.0,0.0,0.0,0.0,1.0,0.0,0.0,0.0,0.0,0.0,1.0,0.0,0.0,1.0,0.0,0.0,0.0,0.0,0.0,0.0,0.0,1.0,0.0,0.0,0.0,0.0,0.0,0.0,0.0,1.0,0.0,0.0,0.0,0.0,0.0,1.0,0.0,1.0,0.0,1
-1.1010788577443278,-0.1561245903583518,1.5656116816509777,1.600053785902108,1.5921258380571985,-0.05299852177421386,-0.7443893024063871,-0.1601493342676051,2.038472768160649,1.0,0.0,0.0,0.0,0.0,0.0,0.0,0.0,0.0,1.0,0.0,0.0,0.0,0.0,0.0,0.0,0.0,0.0,1.0,0.0,0.0,0.0,0.0,0.0,1.0,0.0,0.0,0.0,0.0,0.0,0.0,0.0,1.0,0.0,0.0,0.0,0.0,0.0,1.0,0.0,1.0,0.0,0
-1.0837315909600096,0.6894553742573664,-1.6186832640798245,1.2495491230538915,1.274463061110431,-1.0108031321515707,0.9367066831545593,0.5271868643058071,-0.7837003043784733,0.0,1.0,0.0,0.0,0.0,0.0,0.0,0.0,0.0,0.0,0.0,0.0,0.0,0.0,1.0,0.0,0.0,0.0,1.0,0.0,0.0,0.0,0.0,0.0,1.0,0.0,0.0,1.0,0.0,0.0,0.0,0.0,0.0,0.0,0.0,0.0,0.0,0.0,1.0,0.0,1.0,0.0,1
0.12973742708142044,-1.3163047184532692,1.211801132125333,0.1980351345092424,0.3214747302701286,0.26626968168490506,-1.1142304192297954,-0.1601493342676051,1.5348302465675823,0.0,0.0,0.0,0.0,0.0,1.0,0.0,0.0,0.0,0.0,0.0,0.0,0.0,1.0,0.0,0.0,0.0,1.0,0.0,0.0,0.0,0.0,0.0,0.0,1.0,0.0,0.0,0.0,0.0,0.0,0.0,1.0,0.0,0.0,0.0,0.0,1.0,0.0,0.0,0.0,0.0,1.0,0
0.24677152593609314,-1.6123670967303447,-0.5572516155028905,-0.152469528338974,-0.9491763775169414,0.585537885144024,-1.5176934557644224,1.2145230628792192,0.16368012170187704,0.0,0.0,0.0,0.0,1.0,0.0,0.0,0.0,1.0,0.0,0.0,0.0,0.0,0.0,0.0,0.0,0.0,0.0,0.0,0.0,0.0,0.0,1.0,0.0,1.0,1.0,0.0,0.0,0.0,0.0,0.0,0.0,0.0,0.0,0.0,0.0,0.0,0.0,1.0,0.0,1.0,0.0,1
-0.3189776172233478,0.7995189205106459,-0.5572516155028905,-0.152469528338974,-0.6315136005701739,-0.05299852177421386,1.0039505225769971,-1.1911536321277234,-0.8103245786477108,0.0,0.0,0.0,0.0,0.0,0.0,1.0,0.0,0.0,0.0,0.0,0.0,0.0,1.0,0.0,0.0,0.0,0.0,1.0,0.0,0.0,0.0,0.0,0.0,1.0,0.0,1.0,0.0,0.0,0.0,0.0,0.0,0.0,0.0,0.0,0.0,0.0,0.0,1.0,0.0,1.0,0.0,1
-1.103204376551798,-0.14278352602351949,-0.20344106597724576,0.5485397973574588,1.5921258380571985,1.2240742920622618,0.8358409240209025,-1.5348217314144295,1.0437602989349886,1.0,0.0,0.0,0.0,0.0,0.0,0.0,0.0,0.0,0.0,0.0,1.0,0.0,0.0,0.0,0.0,0.0,0.0,0.0,1.0,0.0,0.0,0.0,0.0,1.0,0.0,0.0,0.0,0.0,0.0,0.0,0.0,0.0,0.0,1.0,0.0,1.0,0.0,0.0,0.0,0.0,1.0,1
-1.1187841876245481,-0.14548475776675485,-0.5572516155028905,0.1980351345092424,-0.3138508236234064,-1.6493395390698085,-0.8452550615400438,-0.5038174335543112,-0.6180381533698878,1.0,0.0,0.0,0.0,0.0,0.0,0.0,0.0,0.0,0.0,1.0,0.0,0.0,0.0,0.0,0.0,0.0,0.0,0.0,0.0,1.0,0.0,0.0,0.0,1.0,0.0,0.0,1.0,0.0,0.0,0.0,0.0,0.0,0.0,0.0,0.0,0.0,0.0,1.0,0.0,1.0,0.0,1
-1.1012305235123896,-0.1316027591900216,-0.5572516155028905,1.2495491230538915,0.003811953323361072,-0.3722667252333328,-0.1391947476044464,0.8708549635925131,0.21027260167304146,1.0,0.0,0.0,0.0,0.0,0.0,0.0,0.0,0.0,0.0,0.0,0.0,0.0,1.0,0.0,0.0,0.0,0.0,1.0,0.0,0.0,0.0,0.0,0.0,1.0,0.0,1.0,0.0,0.0,0.0,0.0,0.0,0.0,0.0,0.0,0.0,0.0,0.0,1.0,0.0,1.0,0.0,1
0.11574153416033817,-1.3048059573284319,0.8579905825996883,-1.2039835168836233,0.639137507216896,-0.05299852177421386,-0.8788769812512628,0.18351876501910097,0.2953223666997712,0.0,0.0,0.0,0.0,0.0,1.0,0.0,0.0,0.0,0.0,1.0,0.0,0.0,0.0,0.0,0.0,0.0,0.0,1.0,0.0,0.0,0.0,0.0,0.0,1.0,1.0,0.0,0.0,0.0,0.0,0.0,0.0,0.0,0.0,0.0,0.0,0.0,0.0,1.0,0.0,1.0,0.0,1
-1.0943119268232548,-0.15217233092618387,-1.6186832640798245,-0.152469528338974,0.9568002841636635,1.2240742920622618,0.7349751648872458,0.5271868643058071,0.43288111709082905,1.0,0.0,0.0,0.0,0.0,0.0,0.0,0.0,0.0,0.0,0.0,0.0,1.0,0.0,0.0,0.0,0.0,0.0,1.0,0.0,0.0,0.0,0.0,0.0,1.0,0.0,0.0,0.0,0.0,0.0,0.0,1.0,0.0,0.0,0.0,0.0,1.0,0.0,0.0,0.0,0.0,1.0,1
-1.1147740567948181,-0.15050731656888303,1.5656116816509777,-0.5029741911871904,0.639137507216896,0.9048060886031429,1.0375724422882162,0.18351876501910097,0.9468775231219315,1.0,0.0,0.0,0.0,0.0,0.0,0.0,0.0,0.0,0.0,0.0,0.0,0.0,1.0,0.0,0.0,1.0,0.0,0.0,0.0,0.0,0.0,0.0,0.0,1.0,0.0,0.0,1.0,0.0,0.0,0.0,0.0,0.0,0.0,0.0,0.0,0.0,0.0,1.0,0.0,1.0,0.0,1
0.25198245399904046,-1.6017550925477295,-0.9110621650285352,0.1980351345092424,-0.9491763775169414,-1.0108031321515707,1.3401697196891864,1.2145230628792192,-1.2296568983881933,0.0,0.0,0.0,0.0,1.0,0.0,0.0,0.0,0.0,0.0,1.0,0.0,0.0,0.0,0.0,0.0,0.0,0.0,0.0,0.0,1.0,0.0,0.0,0.0,1.0,0.0,0.0,0.0,0.0,0.0,0.0,1.0,0.0,0.0,0.0,0.0,1.0,0.0,0.0,0.0,0.0,1.0,1
-0.07215213036542176,1.6170944380121888,-1.2648727145541798,-1.5544881797318397,-1.5845019314104762,0.26626968168490506,-1.181474258652233,-0.5038174335543112,-1.5077326518668912,0.0,0.0,0.0,0.0,0.0,0.0,0.0,1.0,0.0,0.0,0.0,1.0,0.0,0.0,0.0,0.0,0.0,0.0,1.0,0.0,0.0,0.0,0.0,0.0,1.0,0.0,0.0,0.0,0.0,0.0,0.0,1.0,0.0,0.0,0.0,0.0,1.0,0.0,0.0,0.0,0.0,1.0,1
0.2548746542543347,-1.6184474477523318,-1.6186832640798245,1.600053785902108,1.5921258380571985,1.5433424955213808,0.8694628437321215,0.8708549635925131,0.49648355006733963,0.0,0.0,0.0,0.0,1.0,0.0,0.0,0.0,0.0,1.0,0.0,0.0,0.0,0.0,0.0,0.0,0.0,0.0,1.0,0.0,0.0,0.0,0.0,1.0,0.0,0.0,0.0,0.0,0.0,0.0,0.0,0.0,0.0,1.0,0.0,0.0,0.0,1.0,0.0,1.0,0.0,0.0,1
2.3389396904260056,-0.2540017949099509,-1.6186832640798245,1.2495491230538915,-0.3138508236234064,0.9048060886031429,-0.5426577841390735,-1.5348217314144295,-0.06780315180565653,0.0,0.0,1.0,0.0,0.0,0.0,0.0,0.0,0.0,0.0,0.0,1.0,0.0,0.0,0.0,0.0,0.0,0.0,0.0,1.0,0.0,0.0,0.0,0.0,1.0,1.0,0.0,0.0,0.0,0.0,0.0,0.0,0.0,0.0,0.0,0.0,0.0,0.0,1.0,0.0,1.0,0.0,1
-0.3255570540862233,0.78463885135579,-1.2648727145541798,1.2495491230538915,-0.9491763775169414,-0.6915349286924517,-0.9461208206737006,1.5581911621659252,-0.4886145978944301,0.0,0.0,0.0,0.0,0.0,0.0,1.0,0.0,0.0,0.0,0.0,0.0,0.0,0.0,0.0,1.0,0.0,0.0,0.0,1.0,0.0,0.0,0.0,0.0,1.0,0.0,0.0,0.0,1.0,0.0,0.0,0.0,0.0,0.0,0.0,1.0,0.0,0.0,0.0,0.0,0.0,1.0,1
-1.0759641055806521,0.6939263677400028,-1.2648727145541798,0.1980351345092424,0.3214747302701286,0.585537885144024,0.6677313254648078,-0.5038174335543112,-0.9434459499938955,0.0,1.0,0.0,0.0,0.0,0.0,0.0,0.0,0.0,0.0,0.0,0.0,0.0,1.0,0.0,0.0,0.0,0.0,0.0,0.0,0.0,1.0,0.0,0.0,1.0,0.0,0.0,0.0,1.0,0.0,0.0,0.0,0.0,0.0,0.0,1.0,0.0,0.0,0.0,0.0,0.0,1.0,1
-0.12558485967532346,0.1513674470392499,-1.2648727145541798,0.5485397973574588,0.3214747302701286,0.26626968168490506,0.60048748604237,0.8708549635925131,-0.12622864256314825,0.0,0.0,0.0,1.0,0.0,0.0,0.0,0.0,0.0,0.0,0.0,1.0,0.0,0.0,0.0,0.0,0.0,0.0,0.0,0.0,0.0,1.0,0.0,1.0,0.0,0.0,0.0,0.0,0.0,0.0,0.0,0.0,0.0,1.0,0.0,0.0,0.0,1.0,0.0,1.0,0.0,0.0,1
-0.12268210875790334,0.16068277243506518,0.5041800330740437,0.1980351345092424,1.274463061110431,-1.3300713356106897,0.49962172690871326,-1.5348217314144295,-0.220153165679624,0.0,0.0,0.0,1.0,0.0,0.0,0.0,0.0,0.0,0.0,1.0,0.0,0.0,0.0,0.0,0.0,0.0,0.0,0.0,0.0,1.0,0.0,0.0,0.0,1.0,0.0,0.0,0.0,0.0,0.0,0.0,0.0,0.0,0.0,1.0,0.0,1.0,0.0,0.0,0.0,0.0,1.0,1
0.24550368803728362,-1.6111288888702697,-1.6186832640798245,-1.2039835168836233,1.5921258380571985,-0.3722667252333328,0.5668655663311511,1.5581911621659252,-0.4006065801711191,0.0,0.0,0.0,0.0,1.0,0.0,0.0,0.0,0.0,0.0,0.0,0.0,0.0,0.0,1.0,0.0,0.0,0.0,0.0,0.0,1.0,0.0,0.0,0.0,1.0,0.0,0.0,0.0,0.0,0.0,0.0,1.0,0.0,0.0,0.0,0.0,1.0,0.0,0.0,0.0,0.0,1.0,1
0.1269423808398699,-1.3021047255851965,-0.5572516155028905,1.600053785902108,-0.9491763775169414,0.26626968168490506,-1.4504496163419847,-0.1601493342676051,0.7730801771977459,0.0,0.0,0.0,0.0,0.0,1.0,0.0,0.0,0.0,0.0,0.0,1.0,0.0,0.0,0.0,0.0,0.0,0.0,1.0,0.0,0.0,0.0,0.0,0.0,1.0,0.0,0.0,0.0,0.0,1.0,0.0,0.0,0.0,0.0,0.0,0.0,0.0,0.0,1.0,0.0,1.0,0.0,1
2.3441723792295877,-0.27034238651793974,0.5041800330740437,-0.8534788540354068,-1.2668391544637088,0.9048060886031429,1.4410354788228432,0.18351876501910097,-0.3540141001999536,0.0,0.0,1.0,0.0,0.0,0.0,0.0,0.0,0.0,1.0,0.0,0.0,0.0,0.0,0.0,0.0,0.0,0.0,1.0,0.0,0.0,0.0,0.0,0.0,1.0,0.0,0.0,0.0,0.0,0.0,1.0,0.0,0.0,0.0,0.0,0.0,1.0,0.0,0.0,0.0,0.0,1.0,1
-0.1235560552706753,0.1402326439823756,1.5656116816509777,1.600053785902108,1.274463061110431,0.26626968168490506,1.5755231576677189,0.18351876501910097,1.315179983846377,0.0,0.0,0.0,1.0,0.0,0.0,0.0,0.0,0.0,1.0,0.0,0.0,0.0,0.0,0.0,0.0,0.0,0.0,0.0,1.0,0.0,0.0,0.0,0.0,1.0,0.0,0.0,0.0,1.0,0.0,0.0,0.0,0.0,0.0,0.0,1.0,0.0,0.0,0.0,0.0,0.0,1.0,0
0.23248505019562388,-1.611133891730311,-0.5572516155028905,0.1980351345092424,0.9568002841636635,0.26626968168490506,0.09615869037408611,-0.8474855328410172,0.42992286439424665,0.0,0.0,0.0,0.0,1.0,0.0,0.0,0.0,0.0,0.0,1.0,0.0,0.0,0.0,0.0,0.0,0.0,0.0,1.0,0.0,0.0,0.0,0.0,0.0,1.0,1.0,0.0,0.0,0.0,0.0,0.0,0.0,0.0,0.0,0.0,0.0,0.0,0.0,1.0,0.0,1.0,0.0,1
-1.0723924866455348,0.7000992716727406,-1.2648727145541798,-1.2039835168836233,-0.3138508236234064,-1.0108031321515707,-0.1391947476044464,-0.8474855328410172,-1.9780948306234116,0.0,1.0,0.0,0.0,0.0,0.0,0.0,0.0,1.0,0.0,0.0,0.0,0.0,0.0,0.0,0.0,0.0,0.0,1.0,0.0,0.0,0.0,0.0,0.0,1.0,0.0,1.0,0.0,0.0,0.0,0.0,0.0,0.0,0.0,0.0,0.0,0.0,0.0,1.0,0.0,1.0,0.0,1
-0.12457815066413265,0.13829966393414497,-0.20344106597724576,0.8990444602056752,0.003811953323361072,-0.3722667252333328,-1.3159619374971088,-0.8474855328410172,-0.0019820293067094505,0.0,0.0,0.0,1.0,0.0,0.0,0.0,0.0,0.0,0.0,0.0,1.0,0.0,0.0,0.0,0.0,0.0,0.0,1.0,0.0,0.0,0.0,0.0,0.0,1.0,0.0,0.0,0.0,0.0,0.0,0.0,1.0,0.0,0.0,0.0,0.0,1.0,0.0,0.0,0.0,0.0,1.0,1
2.3392342297436906,-0.25278641259880735,-1.6186832640798245,-1.2039835168836233,0.003811953323361072,0.9048060886031429,-1.3832057769195467,1.5581911621659252,-0.40726264873842755,0.0,0.0,1.0,0.0,0.0,0.0,0.0,0.0,0.0,0.0,0.0,0.0,0.0,0.0,0.0,1.0,0.0,0.0,0.0,0.0,1.0,0.0,0.0,0.0,1.0,0.0,1.0,0.0,0.0,0.0,0.0,0.0,0.0,0.0,0.0,0.0,0.0,0.0,1.0,0.0,1.0,0.0,1
-0.0714869990405612,1.6385391975767227,0.5041800330740437,0.5485397973574588,-1.2668391544637088,0.9048060886031429,-0.7107673826951681,1.5581911621659252,0.44101631200642916,0.0,0.0,0.0,0.0,0.0,0.0,0.0,1.0,0.0,0.0,0.0,0.0,0.0,0.0,1.0,0.0,0.0,0.0,0.0,0.0,0.0,1.0,0.0,0.0,1.0,0.0,0.0,0.0,0.0,0.0,0.0,1.0,0.0,0.0,0.0,0.0,1.0,0.0,0.0,0.0,0.0,1.0,0
-0.30666829160420217,0.8053469397793265,-0.20344106597724576,-0.152469528338974,-0.3138508236234064,0.585537885144024,-1.1478523389410142,-1.1911536321277234,-0.02195023500863691,0.0,0.0,0.0,0.0,0.0,0.0,1.0,0.0,0.0,0.0,0.0,0.0,1.0,0.0,0.0,0.0,0.0,0.0,1.0,0.0,0.0,0.0,0.0,0.0,1.0,1.0,0.0,0.0,0.0,0.0,0.0,0.0,0.0,0.0,0.0,0.0,0.0,0.0,1.0,0.0,1.0,0.0,1
-1.0732361000046942,0.710559313981625,-1.2648727145541798,0.1980351345092424,-0.3138508236234064,-0.6915349286924517,1.3401697196891864,0.8708549635925131,-1.1357323752717186,0.0,1.0,0.0,0.0,0.0,0.0,0.0,0.0,0.0,0.0,1.0,0.0,0.0,0.0,0.0,0.0,0.0,0.0,1.0,0.0,0.0,0.0,0.0,0.0,1.0,0.0,0.0,0.0,0.0,1.0,0.0,0.0,0.0,0.0,0.0,0.0,0.0,0.0,1.0,0.0,1.0,0.0,1
-0.12411963647257322,0.13800386983423787,-0.20344106597724576,-1.5544881797318397,0.3214747302701286,-0.05299852177421386,0.9030847634433404,0.5271868643058071,-1.0151835778860063,0.0,0.0,0.0,1.0,0.0,0.0,0.0,0.0,0.0,0.0,0.0,0.0,1.0,0.0,0.0,0.0,0.0,0.0,1.0,0.0,0.0,0.0,0.0,0.0,1.0,0.0,0.0,1.0,0.0,0.0,0.0,0.0,0.0,0.0,0.0,0.0,0.0,0.0,1.0,0.0,1.0,0.0,1
-0.322123253175127,0.8099539485193231,0.15036948354839894,1.600053785902108,-0.6315136005701739,0.585537885144024,-0.4081701052941978,-0.8474855328410172,0.41882941678206415,0.0,0.0,0.0,0.0,0.0,0.0,1.0,0.0,0.0,0.0,0.0,0.0,0.0,0.0,1.0,0.0,0.0,0.0,1.0,0.0,0.0,0.0,0.0,0.0,1.0,0.0,1.0,0.0,0.0,0.0,0.0,0.0,0.0,0.0,0.0,0.0,0.0,0.0,1.0,0.0,1.0,0.0,1
0.24522035879810794,-1.6117211024275875,0.15036948354839894,0.5485397973574588,-0.3138508236234064,0.26626968168490506,-0.20643858702688425,-1.1911536321277234,0.029819187181546365,0.0,0.0,0.0,0.0,1.0,0.0,0.0,0.0,1.0,0.0,0.0,0.0,0.0,0.0,0.0,0.0,0.0,0.0,0.0,0.0,0.0,0.0,1.0,0.0,1.0,0.0,0.0,0.0,0.0,0.0,0.0,0.0,0.0,0.0,1.0,0.0,1.0,0.0,0.0,0.0,0.0,1.0,1
-0.3270552481081177,0.8075197444307622,0.8579905825996883,-0.5029741911871904,0.639137507216896,-0.3722667252333328,1.2056820408443107,-1.1911536321277234,-0.14693641143922156,0.0,0.0,0.0,0.0,0.0,0.0,1.0,0.0,0.0,0.0,0.0,1.0,0.0,0.0,0.0,0.0,0.0,0.0,1.0,0.0,0.0,0.0,0.0,0.0,1.0,0.0,0.0,1.0,0.0,0.0,0.0,0.0,0.0,0.0,0.0,0.0,0.0,0.0,1.0,0.0,1.0,0.0,1
-1.0714400695832011,0.7047140973815533,-0.20344106597724576,-0.8534788540354068,0.3214747302701286,0.26626968168490506,-1.4504496163419847,0.8708549635925131,0.6480940007671613,0.0,1.0,0.0,0.0,0.0,0.0,0.0,0.0,1.0,0.0,0.0,0.0,0.0,0.0,0.0,0.0,0.0,0.0,0.0,0.0,0.0,0.0,1.0,0.0,1.0,0.0,0.0,1.0,0.0,0.0,0.0,0.0,0.0,0.0,0.0,0.0,0.0,0.0,1.0,0.0,1.0,0.0,1
2.3402204968470115,-0.2729960910907883,0.15036948354839894,1.2495491230538915,1.274463061110431,1.5433424955213808,-1.4168276966307656,-1.1911536321277234,1.6524207912567126,0.0,0.0,1.0,0.0,0.0,0.0,0.0,0.0,0.0,0.0,0.0,1.0,0.0,0.0,0.0,0.0,0.0,0.0,1.0,0.0,0.0,0.0,0.0,0.0,1.0,0.0,1.0,0.0,0.0,0.0,0.0,0.0,0.0,0.0,0.0,0.0,0.0,0.0,1.0,0.0,1.0,0.0,0
-0.05979708521039661,1.6322455996455008,0.15036948354839894,0.5485397973574588,-1.2668391544637088,-1.6493395390698085,-1.3495838572083279,-0.1601493342676051,-0.29484904626831604,0.0,0.0,0.0,0.0,0.0,0.0,0.0,1.0,0.0,0.0,0.0,0.0,0.0,1.0,0.0,0.0,0.0,1.0,0.0,0.0,0.0,0.0,0.0,0.0,1.0,0.0,0.0,0.0,0.0,0.0,0.0,0.0,1.0,0.0,0.0,0.0,0.0,0.0,1.0,0.0,1.0,0.0,1
-1.0973892032766759,-0.13668847910016432,0.15036948354839894,0.5485397973574588,0.639137507216896,1.5433424955213808,0.7685970845984647,1.2145230628792192,0.8499947473088755,1.0,0.0,0.0,0.0,0.0,0.0,0.0,0.0,0.0,0.0,1.0,0.0,0.0,0.0,0.0,0.0,1.0,0.0,0.0,0.0,0.0,0.0,0.0,0.0,1.0,0.0,1.0,0.0,0.0,0.0,0.0,0.0,0.0,0.0,0.0,0.0,0.0,0.0,1.0,0.0,1.0,0.0,0
0.2384646379555435,-1.6268913374648055,-0.20344106597724576,0.5485397973574588,-1.2668391544637088,-1.3300713356106897,1.3737916394004053,-0.8474855328410172,-1.6763530555720585,0.0,0.0,0.0,0.0,1.0,0.0,0.0,0.0,0.0,0.0,0.0,0.0,0.0,0.0,0.0,1.0,0.0,0.0,1.0,0.0,0.0,0.0,0.0,0.0,1.0,0.0,0.0,0.0,1.0,0.0,0.0,0.0,0.0,0.0,0.0,1.0,0.0,0.0,0.0,0.0,0.0,1.0,1
-1.0917667993908142,-0.13636266784001316,0.15036948354839894,0.8990444602056752,-1.2668391544637088,0.585537885144024,1.3401697196891864,0.8708549635925131,-0.7674299145472729,1.0,0.0,0.0,0.0,0.0,0.0,0.0,0.0,0.0,0.0,1.0,0.0,0.0,0.0,0.0,0.0,0.0,0.0,1.0,0.0,0.0,0.0,0.0,0.0,1.0,0.0,0.0,0.0,0.0,0.0,1.0,0.0,0.0,0.0,0.0,0.0,1.0,0.0,0.0,0.0,0.0,1.0,1
-0.12202906673339543,0.11761596445330758,0.15036948354839894,-1.2039835168836233,1.5921258380571985,-1.0108031321515707,1.4074135591116244,-0.5038174335543112,-0.0988648051197665,0.0,0.0,0.0,1.0,0.0,0.0,0.0,0.0,0.0,0.0,0.0,1.0,0.0,0.0,0.0,0.0,0.0,0.0,0.0,0.0,0.0,0.0,1.0,0.0,1.0,0.0,0.0,0.0,0.0,0.0,0.0,1.0,0.0,0.0,0.0,0.0,1.0,0.0,0.0,0.0,0.0,1.0,1
0.11589715642669757,-1.3014452860960826,0.8579905825996883,-0.5029741911871904,0.3214747302701286,1.5433424955213808,-0.9797427403849196,-0.8474855328410172,1.9482460609149015,0.0,0.0,0.0,0.0,0.0,1.0,0.0,0.0,0.0,0.0,0.0,0.0,0.0,1.0,0.0,0.0,0.0,0.0,1.0,0.0,0.0,0.0,0.0,0.0,1.0,1.0,0.0,0.0,0.0,0.0,0.0,0.0,0.0,0.0,0.0,0.0,0.0,0.0,1.0,0.0,1.0,0.0,0
-1.095792756213733,-0.14412054036940247,1.5656116816509777,0.5485397973574588,0.3214747302701286,-1.6493395390698085,1.2729258802667487,-0.5038174335543112,0.4632032072307931,1.0,0.0,0.0,0.0,0.0,0.0,0.0,0.0,0.0,0.0,1.0,0.0,0.0,0.0,0.0,0.0,0.0,1.0,0.0,0.0,0.0,0.0,0.0,0.0,1.0,0.0,0.0,0.0,1.0,0.0,0.0,0.0,0.0,0.0,0.0,1.0,0.0,0.0,0.0,0.0,0.0,1.0,1
-0.14660617473956647,0.14616165848813098,1.211801132125333,-0.8534788540354068,0.003811953323361072,-0.05299852177421386,-0.9124989009624818,0.8708549635925131,-0.01677329278961911,0.0,0.0,0.0,1.0,0.0,0.0,0.0,0.0,0.0,0.0,0.0,0.0,0.0,0.0,0.0,1.0,0.0,0.0,0.0,0.0,0.0,1.0,0.0,0.0,1.0,0.0,0.0,0.0,1.0,0.0,0.0,0.0,0.0,0.0,0.0,1.0,0.0,0.0,0.0,0.0,0.0,1.0,0
0.22804783735525141,-1.6246606872441527,1.5656116816509777,0.5485397973574588,1.274463061110431,0.26626968168490506,0.7685970845984647,-1.1911536321277234,1.73451230358686,0.0,0.0,0.0,0.0,1.0,0.0,0.0,0.0,0.0,1.0,0.0,0.0,0.0,0.0,0.0,0.0,0.0,0.0,0.0,0.0,1.0,0.0,0.0,0.0,1.0,0.0,1.0,0.0,0.0,0.0,0.0,0.0,0.0,0.0,0.0,0.0,0.0,0.0,1.0,0.0,1.0,0.0,0
-0.31155390758492973,0.8260766030367919,1.5656116816509777,1.600053785902108,-1.2668391544637088,1.5433424955213808,-1.181474258652233,0.18351876501910097,1.4098440701369976,0.0,0.0,0.0,0.0,0.0,0.0,1.0,0.0,0.0,0.0,0.0,0.0,0.0,0.0,1.0,0.0,0.0,0.0,1.0,0.0,0.0,0.0,0.0,0.0,1.0,0.0,0.0,0.0,0.0,0.0,0.0,0.0,0.0,0.0,1.0,0.0,1.0,0.0,0.0,0.0,0.0,1.0,0
-0.3268053292990077,0.799294104487565,-0.9110621650285352,1.2495491230538915,0.3214747302701286,0.26626968168490506,0.8022190043096836,-0.8474855328410172,-0.202403649500132,0.0,0.0,0.0,0.0,0.0,0.0,1.0,0.0,0.0,1.0,0.0,0.0,0.0,0.0,0.0,0.0,0.0,0.0,1.0,0.0,0.0,0.0,0.0,0.0,1.0,1.0,0.0,0.0,0.0,0.0,0.0,0.0,0.0,0.0,0.0,0.0,0.0,0.0,1.0,0.0,1.0,0.0,1
0.2504042507893569,-1.610700206300529,1.211801132125333,-0.8534788540354068,0.639137507216896,-0.3722667252333328,-1.181474258652233,-0.8474855328410172,1.1539552118826646,0.0,0.0,0.0,0.0,1.0,0.0,0.0,0.0,0.0,0.0,0.0,0.0,1.0,0.0,0.0,0.0,0.0,0.0,0.0,0.0,0.0,0.0,1.0,0.0,1.0,0.0,0.0,1.0,0.0,0.0,0.0,0.0,0.0,0.0,0.0,0.0,0.0,0.0,1.0,0.0,1.0,0.0,0
0.13636170425833158,-1.2924729692918093,0.8579905825996883,-0.8534788540354068,-0.6315136005701739,0.26626968168490506,0.634109405753589,1.2145230628792192,0.7908296933772369,0.0,0.0,0.0,0.0,0.0,1.0,0.0,0.0,0.0,0.0,0.0,1.0,0.0,0.0,0.0,0.0,0.0,0.0,0.0,0.0,0.0,1.0,0.0,0.0,1.0,1.0,0.0,0.0,0.0,0.0,0.0,0.0,0.0,0.0,0.0,0.0,0.0,0.0,1.0,0.0,1.0,0.0,1
2.347441545850426,-0.2695022187098535,0.8579905825996883,-0.8534788540354068,-1.2668391544637088,1.2240742920622618,-1.652181134609298,-0.5038174335543112,0.9986469453121147,0.0,0.0,1.0,0.0,0.0,0.0,0.0,0.0,0.0,0.0,1.0,0.0,0.0,0.0,0.0,0.0,0.0,0.0,1.0,0.0,0.0,0.0,0.0,1.0,0.0,0.0,0.0,0.0,0.0,0.0,0.0,0.0,0.0,1.0,0.0,0.0,0.0,1.0,0.0,1.0,0.0,0.0,1
-1.0856032344600723,0.6939348100663224,0.8579905825996883,1.600053785902108,0.639137507216896,0.9048060886031429,0.43237788748627537,-1.1911536321277234,1.1887146810675018,0.0,1.0,0.0,0.0,0.0,0.0,0.0,0.0,0.0,0.0,0.0,0.0,1.0,0.0,0.0,0.0,0.0,0.0,1.0,0.0,0.0,0.0,0.0,0.0,1.0,0.0,0.0,0.0,0.0,0.0,1.0,0.0,0.0,0.0,0.0,0.0,1.0,0.0,0.0,0.0,0.0,1.0,0
0.1127231655704544,-1.3161733933771986,0.8579905825996883,1.2495491230538915,-0.6315136005701739,0.26626968168490506,-1.3159619374971088,-0.5038174335543112,1.315179983846377,0.0,0.0,0.0,0.0,0.0,1.0,0.0,0.0,0.0,0.0,0.0,1.0,0.0,0.0,0.0,0.0,0.0,0.0,1.0,0.0,0.0,0.0,0.0,1.0,0.0,0.0,0.0,0.0,0.0,0.0,0.0,0.0,0.0,1.0,0.0,0.0,0.0,1.0,0.0,1.0,0.0,0.0,0
0.11906345409180706,-1.302032809472115,0.8579905825996883,-1.2039835168836233,-0.6315136005701739,-0.6915349286924517,1.4074135591116244,1.5581911621659252,-0.7637320986765458,0.0,0.0,0.0,0.0,0.0,1.0,0.0,0.0,0.0,0.0,0.0,0.0,0.0,0.0,0.0,1.0,0.0,0.0,0.0,0.0,0.0,1.0,0.0,0.0,1.0,0.0,0.0,0.0,0.0,1.0,0.0,0.0,0.0,0.0,0.0,0.0,0.0,0.0,1.0,0.0,1.0,0.0,1
-0.31847931824335457,0.8213198211743268,-0.5572516155028905,-0.5029741911871904,-1.5845019314104762,1.2240742920622618,-0.2736824264493221,1.2145230628792192,-0.6365272327235246,0.0,0.0,0.0,0.0,0.0,0.0,1.0,0.0,0.0,0.0,0.0,0.0,1.0,0.0,0.0,0.0,0.0,0.0,0.0,0.0,0.0,0.0,1.0,0.0,1.0,0.0,0.0,0.0,0.0,1.0,0.0,0.0,0.0,0.0,0.0,0.0,0.0,0.0,1.0,0.0,1.0,0.0,1
0.12919143031639857,-1.3208085432049244,-0.20344106597724576,1.600053785902108,-0.3138508236234064,0.9048060886031429,1.1384382014218728,-1.1911536321277234,0.2050956594540226,0.0,0.0,0.0,0.0,0.0,1.0,0.0,0.0,0.0,0.0,0.0,0.0,0.0,0.0,1.0,0.0,0.0,0.0,0.0,0.0,1.0,0.0,0.0,0.0,1.0,1.0,0.0,0.0,0.0,0.0,0.0,0.0,0.0,0.0,0.0,0.0,0.0,0.0,1.0,0.0,1.0,0.0,1
-1.0746599997807846,0.6992797406623235,-0.9110621650285352,-0.5029741911871904,-0.9491763775169414,-0.05299852177421386,-0.7107673826951681,0.5271868643058071,-0.7622529723282546,0.0,1.0,0.0,0.0,0.0,0.0,0.0,0.0,0.0,0.0,0.0,0.0,1.0,0.0,0.0,0.0,0.0,0.0,0.0,0.0,0.0,0.0,1.0,0.0,1.0,0.0,0.0,0.0,0.0,0.0,0.0,1.0,0.0,0.0,0.0,0.0,1.0,0.0,0.0,0.0,0.0,1.0,1
-1.0711173951665136,0.707665472126824,0.5041800330740437,0.8990444602056752,-1.2668391544637088,1.5433424955213808,1.5419012379565,-1.1911536321277234,0.25390682894762456,0.0,1.0,0.0,0.0,0.0,0.0,0.0,0.0,0.0,0.0,0.0,0.0,0.0,1.0,0.0,0.0,0.0,1.0,0.0,0.0,0.0,0.0,0.0,0.0,1.0,0.0,0.0,0.0,0.0,0.0,0.0,0.0,1.0,0.0,0.0,0.0,0.0,0.0,1.0,0.0,1.0,0.0,1
0.12238185713589936,-1.3127836430208606,0.8579905825996883,0.1980351345092424,1.274463061110431,-1.6493395390698085,1.5755231576677189,-1.1911536321277234,0.19622090136427764,0.0,0.0,0.0,0.0,0.0,1.0,0.0,0.0,0.0,0.0,1.0,0.0,0.0,0.0,0.0,0.0,0.0,0.0,0.0,0.0,1.0,0.0,0.0,0.0,1.0,0.0,1.0,0.0,0.0,0.0,0.0,0.0,0.0,0.0,0.0,0.0,0.0,0.0,1.0,0.0,1.0,0.0,1
2.3462809730165644,-0.24021078585020508,0.5041800330740437,-0.5029741911871904,0.639137507216896,-0.3722667252333328,-0.37454818558297887,-0.1601493342676051,-0.220153165679624,0.0,0.0,1.0,0.0,0.0,0.0,0.0,0.0,1.0,0.0,0.0,0.0,0.0,0.0,0.0,0.0,0.0,0.0,0.0,0.0,0.0,0.0,1.0,0.0,1.0,0.0,0.0,0.0,0.0,0.0,0.0,0.0,1.0,0.0,0.0,0.0,0.0,0.0,1.0,0.0,1.0,0.0,1
0.2432552979771377,-1.6044750850161147,-1.6186832640798245,-1.5544881797318397,-1.2668391544637088,1.5433424955213808,1.609145077378938,0.8708549635925131,-1.7296016041105329,0.0,0.0,0.0,0.0,1.0,0.0,0.0,0.0,0.0,1.0,0.0,0.0,0.0,0.0,0.0,0.0,0.0,0.0,0.0,0.0,1.0,0.0,0.0,0.0,1.0,0.0,0.0,0.0,0.0,0.0,1.0,0.0,0.0,0.0,0.0,0.0,1.0,0.0,0.0,0.0,0.0,1.0,1
-0.32024193823478225,0.8182915274559288,0.8579905825996883,-1.5544881797318397,0.3214747302701286,-0.6915349286924517,1.2056820408443107,-0.8474855328410172,-1.0358913467620796,0.0,0.0,0.0,0.0,0.0,0.0,1.0,0.0,0.0,0.0,1.0,0.0,0.0,0.0,0.0,0.0,0.0,0.0,0.0,0.0,1.0,0.0,0.0,0.0,1.0,0.0,0.0,0.0,0.0,0.0,0.0,1.0,0.0,0.0,0.0,0.0,1.0,0.0,0.0,0.0,0.0,1.0,1
-1.0903679574372733,0.6996105547825161,0.15036948354839894,-0.152469528338974,-1.2668391544637088,-0.05299852177421386,1.104816281710654,-0.8474855328410172,-0.31259856244780804,0.0,1.0,0.0,0.0,0.0,0.0,0.0,0.0,0.0,0.0,0.0,0.0,0.0,0.0,0.0,1.0,0.0,0.0,0.0,0.0,0.0,1.0,0.0,0.0,1.0,1.0,0.0,0.0,0.0,0.0,0.0,0.0,0.0,0.0,0.0,0.0,0.0,0.0,1.0,0.0,1.0,0.0,1
-1.097904207471702,-0.1380883418753101,-1.2648727145541798,-1.2039835168836233,-1.5845019314104762,-0.6915349286924517,0.2978902086413997,-1.1911536321277234,-2.6658885825787006,1.0,0.0,0.0,0.0,0.0,0.0,0.0,0.0,0.0,0.0,0.0,0.0,0.0,1.0,0.0,0.0,0.0,0.0,1.0,0.0,0.0,0.0,0.0,0.0,1.0,0.0,0.0,0.0,0.0,1.0,0.0,0.0,0.0,0.0,0.0,0.0,0.0,0.0,1.0,0.0,1.0,0.0,2
0.24576701497951262,-1.6331949411161102,-1.6186832640798245,0.1980351345092424,-1.2668391544637088,0.26626968168490506,1.2056820408443107,-0.8474855328410172,-2.30498175359571,0.0,0.0,0.0,0.0,1.0,0.0,0.0,0.0,0.0,0.0,0.0,1.0,0.0,0.0,0.0,0.0,0.0,0.0,1.0,0.0,0.0,0.0,0.0,0.0,1.0,0.0,0.0,0.0,0.0,0.0,1.0,0.0,0.0,0.0,0.0,0.0,1.0,0.0,0.0,0.0,0.0,1.0,1
-0.12504215999221702,0.13614655804412312,-1.2648727145541798,0.1980351345092424,0.003811953323361072,-0.3722667252333328,-1.181474258652233,0.5271868643058071,-0.14471772191678509,0.0,0.0,0.0,1.0,0.0,0.0,0.0,0.0,0.0,0.0,0.0,0.0,0.0,0.0,0.0,1.0,0.0,0.0,1.0,0.0,0.0,0.0,0.0,0.0,1.0,0.0,0.0,0.0,0.0,0.0,0.0,1.0,0.0,0.0,0.0,0.0,1.0,0.0,0.0,0.0,0.0,1.0,1
-0.07552548477475476,1.606871406197735,0.8579905825996883,0.1980351345092424,-0.6315136005701739,1.5433424955213808,1.4410354788228432,-0.8474855328410172,0.23245949689740542,0.0,0.0,0.0,0.0,0.0,0.0,0.0,1.0,0.0,0.0,0.0,0.0,1.0,0.0,0.0,0.0,0.0,0.0,0.0,0.0,0.0,1.0,0.0,0.0,1.0,0.0,0.0,0.0,0.0,1.0,0.0,0.0,0.0,0.0,0.0,0.0,0.0,0.0,1.0,0.0,1.0,0.0,1
-1.1025862835955822,-0.1396351636641453,-1.2648727145541798,-0.8534788540354068,-1.2668391544637088,1.2240742920622618,1.3737916394004053,0.5271868643058071,-1.5395338683551465,1.0,0.0,0.0,0.0,0.0,0.0,0.0,0.0,0.0,0.0,0.0,0.0,0.0,0.0,0.0,1.0,0.0,0.0,1.0,0.0,0.0,0.0,0.0,0.0,1.0,1.0,0.0,0.0,0.0,0.0,0.0,0.0,0.0,0.0,0.0,0.0,0.0,0.0,1.0,0.0,1.0,0.0,1
-0.31901696240085925,0.8142360840354239,-0.20344106597724576,-1.2039835168836233,-0.6315136005701739,0.9048060886031429,0.8022190043096836,1.5581911621659252,-0.5499983413485042,0.0,0.0,0.0,0.0,0.0,0.0,1.0,0.0,1.0,0.0,0.0,0.0,0.0,0.0,0.0,0.0,0.0,1.0,0.0,0.0,0.0,0.0,0.0,0.0,1.0,0.0,0.0,0.0,1.0,0.0,0.0,0.0,0.0,0.0,0.0,1.0,0.0,0.0,0.0,0.0,0.0,1.0,1
-0.05482222821251946,1.6151267506224245,-0.5572516155028905,1.2495491230538915,1.274463061110431,0.9048060886031429,-0.9461208206737006,0.5271868643058071,1.3395855685931775,0.0,0.0,0.0,0.0,0.0,0.0,0.0,1.0,0.0,0.0,0.0,0.0,0.0,0.0,1.0,0.0,0.0,0.0,0.0,1.0,0.0,0.0,0.0,1.0,0.0,0.0,0.0,0.0,0.0,0.0,0.0,0.0,0.0,1.0,0.0,0.0,0.0,1.0,0.0,1.0,0.0,0.0,0
-1.1011443597716937,-0.14322690449462835,0.5041800330740437,-1.2039835168836233,-0.6315136005701739,0.585537885144024,0.9703286028657783,1.5581911621659252,-0.43684517570424686,1.0,0.0,0.0,0.0,0.0,0.0,0.0,0.0,0.0,0.0,1.0,0.0,0.0,0.0,0.0,0.0,0.0,0.0,0.0,0.0,1.0,0.0,0.0,0.0,1.0,0.0,0.0,0.0,0.0,0.0,0.0,0.0,1.0,0.0,0.0,0.0,0.0,0.0,1.0,0.0,1.0,0.0,1
-0.06213823317506715,1.6310943164786316,0.15036948354839894,-0.8534788540354068,0.3214747302701286,1.2240742920622618,0.02891485095164826,0.18351876501910097,-0.039699751188127866,0.0,0.0,0.0,0.0,0.0,0.0,0.0,1.0,0.0,1.0,0.0,0.0,0.0,0.0,0.0,0.0,0.0,1.0,0.0,0.0,0.0,0.0,0.0,0.0,1.0,0.0,0.0,0.0,0.0,0.0,0.0,1.0,0.0,0.0,0.0,0.0,1.0,0.0,0.0,0.0,0.0,1.0,1
-0.1254259403270502,0.1166260235227484,1.5656116816509777,-1.2039835168836233,-1.5845019314104762,-0.3722667252333328,-0.8452550615400438,-1.5348217314144295,-0.3643679846379903,0.0,0.0,0.0,1.0,0.0,0.0,0.0,0.0,0.0,0.0,0.0,1.0,0.0,0.0,0.0,0.0,0.0,0.0,0.0,0.0,0.0,0.0,1.0,0.0,1.0,1.0,0.0,0.0,0.0,0.0,0.0,0.0,0.0,0.0,0.0,0.0,0.0,0.0,1.0,0.0,1.0,0.0,1
2.335597988003051,-0.2478882999401933,0.5041800330740437,-1.2039835168836233,1.5921258380571985,0.9048060886031429,0.5332436466199322,1.5581911621659252,1.6073074376338388,0.0,0.0,1.0,0.0,0.0,0.0,0.0,0.0,0.0,0.0,0.0,0.0,0.0,1.0,0.0,0.0,0.0,0.0,1.0,0.0,0.0,0.0,0.0,0.0,1.0,0.0,0.0,0.0,1.0,0.0,0.0,0.0,0.0,0.0,0.0,1.0,0.0,0.0,0.0,0.0,0.0,1.0,0
-0.13202911617970947,0.1551649304889079,-0.9110621650285352,1.2495491230538915,0.003811953323361072,0.26626968168490506,0.7685970845984647,-1.1911536321277234,-1.0440265416776797,0.0,0.0,0.0,1.0,0.0,0.0,0.0,0.0,1.0,0.0,0.0,0.0,0.0,0.0,0.0,0.0,0.0,1.0,0.0,0.0,0.0,0.0,0.0,0.0,1.0,1.0,0.0,0.0,0.0,0.0,0.0,0.0,0.0,0.0,0.0,0.0,0.0,0.0,1.0,0.0,1.0,0.0,1
-1.0923356559237754,-0.13893132379217102,-0.5572516155028905,-1.2039835168836233,0.3214747302701286,-1.3300713356106897,0.1970244495077429,1.5581911621659252,-0.06928227815394719,1.0,0.0,0.0,0.0,0.0,0.0,0.0,0.0,0.0,0.0,0.0,1.0,0.0,0.0,0.0,0.0,0.0,0.0,1.0,0.0,0.0,0.0,0.0,1.0,0.0,0.0,0.0,0.0,0.0,0.0,0.0,0.0,0.0,1.0,0.0,0.0,0.0,1.0,0.0,1.0,0.0,0.0,1
-0.31972935189982604,0.8301267309185036,-1.6186832640798245,-0.8534788540354068,-1.5845019314104762,-1.0108031321515707,0.36513404806383754,0.18351876501910097,-2.764250484740048,0.0,0.0,0.0,0.0,0.0,0.0,1.0,0.0,0.0,0.0,0.0,0.0,0.0,0.0,0.0,1.0,0.0,0.0,0.0,1.0,0.0,0.0,0.0,0.0,1.0,0.0,0.0,0.0,0.0,0.0,0.0,0.0,1.0,0.0,0.0,0.0,0.0,0.0,1.0,0.0,1.0,0.0,2
-1.058418134659627,0.7047222270291167,0.15036948354839894,-0.8534788540354068,-0.3138508236234064,-1.3300713356106897,1.5419012379565,-1.5348217314144295,-1.8338800116650442,0.0,1.0,0.0,0.0,0.0,0.0,0.0,0.0,0.0,0.0,0.0,0.0,1.0,0.0,0.0,0.0,0.0,0.0,1.0,0.0,0.0,0.0,0.0,0.0,1.0,1.0,0.0,0.0,0.0,0.0,0.0,0.0,0.0,0.0,0.0,0.0,0.0,0.0,1.0,0.0,1.0,0.0,1
-0.1267581812259212,0.14406452209481552,1.5656116816509777,-1.2039835168836233,0.639137507216896,0.585537885144024,0.43237788748627537,0.18351876501910097,0.20805391215060495,0.0,0.0,0.0,1.0,0.0,0.0,0.0,0.0,0.0,0.0,0.0,0.0,0.0,0.0,1.0,0.0,0.0,0.0,0.0,0.0,1.0,0.0,0.0,0.0,1.0,0.0,0.0,1.0,0.0,0.0,0.0,0.0,0.0,0.0,0.0,0.0,0.0,0.0,1.0,0.0,1.0,0.0,1
-0.3199805895417024,0.8185488620692767,-0.9110621650285352,-0.152469528338974,-1.2668391544637088,1.2240742920622618,1.1384382014218728,-1.1911536321277234,-1.0639947473796076,0.0,0.0,0.0,0.0,0.0,0.0,1.0,0.0,0.0,1.0,0.0,0.0,0.0,0.0,0.0,0.0,0.0,0.0,1.0,0.0,0.0,0.0,0.0,0.0,1.0,0.0,0.0,0.0,0.0,0.0,0.0,0.0,1.0,0.0,0.0,0.0,0.0,0.0,1.0,0.0,1.0,0.0,1
-0.07923228406836122,1.6262465450991745,-1.6186832640798245,0.8990444602056752,0.003811953323361072,0.26626968168490506,-1.1142304192297954,-0.8474855328410172,-0.4886145978944301,0.0,0.0,0.0,0.0,0.0,0.0,0.0,1.0,1.0,0.0,0.0,0.0,0.0,0.0,0.0,0.0,0.0,0.0,0.0,1.0,0.0,0.0,0.0,0.0,1.0,0.0,0.0,0.0,0.0,0.0,0.0,0.0,1.0,0.0,0.0,0.0,0.0,0.0,1.0,0.0,1.0,0.0,1
2.3227347526222895,-0.2585384509306204,0.15036948354839894,-0.5029741911871904,0.3214747302701286,-0.05299852177421386,-0.6099016235615113,-1.1911536321277234,-0.7149209291829444,0.0,0.0,1.0,0.0,0.0,0.0,0.0,0.0,1.0,0.0,0.0,0.0,0.0,0.0,0.0,0.0,0.0,0.0,1.0,0.0,0.0,0.0,0.0,0.0,1.0,0.0,1.0,0.0,0.0,0.0,0.0,0.0,0.0,0.0,0.0,0.0,0.0,0.0,1.0,0.0,1.0,0.0,1
-0.07402773036378199,1.609413484455927,-0.5572516155028905,1.2495491230538915,-1.5845019314104762,0.26626968168490506,-1.4840715360532035,0.8708549635925131,0.24577163403202443,0.0,0.0,0.0,0.0,0.0,0.0,0.0,1.0,0.0,0.0,0.0,0.0,1.0,0.0,0.0,0.0,0.0,0.0,1.0,0.0,0.0,0.0,0.0,0.0,1.0,0.0,0.0,0.0,1.0,0.0,0.0,0.0,0.0,0.0,0.0,1.0,0.0,0.0,0.0,0.0,0.0,1.0,1
0.2369183065376997,-1.6166379758113556,0.15036948354839894,-0.5029741911871904,-0.3138508236234064,1.2240742920622618,1.609145077378938,-0.1601493342676051,-0.6099029584542877,0.0,0.0,0.0,0.0,1.0,0.0,0.0,0.0,0.0,0.0,0.0,1.0,0.0,0.0,0.0,0.0,0.0,0.0,1.0,0.0,0.0,0.0,0.0,0.0,1.0,0.0,0.0,0.0,0.0,0.0,0.0,0.0,0.0,0.0,1.0,0.0,1.0,0.0,0.0,0.0,0.0,1.0,1
0.24803145083830858,-1.6308392193944354,1.211801132125333,-0.5029741911871904,-0.9491763775169414,-1.6493395390698085,-0.004707068759570669,-1.5348217314144295,-0.6801614599981072,0.0,0.0,0.0,0.0,1.0,0.0,0.0,0.0,1.0,0.0,0.0,0.0,0.0,0.0,0.0,0.0,0.0,0.0,1.0,0.0,0.0,0.0,0.0,0.0,1.0,0.0,0.0,0.0,0.0,0.0,0.0,0.0,1.0,0.0,0.0,0.0,0.0,0.0,1.0,0.0,1.0,0.0,1
-0.059673334735876965,1.6223252408635105,-1.6186832640798245,0.5485397973574588,-0.3138508236234064,-1.3300713356106897,-0.8788769812512628,1.2145230628792192,-1.175668786675574,0.0,0.0,0.0,0.0,0.0,0.0,0.0,1.0,0.0,1.0,0.0,0.0,0.0,0.0,0.0,0.0,0.0,0.0,1.0,0.0,0.0,0.0,0.0,0.0,1.0,1.0,0.0,0.0,0.0,0.0,0.0,0.0,0.0,0.0,0.0,0.0,0.0,0.0,1.0,0.0,1.0,0.0,1
-0.060764009433153625,1.6093403176278294,-0.20344106597724576,-1.2039835168836233,-1.5845019314104762,-0.6915349286924517,0.46599980719749434,0.5271868643058071,-1.6807904346169313,0.0,0.0,0.0,0.0,0.0,0.0,0.0,1.0,0.0,0.0,0.0,0.0,1.0,0.0,0.0,0.0,1.0,0.0,0.0,0.0,0.0,0.0,0.0,0.0,1.0,0.0,0.0,1.0,0.0,0.0,0.0,0.0,0.0,0.0,0.0,0.0,0.0,0.0,1.0,0.0,1.0,0.0,1
-0.1323451964325681,0.1186906413258013,1.211801132125333,-0.8534788540354068,1.5921258380571985,0.26626968168490506,-1.4504496163419847,1.5581911621659252,1.892778822853991,0.0,0.0,0.0,1.0,0.0,0.0,0.0,0.0,0.0,0.0,0.0,0.0,0.0,0.0,0.0,1.0,0.0,0.0,1.0,0.0,0.0,0.0,0.0,1.0,0.0,0.0,0.0,0.0,0.0,0.0,0.0,0.0,0.0,1.0,0.0,0.0,0.0,1.0,0.0,1.0,0.0,0.0,0
-0.3210121365699813,0.8299650760034373,-0.20344106597724576,-0.152469528338974,0.003811953323361072,0.26626968168490506,1.2393039605555296,0.18351876501910097,-0.8177202103891651,0.0,0.0,0.0,0.0,0.0,0.0,1.0,0.0,1.0,0.0,0.0,0.0,0.0,0.0,0.0,0.0,0.0,0.0,1.0,0.0,0.0,0.0,0.0,0.0,1.0,0.0,0.0,1.0,0.0,0.0,0.0,0.0,0.0,0.0,0.0,0.0,0.0,0.0,1.0,0.0,1.0,0.0,1
-0.13181524546619705,0.15550575032918326,-0.9110621650285352,1.600053785902108,-1.2668391544637088,-1.0108031321515707,-1.3159619374971088,-0.8474855328410172,-0.7282330663175628,0.0,0.0,0.0,1.0,0.0,0.0,0.0,0.0,1.0,0.0,0.0,0.0,0.0,0.0,0.0,0.0,0.0,0.0,1.0,0.0,0.0,0.0,0.0,0.0,1.0,0.0,0.0,1.0,0.0,0.0,0.0,0.0,0.0,0.0,0.0,0.0,0.0,0.0,1.0,0.0,1.0,0.0,1
-0.13060807387461204,0.15114169297991376,-0.5572516155028905,0.8990444602056752,-0.3138508236234064,0.585537885144024,-0.6435235432727303,-1.1911536321277234,0.12078545760143872,0.0,0.0,0.0,1.0,0.0,0.0,0.0,0.0,0.0,1.0,0.0,0.0,0.0,0.0,0.0,0.0,0.0,0.0,0.0,1.0,0.0,0.0,0.0,0.0,1.0,0.0,0.0,0.0,0.0,0.0,0.0,1.0,0.0,0.0,0.0,0.0,1.0,0.0,0.0,0.0,0.0,1.0,1
-1.0770906085680656,0.6985036719985072,-0.5572516155028905,0.1980351345092424,-0.9491763775169414,-1.3300713356106897,1.3065477999779675,-0.5038174335543112,-1.2991758367578679,0.0,1.0,0.0,0.0,0.0,0.0,0.0,0.0,0.0,0.0,0.0,1.0,0.0,0.0,0.0,0.0,0.0,0.0,0.0,0.0,0.0,0.0,1.0,0.0,1.0,1.0,0.0,0.0,0.0,0.0,0.0,0.0,0.0,0.0,0.0,0.0,0.0,0.0,1.0,0.0,1.0,0.0,1
-1.0728230855435532,0.681856029855517,-0.9110621650285352,-1.5544881797318397,0.3214747302701286,0.585537885144024,0.634109405753589,1.2145230628792192,-1.5291799839171099,0.0,1.0,0.0,0.0,0.0,0.0,0.0,0.0,0.0,0.0,0.0,0.0,0.0,0.0,1.0,0.0,0.0,0.0,1.0,0.0,0.0,0.0,0.0,0.0,1.0,0.0,0.0,0.0,0.0,0.0,1.0,0.0,0.0,0.0,0.0,0.0,1.0,0.0,0.0,0.0,0.0,1.0,1
-0.31509914986473186,0.8140759925141208,-1.6186832640798245,-1.5544881797318397,-0.6315136005701739,-1.0108031321515707,-0.9124989009624818,0.5271868643058071,-1.3509452589480506,0.0,0.0,0.0,0.0,0.0,0.0,1.0,0.0,0.0,0.0,0.0,0.0,0.0,0.0,0.0,1.0,0.0,0.0,0.0,0.0,0.0,0.0,1.0,0.0,1.0,0.0,0.0,0.0,0.0,0.0,1.0,0.0,0.0,0.0,0.0,0.0,1.0,0.0,0.0,0.0,0.0,1.0,1
-1.0771161060015364,0.7092732662724069,-1.6186832640798245,-1.2039835168836233,-0.6315136005701739,1.5433424955213808,0.12978061008530503,-0.8474855328410172,-1.3894025440036155,0.0,1.0,0.0,0.0,0.0,0.0,0.0,0.0,0.0,0.0,0.0,0.0,0.0,0.0,0.0,1.0,0.0,0.0,1.0,0.0,0.0,0.0,0.0,0.0,1.0,0.0,1.0,0.0,0.0,0.0,0.0,0.0,0.0,0.0,0.0,0.0,0.0,0.0,1.0,0.0,1.0,0.0,1
0.24206790887703902,-1.6097959393481684,-0.9110621650285352,1.600053785902108,0.3214747302701286,0.26626968168490506,0.36513404806383754,-1.5348217314144295,0.45876582818592015,0.0,0.0,0.0,0.0,1.0,0.0,0.0,0.0,0.0,0.0,0.0,1.0,0.0,0.0,0.0,0.0,0.0,0.0,1.0,0.0,0.0,0.0,0.0,0.0,1.0,1.0,0.0,0.0,0.0,0.0,0.0,0.0,0.0,0.0,0.0,0.0,0.0,0.0,1.0,0.0,1.0,0.0,1
-1.0976136246523147,-0.12422823081125305,-0.20344106597724576,-0.152469528338974,0.639137507216896,-1.0108031321515707,-1.6185592148980792,1.5581911621659252,-0.2645269561283519,1.0,0.0,0.0,0.0,0.0,0.0,0.0,0.0,0.0,0.0,0.0,0.0,1.0,0.0,0.0,0.0,0.0,0.0,1.0,0.0,0.0,0.0,0.0,0.0,1.0,0.0,0.0,0.0,0.0,1.0,0.0,0.0,0.0,0.0,0.0,0.0,0.0,0.0,1.0,0.0,1.0,0.0,0
-1.0818126892858404,0.6861553627030087,0.5041800330740437,1.2495491230538915,0.639137507216896,-1.6493395390698085,-1.3832057769195467,-0.1601493342676051,0.6717600223398158,0.0,1.0,0.0,0.0,0.0,0.0,0.0,0.0,0.0,0.0,1.0,0.0,0.0,0.0,0.0,0.0,0.0,0.0,1.0,0.0,0.0,0.0,0.0,0.0,1.0,0.0,0.0,0.0,0.0,0.0,0.0,1.0,0.0,0.0,0.0,0.0,1.0,0.0,0.0,0.0,0.0,1.0,0
-1.0905745745705746,-0.15331110694295186,0.5041800330740437,0.1980351345092424,0.639137507216896,0.9048060886031429,1.609145077378938,0.8708549635925131,0.7627262927597093,1.0,0.0,0.0,0.0,0.0,0.0,0.0,0.0,0.0,0.0,0.0,1.0,0.0,0.0,0.0,0.0,0.0,0.0,0.0,0.0,0.0,0.0,1.0,0.0,1.0,0.0,0.0,0.0,0.0,1.0,0.0,0.0,0.0,0.0,0.0,0.0,0.0,0.0,1.0,0.0,1.0,0.0,1
2.3496622404224916,-0.2626508018840914,-0.9110621650285352,-1.5544881797318397,0.003811953323361072,1.2240742920622618,-0.811633141828825,-1.5348217314144295,0.04904782970932797,0.0,0.0,1.0,0.0,0.0,0.0,0.0,0.0,0.0,0.0,0.0,0.0,0.0,0.0,1.0,0.0,0.0,0.0,0.0,1.0,0.0,0.0,0.0,1.0,0.0,0.0,0.0,0.0,0.0,0.0,0.0,0.0,0.0,1.0,0.0,0.0,0.0,1.0,0.0,1.0,0.0,0.0,1
0.24169687725894048,-1.6013870696559849,1.5656116816509777,-0.5029741911871904,-0.9491763775169414,-1.3300713356106897,-0.7107673826951681,-0.5038174335543112,0.04830826653518318,0.0,0.0,0.0,0.0,1.0,0.0,0.0,0.0,0.0,1.0,0.0,0.0,0.0,0.0,0.0,0.0,0.0,0.0,0.0,1.0,0.0,0.0,0.0,0.0,1.0,0.0,0.0,0.0,0.0,0.0,0.0,0.0,1.0,0.0,0.0,0.0,0.0,0.0,1.0,0.0,1.0,0.0,1
-0.05737131214325668,1.6170000090289187,1.5656116816509777,0.5485397973574588,0.003811953323361072,-1.0108031321515707,-1.0133646600961386,-0.5038174335543112,0.8891915955385845,0.0,0.0,0.0,0.0,0.0,0.0,0.0,1.0,1.0,0.0,0.0,0.0,0.0,0.0,0.0,0.0,0.0,0.0,0.0,1.0,0.0,0.0,0.0,0.0,1.0,0.0,1.0,0.0,0.0,0.0,0.0,0.0,0.0,0.0,0.0,0.0,0.0,0.0,1.0,0.0,1.0,0.0,0
0.1228155333103707,-1.2841353903551993,0.15036948354839894,1.600053785902108,1.274463061110431,-1.0108031321515707,0.6677313254648078,-0.5038174335543112,-0.15655073270311343,0.0,0.0,0.0,0.0,0.0,1.0,0.0,0.0,0.0,0.0,0.0,1.0,0.0,0.0,0.0,0.0,0.0,0.0,1.0,0.0,0.0,0.0,0.0,0.0,1.0,0.0,0.0,0.0,0.0,0.0,0.0,0.0,1.0,0.0,0.0,0.0,0.0,0.0,1.0,0.0,1.0,0.0,1
0.251421950073596,-1.6298683518677866,-1.2648727145541798,-1.5544881797318397,-0.6315136005701739,1.2240742920622618,-0.811633141828825,-1.5348217314144295,-1.3472474430773236,0.0,0.0,0.0,0.0,1.0,0.0,0.0,0.0,0.0,0.0,0.0,1.0,0.0,0.0,0.0,0.0,0.0,0.0,1.0,0.0,0.0,0.0,0.0,0.0,1.0,0.0,0.0,1.0,0.0,0.0,0.0,0.0,0.0,0.0,0.0,0.0,0.0,0.0,1.0,0.0,1.0,0.0,1
-1.1130712238887712,-0.1328669193865634,0.15036948354839894,-0.8534788540354068,0.003811953323361072,-1.6493395390698085,-1.6858030543205171,-0.8474855328410172,-0.19426845458453185,1.0,0.0,0.0,0.0,0.0,0.0,0.0,0.0,0.0,0.0,0.0,0.0,1.0,0.0,0.0,0.0,0.0,1.0,0.0,0.0,0.0,0.0,0.0,0.0,1.0,0.0,0.0,0.0,0.0,0.0,0.0,1.0,0.0,0.0,0.0,0.0,1.0,0.0,0.0,0.0,0.0,1.0,1
0.13308946036103964,-1.3114400624211775,0.15036948354839894,0.5485397973574588,1.274463061110431,-1.3300713356106897,-0.30730434616054103,-0.1601493342676051,0.6414379321998517,0.0,0.0,0.0,0.0,0.0,1.0,0.0,0.0,0.0,0.0,0.0,0.0,0.0,0.0,0.0,1.0,1.0,0.0,0.0,0.0,0.0,0.0,0.0,0.0,1.0,0.0,0.0,0.0,0.0,0.0,0.0,1.0,0.0,0.0,0.0,0.0,1.0,0.0,0.0,0.0,0.0,1.0,1
2.3400980652052574,-0.2375276894746204,0.15036948354839894,-0.8534788540354068,0.9568002841636635,1.2240742920622618,1.609145077378938,0.18351876501910097,0.5763563728750505,0.0,0.0,1.0,0.0,0.0,0.0,0.0,0.0,0.0,0.0,1.0,0.0,0.0,0.0,0.0,0.0,0.0,0.0,0.0,1.0,0.0,0.0,0.0,0.0,1.0,0.0,0.0,0.0,0.0,1.0,0.0,0.0,0.0,0.0,0.0,0.0,0.0,0.0,1.0,0.0,1.0,0.0,1
2.3367055877208216,-0.2771575326084093,-0.20344106597724576,-0.8534788540354068,-0.9491763775169414,-1.6493395390698085,1.2393039605555296,1.5581911621659252,-1.3465078799031782,0.0,0.0,1.0,0.0,0.0,0.0,0.0,0.0,0.0,0.0,0.0,0.0,0.0,0.0,1.0,0.0,0.0,0.0,1.0,0.0,0.0,0.0,0.0,0.0,1.0,0.0,0.0,0.0,0.0,1.0,0.0,0.0,0.0,0.0,0.0,0.0,0.0,0.0,1.0,0.0,1.0,0.0,1
0.12026469093594558,-1.314402380922786,1.5656116816509777,-1.2039835168836233,0.639137507216896,-1.0108031321515707,-0.34092626587175995,-1.1911536321277234,0.3959029583835554,0.0,0.0,0.0,0.0,0.0,1.0,0.0,0.0,1.0,0.0,0.0,0.0,0.0,0.0,0.0,0.0,1.0,0.0,0.0,0.0,0.0,0.0,0.0,0.0,1.0,0.0,1.0,0.0,0.0,0.0,0.0,0.0,0.0,0.0,0.0,0.0,0.0,0.0,1.0,0.0,1.0,0.0,1
-0.32044503848070754,0.8079546805755515,0.15036948354839894,0.8990444602056752,-1.5845019314104762,-0.3722667252333328,-0.8788769812512628,-0.5038174335543112,-0.202403649500132,0.0,0.0,0.0,0.0,0.0,0.0,1.0,0.0,0.0,0.0,0.0,0.0,0.0,0.0,0.0,1.0,0.0,0.0,1.0,0.0,0.0,0.0,0.0,0.0,1.0,0.0,1.0,0.0,0.0,0.0,0.0,0.0,0.0,0.0,0.0,0.0,0.0,0.0,1.0,0.0,1.0,0.0,1
-0.14057339405809482,0.14225567551134283,-1.6186832640798245,0.5485397973574588,0.639137507216896,0.26626968168490506,-1.0469865798073574,0.5271868643058071,0.3507896047606816,0.0,0.0,0.0,1.0,0.0,0.0,0.0,0.0,0.0,0.0,0.0,1.0,0.0,0.0,0.0,0.0,0.0,0.0,1.0,0.0,0.0,0.0,0.0,0.0,1.0,1.0,0.0,0.0,0.0,0.0,0.0,0.0,0.0,0.0,0.0,0.0,0.0,0.0,1.0,0.0,1.0,0.0,1
2.3318573386684567,-0.25503488550835895,0.8579905825996883,1.600053785902108,1.5921258380571985,1.5433424955213808,-0.811633141828825,-0.8474855328410172,2.038472768160649,0.0,0.0,1.0,0.0,0.0,0.0,0.0,0.0,0.0,0.0,0.0,0.0,0.0,0.0,0.0,1.0,0.0,0.0,0.0,1.0,0.0,0.0,0.0,0.0,1.0,0.0,0.0,0.0,0.0,0.0,1.0,0.0,0.0,0.0,0.0,0.0,1.0,0.0,0.0,0.0,0.0,1.0,0
-0.07821282634043497,1.616353389368658,-1.6186832640798245,0.1980351345092424,-0.3138508236234064,-1.3300713356106897,-1.4504496163419847,0.18351876501910097,-1.7214664091949328,0.0,0.0,0.0,0.0,0.0,0.0,0.0,1.0,0.0,0.0,0.0,0.0,0.0,0.0,1.0,0.0,0.0,0.0,1.0,0.0,0.0,0.0,0.0,0.0,1.0,1.0,0.0,0.0,0.0,0.0,0.0,0.0,0.0,0.0,0.0,0.0,0.0,0.0,1.0,0.0,1.0,0.0,1
-0.12876324664078564,0.1353758049190999,0.15036948354839894,1.600053785902108,1.274463061110431,0.585537885144024,1.2729258802667487,-1.5348217314144295,-0.07445922037296498,0.0,0.0,0.0,1.0,0.0,0.0,0.0,0.0,0.0,0.0,0.0,0.0,0.0,0.0,0.0,1.0,0.0,0.0,0.0,0.0,0.0,0.0,1.0,0.0,1.0,0.0,0.0,0.0,0.0,0.0,0.0,1.0,0.0,0.0,0.0,0.0,1.0,0.0,0.0,0.0,0.0,1.0,1
2.343854980143963,-0.2800451208881575,-1.6186832640798245,-1.2039835168836233,0.003811953323361072,-0.6915349286924517,-0.9461208206737006,0.5271868643058071,-1.3198836056339407,0.0,0.0,1.0,0.0,0.0,0.0,0.0,0.0,0.0,0.0,0.0,0.0,1.0,0.0,0.0,0.0,0.0,0.0,1.0,0.0,0.0,0.0,0.0,0.0,1.0,0.0,0.0,0.0,0.0,0.0,0.0,0.0,1.0,0.0,0.0,0.0,0.0,0.0,1.0,0.0,1.0,0.0,1
-1.0660765965303487,0.7187177279930216,-0.5572516155028905,-1.2039835168836233,-1.5845019314104762,0.26626968168490506,0.7013532451760268,1.2145230628792192,-0.9197799284212405,0.0,1.0,0.0,0.0,0.0,0.0,0.0,0.0,0.0,0.0,0.0,0.0,0.0,0.0,1.0,0.0,0.0,0.0,1.0,0.0,0.0,0.0,0.0,0.0,1.0,0.0,0.0,0.0,0.0,0.0,0.0,1.0,0.0,0.0,0.0,0.0,1.0,0.0,0.0,0.0,0.0,1.0,1
-0.05925966085835234,1.6151461367050821,-1.2648727145541798,-0.152469528338974,1.5921258380571985,1.5433424955213808,0.8022190043096836,0.8708549635925131,0.715394249614399,0.0,0.0,0.0,0.0,0.0,0.0,0.0,1.0,0.0,0.0,0.0,0.0,0.0,1.0,0.0,0.0,0.0,0.0,1.0,0.0,0.0,0.0,0.0,0.0,1.0,0.0,0.0,0.0,0.0,0.0,1.0,0.0,0.0,0.0,0.0,0.0,1.0,0.0,0.0,0.0,0.0,1.0,1
-0.31948031231256,0.810127797905739,-1.2648727145541798,0.8990444602056752,-1.2668391544637088,-0.3722667252333328,1.609145077378938,0.5271868643058071,-1.24001078282623,0.0,0.0,0.0,0.0,0.0,0.0,1.0,0.0,0.0,0.0,0.0,0.0,0.0,0.0,1.0,0.0,0.0,0.0,0.0,0.0,1.0,0.0,0.0,0.0,1.0,0.0,0.0,1.0,0.0,0.0,0.0,0.0,0.0,0.0,0.0,0.0,0.0,0.0,1.0,0.0,1.0,0.0,1
-1.0856258744225513,0.6811481251597521,1.211801132125333,0.5485397973574588,-0.9491763775169414,-0.05299852177421386,-0.1391947476044464,0.18351876501910097,0.6429170585481424,0.0,1.0,0.0,0.0,0.0,0.0,0.0,0.0,0.0,0.0,0.0,0.0,0.0,0.0,0.0,1.0,0.0,0.0,1.0,0.0,0.0,0.0,0.0,0.0,1.0,0.0,0.0,1.0,0.0,0.0,0.0,0.0,0.0,0.0,0.0,0.0,0.0,0.0,1.0,0.0,1.0,0.0,1
0.237607176852344,-1.6233943382963443,-0.20344106597724576,-0.5029741911871904,-0.3138508236234064,1.2240742920622618,-1.5176934557644224,-0.8474855328410172,0.37963256855235405,0.0,0.0,0.0,0.0,1.0,0.0,0.0,0.0,0.0,0.0,1.0,0.0,0.0,0.0,0.0,0.0,0.0,0.0,0.0,0.0,0.0,1.0,0.0,0.0,1.0,0.0,0.0,0.0,0.0,0.0,1.0,0.0,0.0,0.0,0.0,0.0,1.0,0.0,0.0,0.0,0.0,1.0,1
2.3468869766724274,-0.25341739832144045,1.211801132125333,-1.5544881797318397,0.3214747302701286,0.9048060886031429,0.02891485095164826,1.2145230628792192,1.70345065027275,0.0,0.0,1.0,0.0,0.0,0.0,0.0,0.0,1.0,0.0,0.0,0.0,0.0,0.0,0.0,0.0,0.0,0.0,0.0,0.0,1.0,0.0,0.0,0.0,1.0,0.0,0.0,0.0,0.0,1.0,0.0,0.0,0.0,0.0,0.0,0.0,0.0,0.0,1.0,0.0,1.0,0.0,1
0.2438063502677606,-1.6164750701812822,-1.2648727145541798,0.5485397973574588,-1.5845019314104762,0.9048060886031429,0.7013532451760268,1.2145230628792192,-0.9574976503026593,0.0,0.0,0.0,0.0,1.0,0.0,0.0,0.0,0.0,0.0,0.0,0.0,0.0,0.0,1.0,0.0,0.0,0.0,1.0,0.0,0.0,0.0,0.0,0.0,1.0,0.0,0.0,0.0,0.0,1.0,0.0,0.0,0.0,0.0,0.0,0.0,0.0,0.0,1.0,0.0,1.0,0.0,1
0.23470662398953338,-1.6140242941188339,-0.9110621650285352,-0.5029741911871904,-0.6315136005701739,-1.0108031321515707,-1.5849372951868603,0.5271868643058071,-0.7311913190141451,0.0,0.0,0.0,0.0,1.0,0.0,0.0,0.0,0.0,0.0,0.0,0.0,1.0,0.0,0.0,0.0,0.0,0.0,1.0,0.0,0.0,0.0,0.0,0.0,1.0,1.0,0.0,0.0,0.0,0.0,0.0,0.0,0.0,0.0,0.0,0.0,0.0,0.0,1.0,0.0,1.0,0.0,1
-0.32961246484091095,0.8188524731379954,0.15036948354839894,-1.2039835168836233,-1.2668391544637088,0.26626968168490506,0.634109405753589,0.5271868643058071,-0.5241136302534131,0.0,0.0,0.0,0.0,0.0,0.0,1.0,0.0,0.0,0.0,0.0,0.0,0.0,0.0,1.0,0.0,0.0,0.0,0.0,0.0,1.0,0.0,0.0,0.0,1.0,0.0,1.0,0.0,0.0,0.0,0.0,0.0,0.0,0.0,0.0,0.0,0.0,0.0,1.0,0.0,1.0,0.0,1
0.24853722320397428,-1.6108631119306067,1.5656116816509777,1.600053785902108,0.9568002841636635,0.26626968168490506,-1.28234001778589,0.5271868643058071,2.0355145154640666,0.0,0.0,0.0,0.0,1.0,0.0,0.0,0.0,0.0,0.0,0.0,1.0,0.0,0.0,0.0,0.0,0.0,0.0,0.0,0.0,0.0,0.0,1.0,0.0,1.0,0.0,0.0,0.0,0.0,0.0,0.0,1.0,0.0,0.0,0.0,0.0,1.0,0.0,0.0,0.0,0.0,1.0,0
-0.1342722309087924,0.1428072408308301,1.5656116816509777,-1.2039835168836233,-0.3138508236234064,0.9048060886031429,-0.2736824264493221,0.5271868643058071,1.1280705007875724,0.0,0.0,0.0,1.0,0.0,0.0,0.0,0.0,0.0,0.0,0.0,0.0,0.0,0.0,0.0,1.0,0.0,0.0,0.0,0.0,0.0,1.0,0.0,0.0,1.0,1.0,0.0,0.0,0.0,0.0,0.0,0.0,0.0,0.0,0.0,0.0,0.0,0.0,1.0,0.0,1.0,0.0,1
0.25223039455900137,-1.6251075051815398,-0.9110621650285352,-0.152469528338974,0.3214747302701286,-1.0108031321515707,0.9030847634433404,1.5581911621659252,-0.8687500694052029,0.0,0.0,0.0,0.0,1.0,0.0,0.0,0.0,0.0,0.0,0.0,1.0,0.0,0.0,0.0,0.0,0.0,0.0,1.0,0.0,0.0,0.0,0.0,1.0,0.0,0.0,0.0,0.0,0.0,0.0,0.0,0.0,0.0,1.0,0.0,0.0,0.0,1.0,0.0,1.0,0.0,0.0,1
0.1198877245704013,-1.308201023223563,-1.6186832640798245,0.8990444602056752,-0.3138508236234064,-0.05299852177421386,-1.6858030543205171,0.18351876501910097,-0.30890074657707983,0.0,0.0,0.0,0.0,0.0,1.0,0.0,0.0,1.0,0.0,0.0,0.0,0.0,0.0,0.0,0.0,0.0,0.0,1.0,0.0,0.0,0.0,0.0,0.0,1.0,0.0,0.0,0.0,1.0,0.0,0.0,0.0,0.0,0.0,0.0,1.0,0.0,0.0,0.0,0.0,0.0,1.0,1
0.2379902977707952,-1.6089270050948496,-0.5572516155028905,-0.8534788540354068,-0.3138508236234064,0.585537885144024,1.5755231576677189,0.18351876501910097,-0.6579745647737433,0.0,0.0,0.0,0.0,1.0,0.0,0.0,0.0,0.0,0.0,0.0,0.0,0.0,0.0,0.0,1.0,0.0,0.0,0.0,0.0,0.0,0.0,1.0,0.0,1.0,1.0,0.0,0.0,0.0,0.0,0.0,0.0,0.0,0.0,0.0,0.0,0.0,0.0,1.0,0.0,1.0,0.0,1
-0.12464870821710107,0.15834831286856754,0.8579905825996883,-0.5029741911871904,0.3214747302701286,0.585537885144024,1.5082793182452812,1.2145230628792192,-0.1062604368612208,0.0,0.0,0.0,1.0,0.0,0.0,0.0,0.0,1.0,0.0,0.0,0.0,0.0,0.0,0.0,0.0,0.0,0.0,0.0,0.0,0.0,0.0,1.0,1.0,0.0,0.0,0.0,0.0,0.0,0.0,0.0,0.0,0.0,1.0,0.0,0.0,0.0,1.0,0.0,1.0,0.0,0.0,1
-0.3299562405818499,0.8191454531291278,-0.20344106597724576,1.2495491230538915,0.3214747302701286,-1.0108031321515707,1.5755231576677189,1.2145230628792192,-0.5832786841850507,0.0,0.0,0.0,0.0,0.0,0.0,1.0,0.0,0.0,0.0,0.0,0.0,0.0,0.0,0.0,1.0,0.0,0.0,1.0,0.0,0.0,0.0,0.0,1.0,0.0,0.0,0.0,0.0,0.0,0.0,0.0,0.0,0.0,1.0,0.0,0.0,0.0,1.0,0.0,1.0,0.0,0.0,1
-1.0933113723649708,-0.14881603719636805,-0.5572516155028905,-1.5544881797318397,0.639137507216896,-1.6493395390698085,-0.20643858702688425,-0.5038174335543112,-0.8436049214842567,1.0,0.0,0.0,0.0,0.0,0.0,0.0,0.0,0.0,0.0,0.0,1.0,0.0,0.0,0.0,0.0,0.0,0.0,0.0,1.0,0.0,0.0,0.0,0.0,1.0,0.0,1.0,0.0,0.0,0.0,0.0,0.0,0.0,0.0,0.0,0.0,0.0,0.0,1.0,0.0,1.0,0.0,1
2.3313128805416623,-0.2746482856192361,-1.6186832640798245,-0.5029741911871904,0.003811953323361072,0.585537885144024,0.8022190043096836,0.8708549635925131,-1.08322338990739,0.0,0.0,1.0,0.0,0.0,0.0,0.0,0.0,0.0,0.0,0.0,0.0,0.0,0.0,0.0,1.0,0.0,0.0,0.0,0.0,0.0,0.0,1.0,0.0,1.0,0.0,0.0,1.0,0.0,0.0,0.0,0.0,0.0,0.0,0.0,0.0,0.0,0.0,1.0,0.0,1.0,0.0,1
0.12098719148611675,-1.3121770462409221,-0.9110621650285352,-0.152469528338974,-1.2668391544637088,-0.3722667252333328,-1.652181134609298,0.5271868643058071,-0.9005512858934582,0.0,0.0,0.0,0.0,0.0,1.0,0.0,0.0,0.0,1.0,0.0,0.0,0.0,0.0,0.0,0.0,0.0,0.0,0.0,0.0,1.0,0.0,0.0,0.0,1.0,0.0,0.0,0.0,0.0,0.0,0.0,1.0,0.0,0.0,0.0,0.0,1.0,0.0,0.0,0.0,0.0,1.0,1
-1.1033654939546809,-0.1278268505742925,-0.5572516155028905,-0.5029741911871904,-0.3138508236234064,1.5433424955213808,-0.004707068759570669,1.2145230628792192,0.2302408073749689,1.0,0.0,0.0,0.0,0.0,0.0,0.0,0.0,1.0,0.0,0.0,0.0,0.0,0.0,0.0,0.0,0.0,0.0,1.0,0.0,0.0,0.0,0.0,1.0,0.0,0.0,0.0,0.0,0.0,0.0,0.0,0.0,0.0,1.0,0.0,0.0,0.0,1.0,0.0,1.0,0.0,0.0,1
-0.3043425300217982,0.8294125726476903,1.5656116816509777,-1.5544881797318397,-0.6315136005701739,-0.3722667252333328,0.8358409240209025,-0.1601493342676051,-0.04339756705885607,0.0,0.0,0.0,0.0,0.0,0.0,1.0,0.0,0.0,0.0,0.0,0.0,1.0,0.0,0.0,0.0,0.0,0.0,0.0,0.0,1.0,0.0,0.0,0.0,1.0,1.0,0.0,0.0,0.0,0.0,0.0,0.0,0.0,0.0,0.0,0.0,0.0,0.0,1.0,0.0,1.0,0.0,1
0.12016423984028729,-1.3200546747325403,-0.20344106597724576,-0.5029741911871904,0.639137507216896,-0.3722667252333328,1.1384382014218728,1.2145230628792192,-0.28079734595955225,0.0,0.0,0.0,0.0,0.0,1.0,0.0,0.0,0.0,0.0,1.0,0.0,0.0,0.0,0.0,0.0,0.0,0.0,0.0,0.0,0.0,0.0,1.0,0.0,1.0,1.0,0.0,0.0,0.0,0.0,0.0,0.0,0.0,0.0,0.0,0.0,0.0,0.0,1.0,0.0,1.0,0.0,1
-0.06214768480988872,1.6083069143506696,1.211801132125333,1.600053785902108,1.274463061110431,-0.3722667252333328,-0.4754139447166357,-1.1911536321277234,1.165788222668992,0.0,0.0,0.0,0.0,0.0,0.0,0.0,1.0,0.0,1.0,0.0,0.0,0.0,0.0,0.0,0.0,0.0,0.0,1.0,0.0,0.0,0.0,0.0,0.0,1.0,0.0,0.0,0.0,0.0,0.0,1.0,0.0,0.0,0.0,0.0,0.0,1.0,0.0,0.0,0.0,0.0,1.0,0
-1.0700752974761087,0.7058322366006521,-0.20344106597724576,-0.152469528338974,1.5921258380571985,1.5433424955213808,-0.4754139447166357,-0.5038174335543112,1.3366273158965962,0.0,1.0,0.0,0.0,0.0,0.0,0.0,0.0,0.0,1.0,0.0,0.0,0.0,0.0,0.0,0.0,0.0,1.0,0.0,0.0,0.0,0.0,0.0,0.0,1.0,0.0,0.0,0.0,0.0,0.0,0.0,0.0,1.0,0.0,0.0,0.0,0.0,0.0,1.0,0.0,1.0,0.0,0
-0.05824767651609856,1.6204050806441328,0.15036948354839894,-0.8534788540354068,-1.5845019314104762,1.5433424955213808,0.36513404806383754,-0.1601493342676051,-1.276249378359358,0.0,0.0,0.0,0.0,0.0,0.0,0.0,1.0,0.0,0.0,0.0,0.0,0.0,1.0,0.0,0.0,0.0,0.0,1.0,0.0,0.0,0.0,0.0,0.0,1.0,1.0,0.0,0.0,0.0,0.0,0.0,0.0,0.0,0.0,0.0,0.0,0.0,0.0,1.0,0.0,1.0,0.0,1
-0.06556543992233495,1.6281926576550145,0.15036948354839894,-0.5029741911871904,1.5921258380571985,0.9048060886031429,0.9703286028657783,0.8708549635925131,0.5719189938301775,0.0,0.0,0.0,0.0,0.0,0.0,0.0,1.0,1.0,0.0,0.0,0.0,0.0,0.0,0.0,0.0,0.0,0.0,1.0,0.0,0.0,0.0,0.0,0.0,1.0,0.0,0.0,0.0,0.0,0.0,0.0,0.0,1.0,0.0,0.0,0.0,0.0,0.0,1.0,0.0,1.0,0.0,1
-0.3384906272144921,0.8245416630405501,-0.20344106597724576,-1.2039835168836233,0.639137507216896,-1.0108031321515707,1.4074135591116244,-0.1601493342676051,-0.8776248274949485,0.0,0.0,0.0,0.0,0.0,0.0,1.0,0.0,0.0,0.0,0.0,0.0,1.0,0.0,0.0,0.0,1.0,0.0,0.0,0.0,0.0,0.0,0.0,0.0,1.0,0.0,0.0,0.0,0.0,0.0,0.0,1.0,0.0,0.0,0.0,0.0,1.0,0.0,0.0,0.0,0.0,1.0,1
0.11810949839124589,-1.292592725254034,-0.5572516155028905,0.1980351345092424,-0.6315136005701739,-0.3722667252333328,0.02891485095164826,0.18351876501910097,-0.9419668236456044,0.0,0.0,0.0,0.0,0.0,1.0,0.0,0.0,0.0,0.0,0.0,0.0,0.0,0.0,0.0,1.0,0.0,0.0,0.0,0.0,0.0,0.0,1.0,0.0,1.0,0.0,0.0,0.0,1.0,0.0,0.0,0.0,0.0,0.0,0.0,1.0,0.0,0.0,0.0,0.0,0.0,1.0,1
0.24924411756641698,-1.6246531829540884,0.8579905825996883,-1.5544881797318397,1.5921258380571985,1.2240742920622618,0.7349751648872458,1.5581911621659252,1.5540588890953648,0.0,0.0,0.0,0.0,1.0,0.0,0.0,0.0,0.0,0.0,0.0,0.0,0.0,0.0,0.0,1.0,0.0,0.0,0.0,0.0,1.0,0.0,0.0,0.0,1.0,0.0,0.0,1.0,0.0,0.0,0.0,0.0,0.0,0.0,0.0,0.0,0.0,0.0,1.0,0.0,1.0,0.0,0
-0.1353890624559235,0.15544321457867225,1.211801132125333,-0.152469528338974,0.3214747302701286,-1.6493395390698085,-1.1142304192297954,-0.8474855328410172,0.14223278965165786,0.0,0.0,0.0,1.0,0.0,0.0,0.0,0.0,0.0,0.0,0.0,0.0,0.0,1.0,0.0,0.0,0.0,0.0,1.0,0.0,0.0,0.0,0.0,0.0,1.0,0.0,1.0,0.0,0.0,0.0,0.0,0.0,0.0,0.0,0.0,0.0,0.0,0.0,1.0,0.0,1.0,0.0,1
0.23781709106755977,-1.607909235755313,0.15036948354839894,-0.8534788540354068,-1.2668391544637088,0.585537885144024,-0.34092626587175995,-0.8474855328410172,-1.4958996410805634,0.0,0.0,0.0,0.0,1.0,0.0,0.0,0.0,0.0,0.0,0.0,0.0,1.0,0.0,0.0,0.0,0.0,0.0,1.0,0.0,0.0,0.0,0.0,1.0,0.0,0.0,0.0,0.0,0.0,0.0,0.0,0.0,0.0,1.0,0.0,0.0,0.0,1.0,0.0,1.0,0.0,0.0,1
-1.0815761786098488,0.6909602970933642,-0.9110621650285352,1.600053785902108,-0.9491763775169414,0.585537885144024,1.609145077378938,-1.1911536321277234,-1.5114304677376182,0.0,1.0,0.0,0.0,0.0,0.0,0.0,0.0,1.0,0.0,0.0,0.0,0.0,0.0,0.0,0.0,0.0,0.0,1.0,0.0,0.0,0.0,0.0,0.0,1.0,0.0,0.0,0.0,0.0,1.0,0.0,0.0,0.0,0.0,0.0,0.0,0.0,0.0,1.0,0.0,1.0,0.0,1
2.329047345655561,-0.2563015471349148,0.5041800330740437,0.8990444602056752,0.3214747302701286,-1.6493395390698085,-1.6185592148980792,1.2145230628792192,0.6547500693344708,0.0,0.0,1.0,0.0,0.0,0.0,0.0,0.0,0.0,0.0,0.0,0.0,0.0,1.0,0.0,0.0,1.0,0.0,0.0,0.0,0.0,0.0,0.0,0.0,1.0,0.0,1.0,0.0,0.0,0.0,0.0,0.0,0.0,0.0,0.0,0.0,0.0,0.0,1.0,0.0,1.0,0.0,0
0.12367255480264865,-1.3001214042578044,-1.6186832640798245,-1.5544881797318397,1.5921258380571985,-0.6915349286924517,-0.811633141828825,0.18351876501910097,-0.7393265139297454,0.0,0.0,0.0,0.0,0.0,1.0,0.0,0.0,1.0,0.0,0.0,0.0,0.0,0.0,0.0,0.0,0.0,0.0,1.0,0.0,0.0,0.0,0.0,0.0,1.0,0.0,0.0,0.0,0.0,0.0,0.0,1.0,0.0,0.0,0.0,0.0,1.0,0.0,0.0,0.0,0.0,1.0,1
-1.088210786643425,0.6862210252410417,-1.2648727145541798,-1.5544881797318397,-0.3138508236234064,-0.3722667252333328,0.1970244495077429,1.2145230628792192,-0.9819032350494603,0.0,1.0,0.0,0.0,0.0,0.0,0.0,0.0,0.0,0.0,0.0,0.0,1.0,0.0,0.0,0.0,0.0,0.0,1.0,0.0,0.0,0.0,0.0,0.0,1.0,0.0,0.0,0.0,0.0,0.0,0.0,0.0,1.0,0.0,0.0,0.0,0.0,0.0,1.0,0.0,1.0,0.0,1
-0.3215014235260753,0.802532831006423,0.8579905825996883,0.1980351345092424,-0.6315136005701739,-1.0108031321515707,-0.038328988470789596,-1.5348217314144295,-0.31703594149268,0.0,0.0,0.0,0.0,0.0,0.0,1.0,0.0,0.0,1.0,0.0,0.0,0.0,0.0,0.0,0.0,0.0,1.0,0.0,0.0,0.0,0.0,0.0,0.0,1.0,0.0,0.0,0.0,0.0,0.0,0.0,0.0,0.0,0.0,1.0,0.0,1.0,0.0,0.0,0.0,0.0,1.0,1
-0.31927479420656407,0.81096702767757,-1.6186832640798245,1.600053785902108,0.9568002841636635,-1.0108031321515707,-1.248718098074671,0.18351876501910097,-0.06410533593492938,0.0,0.0,0.0,0.0,0.0,0.0,1.0,0.0,1.0,0.0,0.0,0.0,0.0,0.0,0.0,0.0,0.0,0.0,0.0,0.0,1.0,0.0,0.0,0.0,1.0,1.0,0.0,0.0,0.0,0.0,0.0,0.0,0.0,0.0,0.0,0.0,0.0,0.0,1.0,0.0,1.0,0.0,1
-1.066586105588851,0.6934470312123532,1.5656116816509777,-1.5544881797318397,1.5921258380571985,-1.3300713356106897,1.0375724422882162,-1.5348217314144295,0.1585031794828582,0.0,1.0,0.0,0.0,0.0,0.0,0.0,0.0,0.0,0.0,0.0,1.0,0.0,0.0,0.0,0.0,0.0,0.0,1.0,0.0,0.0,0.0,0.0,0.0,1.0,0.0,0.0,0.0,0.0,0.0,1.0,0.0,0.0,0.0,0.0,0.0,1.0,0.0,0.0,0.0,0.0,1.0,1
2.3392590677607785,-0.26681880965551263,1.211801132125333,-0.152469528338974,0.639137507216896,-1.0108031321515707,-0.8788769812512628,-1.5348217314144295,1.1894542442416465,0.0,0.0,1.0,0.0,0.0,0.0,0.0,0.0,0.0,0.0,0.0,0.0,0.0,0.0,0.0,1.0,0.0,0.0,0.0,0.0,0.0,1.0,0.0,0.0,1.0,1.0,0.0,0.0,0.0,0.0,0.0,0.0,0.0,0.0,0.0,0.0,0.0,0.0,1.0,0.0,1.0,0.0,1
-1.0859087640508052,0.6963371209221243,0.5041800330740437,-1.2039835168836233,0.9568002841636635,1.2240742920622618,-1.248718098074671,-0.1601493342676051,1.614703069375293,0.0,1.0,0.0,0.0,0.0,0.0,0.0,0.0,0.0,0.0,0.0,0.0,1.0,0.0,0.0,0.0,0.0,0.0,1.0,0.0,0.0,0.0,0.0,0.0,1.0,0.0,0.0,0.0,0.0,0.0,1.0,0.0,0.0,0.0,0.0,0.0,1.0,0.0,0.0,0.0,0.0,1.0,0
-1.1046854257477376,-0.14086055169537168,1.211801132125333,-0.5029741911871904,0.003811953323361072,0.26626968168490506,-0.5090358644278546,-0.8474855328410172,0.300499308918789,1.0,0.0,0.0,0.0,0.0,0.0,0.0,0.0,0.0,0.0,0.0,0.0,0.0,0.0,1.0,0.0,0.0,0.0,1.0,0.0,0.0,0.0,0.0,0.0,1.0,0.0,0.0,0.0,0.0,0.0,0.0,0.0,1.0,0.0,0.0,0.0,0.0,0.0,1.0,0.0,1.0,0.0,1
-1.1156882277069455,-0.15439047399673525,0.15036948354839894,-0.5029741911871904,-1.5845019314104762,-1.6493395390698085,1.104816281710654,-1.1911536321277234,-2.4765604099974596,1.0,0.0,0.0,0.0,0.0,0.0,0.0,0.0,0.0,0.0,1.0,0.0,0.0,0.0,0.0,0.0,0.0,0.0,0.0,0.0,0.0,1.0,0.0,0.0,1.0,0.0,0.0,0.0,0.0,1.0,0.0,0.0,0.0,0.0,0.0,0.0,0.0,0.0,1.0,0.0,1.0,0.0,1
-0.32051054050807337,0.8148414301003508,1.211801132125333,-1.2039835168836233,-1.2668391544637088,-0.3722667252333328,1.0039505225769971,-0.5038174335543112,-0.5965908213196687,0.0,0.0,0.0,0.0,0.0,0.0,1.0,0.0,0.0,0.0,0.0,0.0,0.0,0.0,0.0,1.0,0.0,0.0,1.0,0.0,0.0,0.0,0.0,0.0,1.0,0.0,0.0,0.0,1.0,0.0,0.0,0.0,0.0,0.0,0.0,1.0,0.0,0.0,0.0,0.0,0.0,1.0,1
-0.03926615612955278,1.629035952250627,-0.9110621650285352,-1.5544881797318397,-0.3138508236234064,-0.05299852177421386,1.1384382014218728,0.18351876501910097,-1.7621423837729335,0.0,0.0,0.0,0.0,0.0,0.0,0.0,1.0,0.0,0.0,0.0,0.0,0.0,0.0,0.0,1.0,0.0,0.0,1.0,0.0,0.0,0.0,0.0,0.0,1.0,0.0,0.0,0.0,0.0,0.0,1.0,0.0,0.0,0.0,0.0,0.0,1.0,0.0,0.0,0.0,0.0,1.0,1
-0.06314692043540629,1.6175919099074891,-0.9110621650285352,-0.8534788540354068,0.003811953323361072,-0.05299852177421386,0.12978061008530503,1.5581911621659252,-0.458292507754466,0.0,0.0,0.0,0.0,0.0,0.0,0.0,1.0,0.0,0.0,0.0,1.0,0.0,0.0,0.0,0.0,0.0,0.0,1.0,0.0,0.0,0.0,0.0,0.0,1.0,0.0,0.0,0.0,0.0,0.0,1.0,0.0,0.0,0.0,0.0,0.0,1.0,0.0,0.0,0.0,0.0,1.0,1
0.11051807718611657,-1.3183365049873033,-1.2648727145541798,0.5485397973574588,0.3214747302701286,0.585537885144024,-0.6099016235615113,0.5271868643058071,-0.007158971525727253,0.0,0.0,0.0,0.0,0.0,1.0,0.0,0.0,0.0,0.0,0.0,0.0,1.0,0.0,0.0,0.0,0.0,0.0,0.0,0.0,0.0,1.0,0.0,0.0,1.0,1.0,0.0,0.0,0.0,0.0,0.0,0.0,0.0,0.0,0.0,0.0,0.0,0.0,1.0,0.0,1.0,0.0,1
-0.3188771661276895,0.7979327011989829,-0.9110621650285352,-1.5544881797318397,-0.9491763775169414,-1.3300713356106897,0.02891485095164826,1.5581911621659252,-1.6053549908540936,0.0,0.0,0.0,0.0,0.0,0.0,1.0,0.0,0.0,0.0,0.0,0.0,0.0,0.0,0.0,1.0,0.0,0.0,0.0,0.0,0.0,1.0,0.0,0.0,1.0,0.0,0.0,0.0,0.0,1.0,0.0,0.0,0.0,0.0,0.0,0.0,0.0,0.0,1.0,0.0,1.0,0.0,1
-0.3313449714841868,0.824215226422891,0.15036948354839894,1.600053785902108,-1.5845019314104762,1.5433424955213808,1.3737916394004053,-0.8474855328410172,-0.1927893282362412,0.0,0.0,0.0,0.0,0.0,0.0,1.0,0.0,0.0,0.0,0.0,0.0,0.0,1.0,0.0,0.0,0.0,0.0,1.0,0.0,0.0,0.0,0.0,0.0,1.0,0.0,0.0,1.0,0.0,0.0,0.0,0.0,0.0,0.0,0.0,0.0,0.0,0.0,1.0,0.0,1.0,0.0,1
2.3295522387993834,-0.2612537532177203,-1.6186832640798245,-1.2039835168836233,-0.3138508236234064,1.5433424955213808,-0.4081701052941978,-1.5348217314144295,-0.7090044237897807,0.0,0.0,1.0,0.0,0.0,0.0,0.0,0.0,0.0,0.0,1.0,0.0,0.0,0.0,0.0,0.0,0.0,1.0,0.0,0.0,0.0,0.0,0.0,0.0,1.0,0.0,0.0,0.0,0.0,1.0,0.0,0.0,0.0,0.0,0.0,0.0,0.0,0.0,1.0,0.0,1.0,0.0,1
-1.095755828896292,-0.1373560482368461,1.211801132125333,1.2495491230538915,1.274463061110431,-1.3300713356106897,0.09615869037408611,-0.5038174335543112,0.6998634229573445,1.0,0.0,0.0,0.0,0.0,0.0,0.0,0.0,0.0,1.0,0.0,0.0,0.0,0.0,0.0,0.0,0.0,0.0,0.0,0.0,0.0,1.0,0.0,0.0,1.0,0.0,1.0,0.0,0.0,0.0,0.0,0.0,0.0,0.0,0.0,0.0,0.0,0.0,1.0,0.0,1.0,0.0,0
2.3405321809906514,-0.2579950152586965,1.211801132125333,1.600053785902108,-1.5845019314104762,-1.6493395390698085,1.0039505225769971,-0.8474855328410172,-0.5315092619948674,0.0,0.0,1.0,0.0,0.0,0.0,0.0,0.0,0.0,0.0,0.0,0.0,1.0,0.0,0.0,0.0,0.0,0.0,0.0,0.0,1.0,0.0,0.0,0.0,1.0,0.0,0.0,1.0,0.0,0.0,0.0,0.0,0.0,0.0,0.0,0.0,0.0,0.0,1.0,0.0,1.0,0.0,1
-0.3164327095963684,0.8013434010317418,0.8579905825996883,0.1980351345092424,-0.6315136005701739,-0.05299852177421386,-0.5762797038502925,-1.5348217314144295,-0.010856787396454404,0.0,0.0,0.0,0.0,0.0,0.0,1.0,0.0,0.0,0.0,0.0,0.0,0.0,0.0,0.0,1.0,0.0,0.0,0.0,0.0,0.0,0.0,1.0,0.0,1.0,0.0,0.0,0.0,0.0,0.0,0.0,0.0,0.0,0.0,1.0,0.0,1.0,0.0,0.0,0.0,0.0,1.0,1
2.342310846780729,-0.25087250595447824,-0.5572516155028905,-1.2039835168836233,0.639137507216896,0.585537885144024,0.7013532451760268,0.8708549635925131,-0.4708650817149392,0.0,0.0,1.0,0.0,0.0,0.0,0.0,0.0,0.0,0.0,0.0,0.0,0.0,1.0,0.0,0.0,0.0,0.0,1.0,0.0,0.0,0.0,0.0,0.0,1.0,0.0,0.0,1.0,0.0,0.0,0.0,0.0,0.0,0.0,0.0,0.0,0.0,0.0,1.0,0.0,1.0,0.0,1
-0.12860168962698126,0.13929961058478252,-1.6186832640798245,-1.2039835168836233,0.3214747302701286,0.26626968168490506,-1.6185592148980792,1.2145230628792192,-0.2519543821678788,0.0,0.0,0.0,1.0,0.0,0.0,0.0,0.0,0.0,0.0,1.0,0.0,0.0,0.0,0.0,0.0,0.0,0.0,0.0,1.0,0.0,0.0,0.0,1.0,0.0,0.0,0.0,0.0,0.0,0.0,0.0,0.0,0.0,1.0,0.0,0.0,0.0,1.0,0.0,1.0,0.0,0.0,1
-1.075928057485055,0.6986540704784792,0.8579905825996883,0.1980351345092424,0.003811953323361072,-1.6493395390698085,-0.811633141828825,0.8708549635925131,0.6776765277329795,0.0,1.0,0.0,0.0,0.0,0.0,0.0,0.0,1.0,0.0,0.0,0.0,0.0,0.0,0.0,0.0,0.0,1.0,0.0,0.0,0.0,0.0,0.0,0.0,1.0,0.0,0.0,0.0,0.0,0.0,0.0,0.0,1.0,0.0,0.0,0.0,0.0,0.0,1.0,0.0,1.0,0.0,1
0.2559980799652943,-1.627399753116444,0.8579905825996883,-1.2039835168836233,-1.2668391544637088,1.5433424955213808,-0.811633141828825,-1.5348217314144295,-0.5366862042138852,0.0,0.0,0.0,0.0,1.0,0.0,0.0,0.0,0.0,1.0,0.0,0.0,0.0,0.0,0.0,0.0,0.0,0.0,0.0,1.0,0.0,0.0,0.0,0.0,1.0,0.0,1.0,0.0,0.0,0.0,0.0,0.0,0.0,0.0,0.0,0.0,0.0,0.0,1.0,0.0,1.0,0.0,1
-1.082282853166831,0.7174241759937436,-1.2648727145541798,-1.5544881797318397,-0.9491763775169414,0.585537885144024,-1.181474258652233,0.5271868643058071,-1.0351517835879342,0.0,1.0,0.0,0.0,0.0,0.0,0.0,0.0,0.0,1.0,0.0,0.0,0.0,0.0,0.0,0.0,0.0,0.0,0.0,0.0,0.0,0.0,1.0,0.0,1.0,0.0,0.0,0.0,1.0,0.0,0.0,0.0,0.0,0.0,0.0,1.0,0.0,0.0,0.0,0.0,0.0,1.0,1
-1.102232836414361,-0.14754406003101458,0.5041800330740437,-0.5029741911871904,0.639137507216896,-0.6915349286924517,1.3065477999779675,0.18351876501910097,0.0875051147648933,1.0,0.0,0.0,0.0,0.0,0.0,0.0,0.0,0.0,0.0,0.0,0.0,0.0,0.0,0.0,1.0,0.0,0.0,1.0,0.0,0.0,0.0,0.0,0.0,1.0,1.0,0.0,0.0,0.0,0.0,0.0,0.0,0.0,0.0,0.0,0.0,0.0,0.0,1.0,0.0,1.0,0.0,1
-0.12062890594708867,0.13512253512953817,0.8579905825996883,1.600053785902108,0.9568002841636635,-1.0108031321515707,0.36513404806383754,-1.5348217314144295,0.176992258836495,0.0,0.0,0.0,1.0,0.0,0.0,0.0,0.0,0.0,0.0,1.0,0.0,0.0,0.0,0.0,0.0,0.0,0.0,0.0,0.0,0.0,0.0,1.0,1.0,0.0,0.0,0.0,0.0,0.0,0.0,0.0,0.0,0.0,1.0,0.0,0.0,0.0,1.0,0.0,1.0,0.0,0.0,1
2.3314764158046155,-0.22672276250168338,1.211801132125333,-0.8534788540354068,1.274463061110431,-1.0108031321515707,1.3737916394004053,-0.8474855328410172,-0.43388692300766557,0.0,0.0,1.0,0.0,0.0,0.0,0.0,0.0,0.0,0.0,1.0,0.0,0.0,0.0,0.0,0.0,0.0,0.0,0.0,0.0,0.0,1.0,0.0,0.0,1.0,1.0,0.0,0.0,0.0,0.0,0.0,0.0,0.0,0.0,0.0,0.0,0.0,0.0,1.0,0.0,1.0,0.0,1
0.11189120190072574,-1.3098547811457741,0.5041800330740437,1.600053785902108,-0.6315136005701739,-0.3722667252333328,-0.07195090818200853,0.18351876501910097,0.5142330662468305,0.0,0.0,0.0,0.0,0.0,1.0,0.0,0.0,0.0,0.0,0.0,0.0,0.0,1.0,0.0,0.0,0.0,0.0,0.0,1.0,0.0,0.0,0.0,0.0,1.0,0.0,0.0,1.0,0.0,0.0,0.0,0.0,0.0,0.0,0.0,0.0,0.0,0.0,1.0,0.0,1.0,0.0,1
-0.3228191572645222,0.8098879733025339,1.5656116816509777,1.2495491230538915,-0.3138508236234064,0.9048060886031429,-0.4081701052941978,1.2145230628792192,1.2375258505611026,0.0,0.0,0.0,0.0,0.0,0.0,1.0,0.0,0.0,0.0,0.0,0.0,0.0,1.0,0.0,0.0,0.0,0.0,1.0,0.0,0.0,0.0,0.0,0.0,1.0,0.0,0.0,0.0,0.0,0.0,0.0,0.0,0.0,0.0,1.0,0.0,1.0,0.0,0.0,0.0,0.0,1.0,0
-1.0783940549515503,0.6903946612300078,-0.9110621650285352,-0.8534788540354068,0.9568002841636635,0.9048060886031429,1.2056820408443107,0.18351876501910097,-0.9634141556958236,0.0,1.0,0.0,0.0,0.0,0.0,0.0,0.0,0.0,1.0,0.0,0.0,0.0,0.0,0.0,0.0,0.0,0.0,0.0,0.0,0.0,0.0,1.0,0.0,1.0,0.0,1.0,0.0,0.0,0.0,0.0,0.0,0.0,0.0,0.0,0.0,0.0,0.0,1.0,0.0,1.0,0.0,1
2.332324205467533,-0.24689804633088236,0.5041800330740437,-1.5544881797318397,0.9568002841636635,-1.3300713356106897,-1.652181134609298,0.5271868643058071,0.24281338133544209,0.0,0.0,1.0,0.0,0.0,0.0,0.0,0.0,0.0,0.0,0.0,0.0,0.0,0.0,1.0,0.0,0.0,0.0,0.0,0.0,0.0,1.0,0.0,1.0,0.0,0.0,0.0,0.0,0.0,0.0,0.0,0.0,0.0,1.0,0.0,0.0,0.0,1.0,0.0,1.0,0.0,0.0,1
-1.1109538378833568,-0.15210041481309797,-0.9110621650285352,-0.152469528338974,1.5921258380571985,-0.3722667252333328,-1.1478523389410142,-1.5348217314144295,-0.15950898539969474,1.0,0.0,0.0,0.0,0.0,0.0,0.0,0.0,0.0,0.0,0.0,0.0,0.0,0.0,1.0,0.0,0.0,1.0,0.0,0.0,0.0,0.0,0.0,0.0,1.0,0.0,0.0,0.0,0.0,0.0,0.0,0.0,0.0,0.0,1.0,0.0,1.0,0.0,0.0,0.0,0.0,1.0,1
-0.056210299698472785,1.6374157428188263,0.8579905825996883,-1.2039835168836233,1.274463061110431,1.5433424955213808,1.4074135591116244,1.2145230628792192,1.1813190493260464,0.0,0.0,0.0,0.0,0.0,0.0,0.0,1.0,0.0,1.0,0.0,0.0,0.0,0.0,0.0,0.0,0.0,0.0,1.0,0.0,0.0,0.0,0.0,0.0,1.0,0.0,0.0,0.0,0.0,0.0,0.0,0.0,1.0,0.0,0.0,0.0,0.0,0.0,1.0,0.0,1.0,0.0,1
-1.0768259627930712,0.695057014109203,0.5041800330740437,0.5485397973574588,0.3214747302701286,1.5433424955213808,-0.4081701052941978,1.2145230628792192,1.862456732714027,0.0,1.0,0.0,0.0,0.0,0.0,0.0,0.0,0.0,0.0,0.0,1.0,0.0,0.0,0.0,0.0,0.0,1.0,0.0,0.0,0.0,0.0,0.0,1.0,0.0,0.0,0.0,0.0,0.0,0.0,0.0,0.0,0.0,1.0,0.0,0.0,0.0,1.0,0.0,1.0,0.0,0.0,0
-1.1071707660947974,-0.1412620312136387,-0.5572516155028905,0.1980351345092424,1.274463061110431,0.9048060886031429,1.4074135591116244,1.5581911621659252,0.926909317420004,1.0,0.0,0.0,0.0,0.0,0.0,0.0,0.0,0.0,0.0,1.0,0.0,0.0,0.0,0.0,0.0,0.0,0.0,1.0,0.0,0.0,0.0,0.0,0.0,1.0,0.0,0.0,0.0,0.0,0.0,0.0,0.0,0.0,0.0,1.0,0.0,1.0,0.0,0.0,0.0,0.0,1.0,1
-0.3209989482423235,0.8033373534367203,-0.9110621650285352,-0.8534788540354068,0.9568002841636635,-1.3300713356106897,-0.1391947476044464,-1.5348217314144295,-0.6594536911220339,0.0,0.0,0.0,0.0,0.0,0.0,1.0,0.0,0.0,0.0,0.0,0.0,0.0,0.0,0.0,1.0,0.0,0.0,0.0,0.0,0.0,0.0,1.0,0.0,1.0,0.0,0.0,0.0,1.0,0.0,0.0,0.0,0.0,0.0,0.0,1.0,0.0,0.0,0.0,0.0,0.0,1.0,1
-0.3265477172987641,0.8108432068915593,1.5656116816509777,-0.152469528338974,-1.5845019314104762,-0.05299852177421386,0.23064636921896184,-0.8474855328410172,-0.4213143490471924,0.0,0.0,0.0,0.0,0.0,0.0,1.0,0.0,0.0,0.0,0.0,0.0,1.0,0.0,0.0,0.0,0.0,0.0,0.0,0.0,1.0,0.0,0.0,0.0,1.0,0.0,0.0,0.0,0.0,0.0,0.0,1.0,0.0,0.0,0.0,0.0,1.0,0.0,0.0,0.0,0.0,1.0,1
-0.06574919728769629,1.6385223129240836,0.8579905825996883,1.600053785902108,0.9568002841636635,-0.05299852177421386,-1.4504496163419847,0.18351876501910097,1.783323473080461,0.0,0.0,0.0,0.0,0.0,0.0,0.0,1.0,0.0,0.0,0.0,0.0,0.0,0.0,1.0,0.0,1.0,0.0,0.0,0.0,0.0,0.0,0.0,0.0,1.0,0.0,0.0,0.0,0.0,0.0,0.0,0.0,0.0,0.0,1.0,0.0,1.0,0.0,0.0,0.0,0.0,1.0,0
-0.12867378581817565,0.14133702533636605,0.5041800330740437,1.2495491230538915,0.9568002841636635,0.26626968168490506,-1.3832057769195467,0.18351876501910097,1.3425438212897598,0.0,0.0,0.0,1.0,0.0,0.0,0.0,0.0,0.0,0.0,0.0,0.0,1.0,0.0,0.0,0.0,0.0,0.0,0.0,0.0,0.0,1.0,0.0,0.0,1.0,0.0,0.0,0.0,0.0,0.0,0.0,0.0,0.0,0.0,1.0,0.0,1.0,0.0,0.0,0.0,0.0,1.0,0
0.11158193561715682,-1.3077854731614316,-0.20344106597724576,-0.5029741911871904,1.274463061110431,0.9048060886031429,0.26426828893018073,1.2145230628792192,0.9550127180375316,0.0,0.0,0.0,0.0,0.0,1.0,0.0,0.0,0.0,1.0,0.0,0.0,0.0,0.0,0.0,0.0,0.0,0.0,0.0,0.0,0.0,1.0,0.0,0.0,1.0,0.0,0.0,0.0,0.0,0.0,1.0,0.0,0.0,0.0,0.0,0.0,1.0,0.0,0.0,0.0,0.0,1.0,1
0.237371325592735,-1.6231007329477039,1.5656116816509777,1.600053785902108,-0.6315136005701739,-1.6493395390698085,1.1720601211330919,0.18351876501910097,0.693207354390035,0.0,0.0,0.0,0.0,1.0,0.0,0.0,0.0,1.0,0.0,0.0,0.0,0.0,0.0,0.0,0.0,0.0,0.0,1.0,0.0,0.0,0.0,0.0,0.0,1.0,0.0,0.0,0.0,0.0,0.0,1.0,0.0,0.0,0.0,0.0,0.0,1.0,0.0,0.0,0.0,0.0,1.0,1
-1.0733772151106298,0.7065010564523453,1.211801132125333,0.1980351345092424,0.9568002841636635,0.9048060886031429,0.16340252979652398,0.8708549635925131,0.9017641694990577,0.0,1.0,0.0,0.0,0.0,0.0,0.0,0.0,0.0,0.0,0.0,1.0,0.0,0.0,0.0,0.0,0.0,0.0,0.0,0.0,1.0,0.0,0.0,0.0,1.0,0.0,0.0,0.0,1.0,0.0,0.0,0.0,0.0,0.0,0.0,1.0,0.0,0.0,0.0,0.0,0.0,1.0,0
-1.0995927530227867,-0.15504178383828576,1.211801132125333,-1.2039835168836233,-1.2668391544637088,-1.0108031321515707,1.5419012379565,1.2145230628792192,-0.4701255185407933,1.0,0.0,0.0,0.0,0.0,0.0,0.0,0.0,0.0,1.0,0.0,0.0,0.0,0.0,0.0,0.0,0.0,0.0,0.0,0.0,0.0,1.0,0.0,1.0,0.0,0.0,0.0,0.0,0.0,0.0,0.0,0.0,0.0,1.0,0.0,0.0,0.0,1.0,0.0,1.0,0.0,0.0,1
-1.0925174350399882,-0.13927777184998688,0.5041800330740437,-1.2039835168836233,-0.6315136005701739,0.9048060886031429,1.2393039605555296,0.5271868643058071,-0.38729444303650007,1.0,0.0,0.0,0.0,0.0,0.0,0.0,0.0,1.0,0.0,0.0,0.0,0.0,0.0,0.0,0.0,0.0,0.0,1.0,0.0,0.0,0.0,0.0,0.0,1.0,0.0,0.0,0.0,0.0,0.0,0.0,1.0,0.0,0.0,0.0,0.0,1.0,0.0,0.0,0.0,0.0,1.0,1
0.11526719397558984,-1.305871253838355,-1.2648727145541798,-1.2039835168836233,-1.5845019314104762,-1.0108031321515707,-0.6771454629839493,1.2145230628792192,-1.7399554885485695,0.0,0.0,0.0,0.0,0.0,1.0,0.0,0.0,0.0,0.0,0.0,1.0,0.0,0.0,0.0,0.0,0.0,0.0,0.0,1.0,0.0,0.0,0.0,0.0,1.0,0.0,0.0,0.0,0.0,1.0,0.0,0.0,0.0,0.0,0.0,0.0,0.0,0.0,1.0,0.0,1.0,0.0,1
-1.0798515849631674,0.6915487585056518,0.5041800330740437,0.8990444602056752,1.5921258380571985,0.26626968168490506,0.09615869037408611,0.18351876501910097,1.0282294722779342,0.0,1.0,0.0,0.0,0.0,0.0,0.0,0.0,0.0,0.0,0.0,0.0,0.0,1.0,0.0,0.0,0.0,0.0,0.0,0.0,0.0,1.0,0.0,0.0,1.0,1.0,0.0,0.0,0.0,0.0,0.0,0.0,0.0,0.0,0.0,0.0,0.0,0.0,1.0,0.0,1.0,0.0,0
-0.07403828102590791,1.615357507541802,1.5656116816509777,-1.5544881797318397,-1.2668391544637088,-0.05299852177421386,0.39875596777505645,-1.1911536321277234,-0.47530246075981114,0.0,0.0,0.0,0.0,0.0,0.0,0.0,1.0,0.0,0.0,0.0,0.0,0.0,0.0,0.0,1.0,0.0,0.0,0.0,0.0,0.0,0.0,1.0,0.0,1.0,0.0,0.0,0.0,1.0,0.0,0.0,0.0,0.0,0.0,0.0,1.0,0.0,0.0,0.0,0.0,0.0,1.0,1
-1.0668338263433514,0.6902917899204226,0.5041800330740437,0.5485397973574588,1.5921258380571985,-1.6493395390698085,0.26426828893018073,-0.8474855328410172,-0.4597716341027567,0.0,1.0,0.0,0.0,0.0,0.0,0.0,0.0,0.0,0.0,1.0,0.0,0.0,0.0,0.0,0.0,0.0,0.0,1.0,0.0,0.0,0.0,0.0,0.0,1.0,0.0,0.0,0.0,0.0,0.0,0.0,0.0,0.0,0.0,1.0,0.0,1.0,0.0,0.0,0.0,0.0,1.0,1
2.3470764489797733,-0.23740199261609926,-0.9110621650285352,-0.152469528338974,1.5921258380571985,1.5433424955213808,-0.1728166673156653,-1.5348217314144295,0.666583080120798,0.0,0.0,1.0,0.0,0.0,0.0,0.0,0.0,0.0,0.0,0.0,0.0,0.0,0.0,1.0,0.0,0.0,0.0,1.0,0.0,0.0,0.0,0.0,0.0,1.0,0.0,0.0,0.0,0.0,0.0,0.0,0.0,1.0,0.0,0.0,0.0,0.0,0.0,1.0,0.0,1.0,0.0,1
-0.06420330548077408,1.613061194783112,1.5656116816509777,1.600053785902108,0.3214747302701286,0.9048060886031429,0.60048748604237,-1.1911536321277234,0.5556486039989772,0.0,0.0,0.0,0.0,0.0,0.0,0.0,1.0,0.0,0.0,0.0,1.0,0.0,0.0,0.0,0.0,0.0,1.0,0.0,0.0,0.0,0.0,0.0,0.0,1.0,0.0,0.0,0.0,0.0,0.0,0.0,0.0,0.0,0.0,1.0,0.0,1.0,0.0,0.0,0.0,0.0,1.0,0
0.1189247568459417,-1.3055592004433123,0.5041800330740437,1.2495491230538915,-0.9491763775169414,-1.0108031321515707,-0.9797427403849196,-0.5038174335543112,0.37667431585577277,0.0,0.0,0.0,0.0,0.0,1.0,0.0,0.0,1.0,0.0,0.0,0.0,0.0,0.0,0.0,0.0,0.0,0.0,1.0,0.0,0.0,0.0,0.0,0.0,1.0,0.0,0.0,0.0,1.0,0.0,0.0,0.0,0.0,0.0,0.0,1.0,0.0,0.0,0.0,0.0,0.0,1.0,1
-0.3141109045122618,0.8165952452233723,1.211801132125333,0.8990444602056752,1.5921258380571985,0.9048060886031429,-1.4504496163419847,-0.1601493342676051,2.038472768160649,0.0,0.0,0.0,0.0,0.0,0.0,1.0,0.0,0.0,0.0,0.0,1.0,0.0,0.0,0.0,0.0,0.0,0.0,1.0,0.0,0.0,0.0,0.0,0.0,1.0,0.0,0.0,0.0,1.0,0.0,0.0,0.0,0.0,0.0,0.0,1.0,0.0,0.0,0.0,0.0,0.0,1.0,0
0.261379357260484,-1.6247079017357833,0.15036948354839894,-0.8534788540354068,1.5921258380571985,1.5433424955213808,-0.7443893024063871,-1.1911536321277234,1.015656898317461,0.0,0.0,0.0,0.0,1.0,0.0,0.0,0.0,0.0,1.0,0.0,0.0,0.0,0.0,0.0,0.0,0.0,0.0,1.0,0.0,0.0,0.0,0.0,0.0,1.0,0.0,0.0,0.0,0.0,1.0,0.0,0.0,0.0,0.0,0.0,0.0,0.0,0.0,1.0,0.0,1.0,0.0,0
-1.1034257206509834,-0.12374701821108847,0.8579905825996883,0.8990444602056752,0.003811953323361072,1.2240742920622618,1.071194361999435,-0.1601493342676051,0.4365789329615562,1.0,0.0,0.0,0.0,0.0,0.0,0.0,0.0,0.0,1.0,0.0,0.0,0.0,0.0,0.0,0.0,0.0,0.0,0.0,0.0,0.0,0.0,1.0,0.0,1.0,0.0,0.0,0.0,0.0,0.0,0.0,1.0,0.0,0.0,0.0,0.0,1.0,0.0,0.0,0.0,0.0,1.0,1
0.1253243928417533,-1.2951391810147592,0.5041800330740437,-0.8534788540354068,-1.5845019314104762,-0.05299852177421386,-0.7107673826951681,-0.5038174335543112,-0.25491263486446114,0.0,0.0,0.0,0.0,0.0,1.0,0.0,0.0,0.0,1.0,0.0,0.0,0.0,0.0,0.0,0.0,0.0,0.0,0.0,0.0,1.0,0.0,0.0,0.0,1.0,0.0,0.0,0.0,1.0,0.0,0.0,0.0,0.0,0.0,0.0,1.0,0.0,0.0,0.0,0.0,0.0,1.0,1
-0.30809768651681607,0.8276484391258342,0.8579905825996883,0.8990444602056752,0.639137507216896,-0.05299852177421386,1.5755231576677189,-0.1601493342676051,1.0267503459296423,0.0,0.0,0.0,0.0,0.0,0.0,1.0,0.0,0.0,1.0,0.0,0.0,0.0,0.0,0.0,0.0,0.0,0.0,1.0,0.0,0.0,0.0,0.0,0.0,1.0,0.0,0.0,0.0,0.0,0.0,0.0,0.0,1.0,0.0,0.0,0.0,0.0,0.0,1.0,0.0,1.0,0.0,1
-0.14295916253133975,0.1451404496823207,-0.9110621650285352,1.2495491230538915,-0.6315136005701739,-0.3722667252333328,1.3737916394004053,-1.1911536321277234,-1.3516848221221964,0.0,0.0,0.0,1.0,0.0,0.0,0.0,0.0,0.0,0.0,0.0,0.0,0.0,0.0,1.0,0.0,0.0,0.0,0.0,0.0,1.0,0.0,0.0,1.0,0.0,0.0,0.0,0.0,0.0,0.0,0.0,0.0,0.0,1.0,0.0,0.0,0.0,1.0,0.0,1.0,0.0,0.0,1
-0.05999271207064944,1.6226069644195529,1.5656116816509777,-0.5029741911871904,-1.5845019314104762,0.9048060886031429,-0.6435235432727303,1.2145230628792192,0.3707578104626091,0.0,0.0,0.0,0.0,0.0,0.0,0.0,1.0,0.0,0.0,0.0,0.0,0.0,1.0,0.0,0.0,0.0,0.0,0.0,0.0,0.0,1.0,0.0,0.0,1.0,0.0,0.0,1.0,0.0,0.0,0.0,0.0,0.0,0.0,0.0,0.0,0.0,0.0,1.0,0.0,1.0,0.0,0
-0.3364059922227601,0.8061655327534882,0.5041800330740437,-0.5029741911871904,1.274463061110431,-0.3722667252333328,-1.181474258652233,0.8708549635925131,1.3218360524136865,0.0,0.0,0.0,0.0,0.0,0.0,1.0,0.0,0.0,1.0,0.0,0.0,0.0,0.0,0.0,0.0,0.0,0.0,1.0,0.0,0.0,0.0,0.0,0.0,1.0,0.0,0.0,0.0,0.0,0.0,0.0,0.0,1.0,0.0,0.0,0.0,0.0,0.0,1.0,0.0,1.0,0.0,0
0.11740150500149807,-1.3045082871560099,-0.5572516155028905,1.600053785902108,1.5921258380571985,-1.0108031321515707,1.474657398534062,1.2145230628792192,0.49796267641563025,0.0,0.0,0.0,0.0,0.0,1.0,0.0,0.0,0.0,0.0,0.0,1.0,0.0,0.0,0.0,0.0,0.0,0.0,1.0,0.0,0.0,0.0,0.0,0.0,1.0,0.0,0.0,1.0,0.0,0.0,0.0,0.0,0.0,0.0,0.0,0.0,0.0,0.0,1.0,0.0,1.0,0.0,1
-0.31549567891630126,0.8145249992027745,0.15036948354839894,-1.5544881797318397,-0.6315136005701739,0.585537885144024,-0.778011222117606,-1.1911536321277234,-0.334785457672172,0.0,0.0,0.0,0.0,0.0,0.0,1.0,0.0,0.0,0.0,1.0,0.0,0.0,0.0,0.0,0.0,0.0,0.0,1.0,0.0,0.0,0.0,0.0,0.0,1.0,0.0,1.0,0.0,0.0,0.0,0.0,0.0,0.0,0.0,0.0,0.0,0.0,0.0,1.0,0.0,1.0,0.0,1
-1.0995844004152702,-0.15446176475231765,0.5041800330740437,0.8990444602056752,0.639137507216896,-1.6493395390698085,-1.5849372951868603,0.18351876501910097,0.6236884160203607,1.0,0.0,0.0,0.0,0.0,0.0,0.0,0.0,0.0,1.0,0.0,0.0,0.0,0.0,0.0,0.0,0.0,0.0,0.0,0.0,0.0,1.0,0.0,0.0,1.0,0.0,0.0,0.0,0.0,0.0,0.0,0.0,1.0,0.0,0.0,0.0,0.0,0.0,1.0,0.0,1.0,0.0,0
-1.0748668367195466,0.6914624591699496,1.5656116816509777,1.2495491230538915,1.274463061110431,-1.0108031321515707,-0.1391947476044464,0.5271868643058071,2.038472768160649,0.0,1.0,0.0,0.0,0.0,0.0,0.0,0.0,0.0,0.0,0.0,0.0,0.0,0.0,1.0,0.0,0.0,0.0,0.0,0.0,0.0,1.0,0.0,0.0,1.0,0.0,0.0,0.0,0.0,1.0,0.0,0.0,0.0,0.0,0.0,0.0,0.0,0.0,1.0,0.0,1.0,0.0,0
-0.13389218726679544,0.1243094785090333,0.5041800330740437,-0.5029741911871904,0.9568002841636635,0.26626968168490506,-0.24006050673810317,0.18351876501910097,1.2456610454767028,0.0,0.0,0.0,1.0,0.0,0.0,0.0,0.0,0.0,0.0,0.0,0.0,0.0,0.0,1.0,0.0,0.0,0.0,0.0,0.0,1.0,0.0,0.0,0.0,1.0,0.0,0.0,1.0,0.0,0.0,0.0,0.0,0.0,0.0,0.0,0.0,0.0,0.0,1.0,0.0,1.0,0.0,1
-0.058500013185279226,1.6199141750026371,0.8579905825996883,-0.8534788540354068,-0.6315136005701739,-1.3300713356106897,0.43237788748627537,-0.1601493342676051,-0.7925750624682193,0.0,0.0,0.0,0.0,0.0,0.0,0.0,1.0,0.0,0.0,0.0,0.0,1.0,0.0,0.0,0.0,0.0,0.0,1.0,0.0,0.0,0.0,0.0,0.0,1.0,0.0,0.0,0.0,0.0,0.0,0.0,1.0,0.0,0.0,0.0,0.0,1.0,0.0,0.0,0.0,0.0,1.0,1
0.12068495897729871,-1.3183821560851752,-0.5572516155028905,0.5485397973574588,0.003811953323361072,-1.3300713356106897,0.2978902086413997,0.8708549635925131,-0.24234006090398796,0.0,0.0,0.0,0.0,0.0,1.0,0.0,0.0,0.0,0.0,0.0,0.0,0.0,0.0,0.0,1.0,0.0,0.0,0.0,0.0,0.0,0.0,1.0,0.0,1.0,0.0,0.0,0.0,0.0,0.0,0.0,0.0,0.0,0.0,1.0,0.0,1.0,0.0,0.0,0.0,0.0,1.0,1
2.329276163140419,-0.2830168197523455,-0.5572516155028905,-1.5544881797318397,-0.9491763775169414,1.2240742920622618,0.7685970845984647,-0.8474855328410172,-1.2119073822087023,0.0,0.0,1.0,0.0,0.0,0.0,0.0,0.0,0.0,0.0,0.0,1.0,0.0,0.0,0.0,0.0,0.0,0.0,1.0,0.0,0.0,0.0,0.0,0.0,1.0,0.0,0.0,0.0,0.0,0.0,0.0,0.0,1.0,0.0,0.0,0.0,0.0,0.0,1.0,0.0,1.0,0.0,1
-0.3182597325878568,0.8319052476629806,-0.9110621650285352,-0.152469528338974,-0.9491763775169414,0.9048060886031429,-0.038328988470789596,1.5581911621659252,-0.5152388721636671,0.0,0.0,0.0,0.0,0.0,0.0,1.0,0.0,0.0,0.0,0.0,1.0,0.0,0.0,0.0,0.0,0.0,0.0,0.0,0.0,1.0,0.0,0.0,1.0,0.0,0.0,0.0,0.0,0.0,0.0,0.0,0.0,0.0,1.0,0.0,0.0,0.0,1.0,0.0,1.0,0.0,0.0,1
-1.0856524708833273,0.6963361828858645,-0.5572516155028905,0.8990444602056752,1.274463061110431,0.585537885144024,0.2978902086413997,-0.8474855328410172,0.08528642524245679,0.0,1.0,0.0,0.0,0.0,0.0,0.0,0.0,0.0,0.0,0.0,0.0,0.0,0.0,0.0,1.0,0.0,0.0,0.0,0.0,0.0,0.0,1.0,0.0,1.0,1.0,0.0,0.0,0.0,0.0,0.0,0.0,0.0,0.0,0.0,0.0,0.0,0.0,1.0,0.0,1.0,0.0,1
-0.321892017830199,0.8129628561550634,-0.9110621650285352,0.1980351345092424,0.639137507216896,1.2240742920622618,0.7685970845984647,-1.1911536321277234,0.03795438209714652,0.0,0.0,0.0,0.0,0.0,0.0,1.0,0.0,0.0,0.0,0.0,0.0,0.0,0.0,1.0,0.0,0.0,0.0,1.0,0.0,0.0,0.0,0.0,0.0,1.0,1.0,0.0,0.0,0.0,0.0,0.0,0.0,0.0,0.0,0.0,0.0,0.0,0.0,1.0,0.0,1.0,0.0,1
-0.13957481784895925,0.14560696638111725,-0.5572516155028905,1.2495491230538915,0.9568002841636635,1.5433424955213808,0.02891485095164826,-0.8474855328410172,0.7531119714958184,0.0,0.0,0.0,1.0,0.0,0.0,0.0,0.0,0.0,0.0,0.0,1.0,0.0,0.0,0.0,0.0,0.0,0.0,1.0,0.0,0.0,0.0,0.0,0.0,1.0,0.0,0.0,0.0,0.0,0.0,1.0,0.0,0.0,0.0,0.0,0.0,1.0,0.0,0.0,0.0,0.0,1.0,0
-0.06092600605788035,1.6217195821198316,-1.2648727145541798,0.8990444602056752,1.5921258380571985,-1.0108031321515707,0.8358409240209025,1.2145230628792192,-0.26378739295420606,0.0,0.0,0.0,0.0,0.0,0.0,0.0,1.0,0.0,0.0,0.0,0.0,0.0,0.0,0.0,1.0,0.0,0.0,0.0,0.0,0.0,0.0,1.0,0.0,1.0,1.0,0.0,0.0,0.0,0.0,0.0,0.0,0.0,0.0,0.0,0.0,0.0,0.0,1.0,0.0,1.0,0.0,1
0.1181826936097454,-1.3115354294407027,1.211801132125333,0.5485397973574588,-0.6315136005701739,0.585537885144024,1.5419012379565,0.5271868643058071,1.0171360246657515,0.0,0.0,0.0,0.0,0.0,1.0,0.0,0.0,0.0,0.0,0.0,1.0,0.0,0.0,0.0,0.0,0.0,0.0,0.0,1.0,0.0,0.0,0.0,0.0,1.0,0.0,0.0,0.0,0.0,1.0,0.0,0.0,0.0,0.0,0.0,0.0,0.0,0.0,1.0,0.0,1.0,0.0,1
-0.14828702709951705,0.1481471685667898,-0.9110621650285352,-0.152469528338974,0.639137507216896,-0.6915349286924517,-1.4168276966307656,-0.1601493342676051,-0.34366021576191697,0.0,0.0,0.0,1.0,0.0,0.0,0.0,0.0,0.0,0.0,0.0,0.0,0.0,1.0,0.0,0.0,0.0,0.0,1.0,0.0,0.0,0.0,0.0,0.0,1.0,0.0,0.0,0.0,0.0,0.0,0.0,0.0,1.0,0.0,0.0,0.0,0.0,0.0,1.0,0.0,1.0,0.0,1
-1.100561435689231,-0.15035379130138454,-1.6186832640798245,1.600053785902108,0.9568002841636635,-1.3300713356106897,0.46599980719749434,-1.5348217314144295,-0.6498393698581431,1.0,0.0,0.0,0.0,0.0,0.0,0.0,0.0,0.0,0.0,0.0,1.0,0.0,0.0,0.0,0.0,0.0,0.0,0.0,0.0,0.0,1.0,0.0,0.0,1.0,0.0,0.0,0.0,0.0,0.0,0.0,0.0,0.0,0.0,1.0,0.0,1.0,0.0,0.0,0.0,0.0,1.0,1
0.14253538024027732,-1.3179247070702018,0.15036948354839894,-1.2039835168836233,-0.9491763775169414,0.26626968168490506,1.0375724422882162,1.5581911621659252,-0.9597163398250959,0.0,0.0,0.0,0.0,0.0,1.0,0.0,0.0,0.0,0.0,0.0,0.0,0.0,1.0,0.0,0.0,0.0,0.0,0.0,0.0,1.0,0.0,0.0,0.0,1.0,0.0,0.0,0.0,1.0,0.0,0.0,0.0,0.0,0.0,0.0,1.0,0.0,0.0,0.0,0.0,0.0,1.0,1
2.333764151042273,-0.24524241233615637,1.5656116816509777,-0.152469528338974,1.5921258380571985,0.26626968168490506,1.474657398534062,-0.5038174335543112,1.4586552396305985,0.0,0.0,1.0,0.0,0.0,0.0,0.0,0.0,0.0,1.0,0.0,0.0,0.0,0.0,0.0,0.0,0.0,0.0,0.0,1.0,0.0,0.0,0.0,0.0,1.0,0.0,0.0,0.0,0.0,0.0,0.0,0.0,1.0,0.0,0.0,0.0,0.0,0.0,1.0,0.0,1.0,0.0,1
0.25191783119351857,-1.6238808664353064,0.15036948354839894,1.2495491230538915,0.9568002841636635,0.585537885144024,-0.6771454629839493,-0.1601493342676051,0.6983842966090528,0.0,0.0,0.0,0.0,1.0,0.0,0.0,0.0,0.0,0.0,0.0,0.0,1.0,0.0,0.0,0.0,0.0,1.0,0.0,0.0,0.0,0.0,0.0,0.0,1.0,0.0,1.0,0.0,0.0,0.0,0.0,0.0,0.0,0.0,0.0,0.0,0.0,0.0,1.0,0.0,1.0,0.0,0
2.3441262200827864,-0.2741611321227704,-1.2648727145541798,-0.5029741911871904,0.639137507216896,-1.0108031321515707,-1.3495838572083279,-0.5038174335543112,-1.1091081010024815,0.0,0.0,1.0,0.0,0.0,0.0,0.0,0.0,0.0,0.0,0.0,0.0,1.0,0.0,0.0,0.0,0.0,0.0,0.0,1.0,0.0,0.0,0.0,0.0,1.0,1.0,0.0,0.0,0.0,0.0,0.0,0.0,0.0,0.0,0.0,0.0,0.0,0.0,1.0,0.0,1.0,0.0,1
-0.050356440662221884,1.6103286951646254,0.5041800330740437,-1.5544881797318397,-1.2668391544637088,-1.0108031321515707,0.26426828893018073,1.5581911621659252,-0.6823801495205437,0.0,0.0,0.0,0.0,0.0,0.0,0.0,1.0,0.0,0.0,0.0,0.0,1.0,0.0,0.0,0.0,0.0,0.0,1.0,0.0,0.0,0.0,0.0,0.0,1.0,0.0,0.0,0.0,0.0,0.0,1.0,0.0,0.0,0.0,0.0,0.0,1.0,0.0,0.0,0.0,0.0,1.0,1
-1.099010268551246,-0.15745847791670836,-1.2648727145541798,1.600053785902108,-1.5845019314104762,0.26626968168490506,-0.038328988470789596,1.5581911621659252,-0.8044080732545466,1.0,0.0,0.0,0.0,0.0,0.0,0.0,0.0,0.0,1.0,0.0,0.0,0.0,0.0,0.0,0.0,0.0,0.0,0.0,0.0,0.0,1.0,0.0,0.0,1.0,0.0,0.0,0.0,1.0,0.0,0.0,0.0,0.0,0.0,0.0,1.0,0.0,0.0,0.0,0.0,0.0,1.0,1
-0.07337622697750082,1.6286350980898636,0.8579905825996883,0.8990444602056752,-1.5845019314104762,-0.6915349286924517,1.071194361999435,1.2145230628792192,-0.33774371036875334,0.0,0.0,0.0,0.0,0.0,0.0,0.0,1.0,0.0,0.0,0.0,0.0,1.0,0.0,0.0,0.0,0.0,0.0,1.0,0.0,0.0,0.0,0.0,0.0,1.0,0.0,0.0,0.0,0.0,0.0,0.0,0.0,0.0,0.0,1.0,0.0,1.0,0.0,0.0,0.0,0.0,1.0,1
-1.0934127026824727,-0.13247106808584133,-1.6186832640798245,0.1980351345092424,-0.6315136005701739,1.5433424955213808,-1.7530468937429549,-0.8474855328410172,0.25316726577347876,1.0,0.0,0.0,0.0,0.0,0.0,0.0,0.0,0.0,0.0,0.0,0.0,1.0,0.0,0.0,0.0,0.0,1.0,0.0,0.0,0.0,0.0,0.0,0.0,1.0,0.0,0.0,0.0,1.0,0.0,0.0,0.0,0.0,0.0,0.0,1.0,0.0,0.0,0.0,0.0,0.0,1.0,1
0.12028381401104911,-1.3220961543079055,0.5041800330740437,1.600053785902108,-0.6315136005701739,0.9048060886031429,-1.719424974031736,-1.1911536321277234,1.6901385131381321,0.0,0.0,0.0,0.0,0.0,1.0,0.0,0.0,0.0,0.0,0.0,0.0,0.0,1.0,0.0,0.0,0.0,0.0,1.0,0.0,0.0,0.0,0.0,0.0,1.0,0.0,0.0,0.0,0.0,0.0,0.0,0.0,1.0,0.0,0.0,0.0,0.0,0.0,1.0,0.0,1.0,0.0,0
0.12002114648520369,-1.2995370076692982,-0.20344106597724576,-0.5029741911871904,1.274463061110431,-0.6915349286924517,0.1970244495077429,0.5271868643058071,-0.7067857342673441,0.0,0.0,0.0,0.0,0.0,1.0,0.0,0.0,0.0,1.0,0.0,0.0,0.0,0.0,0.0,0.0,0.0,0.0,1.0,0.0,0.0,0.0,0.0,1.0,0.0,0.0,0.0,0.0,0.0,0.0,0.0,0.0,0.0,1.0,0.0,0.0,0.0,1.0,0.0,1.0,0.0,0.0,1
2.3419679502616333,-0.2631617189657483,1.211801132125333,-1.2039835168836233,0.9568002841636635,-0.3722667252333328,-0.30730434616054103,-1.1911536321277234,0.6828534699519984,0.0,0.0,1.0,0.0,0.0,0.0,0.0,0.0,0.0,0.0,0.0,0.0,0.0,0.0,0.0,1.0,0.0,0.0,0.0,0.0,1.0,0.0,0.0,0.0,1.0,0.0,0.0,0.0,1.0,0.0,0.0,0.0,0.0,0.0,0.0,1.0,0.0,0.0,0.0,0.0,0.0,1.0,1
-1.0687804235056013,0.6949638358409488,0.5041800330740437,1.600053785902108,0.639137507216896,-0.6915349286924517,1.474657398534062,0.18351876501910097,-0.29484904626831604,0.0,1.0,0.0,0.0,0.0,0.0,0.0,0.0,0.0,0.0,1.0,0.0,0.0,0.0,0.0,0.0,0.0,0.0,0.0,0.0,1.0,0.0,0.0,0.0,1.0,0.0,0.0,1.0,0.0,0.0,0.0,0.0,0.0,0.0,0.0,0.0,0.0,0.0,1.0,0.0,1.0,0.0,1
-0.06129527923229097,1.624562144659216,-1.2648727145541798,-0.152469528338974,-1.2668391544637088,0.26626968168490506,0.9703286028657783,-0.5038174335543112,-0.6868175285654168,0.0,0.0,0.0,0.0,0.0,0.0,0.0,1.0,0.0,0.0,1.0,0.0,0.0,0.0,0.0,0.0,0.0,0.0,1.0,0.0,0.0,0.0,0.0,0.0,1.0,0.0,1.0,0.0,0.0,0.0,0.0,0.0,0.0,0.0,0.0,0.0,0.0,0.0,1.0,0.0,1.0,0.0,1
0.11674714414422462,-1.3015437799031342,-0.20344106597724576,-0.5029741911871904,-0.3138508236234064,-1.3300713356106897,-0.038328988470789596,0.18351876501910097,-1.1520027651029188,0.0,0.0,0.0,0.0,0.0,1.0,0.0,0.0,0.0,0.0,0.0,1.0,0.0,0.0,0.0,0.0,0.0,0.0,0.0,0.0,1.0,0.0,0.0,0.0,1.0,0.0,0.0,0.0,0.0,0.0,0.0,0.0,1.0,0.0,0.0,0.0,0.0,0.0,1.0,0.0,1.0,0.0,1
0.24947930940964322,-1.5998205491057313,0.15036948354839894,-0.5029741911871904,1.274463061110431,-0.3722667252333328,-0.9797427403849196,-0.5038174335543112,1.4261144599681979,0.0,0.0,0.0,0.0,1.0,0.0,0.0,0.0,0.0,1.0,0.0,0.0,0.0,0.0,0.0,0.0,0.0,0.0,1.0,0.0,0.0,0.0,0.0,0.0,1.0,0.0,0.0,0.0,0.0,0.0,0.0,0.0,0.0,0.0,1.0,0.0,1.0,0.0,0.0,0.0,0.0,1.0,1
-1.088099125469258,-0.13746548580024043,-0.5572516155028905,-0.5029741911871904,-0.6315136005701739,-0.6915349286924517,0.9030847634433404,0.18351876501910097,-0.8665313798827665,1.0,0.0,0.0,0.0,0.0,0.0,0.0,0.0,0.0,0.0,0.0,0.0,0.0,0.0,1.0,0.0,0.0,0.0,1.0,0.0,0.0,0.0,0.0,0.0,1.0,0.0,0.0,0.0,0.0,0.0,1.0,0.0,0.0,0.0,0.0,0.0,1.0,0.0,0.0,0.0,0.0,1.0,1
-0.13598077875682413,0.15266756529233247,1.5656116816509777,-1.5544881797318397,0.9568002841636635,-1.6493395390698085,0.2978902086413997,0.18351876501910097,0.47799447071370277,0.0,0.0,0.0,1.0,0.0,0.0,0.0,0.0,0.0,0.0,1.0,0.0,0.0,0.0,0.0,0.0,0.0,0.0,1.0,0.0,0.0,0.0,0.0,0.0,1.0,0.0,1.0,0.0,0.0,0.0,0.0,0.0,0.0,0.0,0.0,0.0,0.0,0.0,1.0,0.0,1.0,0.0,1
-1.074190055705255,0.6974377501310803,-0.9110621650285352,1.2495491230538915,-0.3138508236234064,0.26626968168490506,-0.811633141828825,1.5581911621659252,0.30567625113780683,0.0,1.0,0.0,0.0,0.0,0.0,0.0,0.0,0.0,0.0,1.0,0.0,0.0,0.0,0.0,0.0,0.0,0.0,0.0,0.0,0.0,0.0,1.0,1.0,0.0,0.0,0.0,0.0,0.0,0.0,0.0,0.0,0.0,1.0,0.0,0.0,0.0,1.0,0.0,1.0,0.0,0.0,1
2.3391768605183803,-0.25077088535990444,1.211801132125333,-1.5544881797318397,0.9568002841636635,-0.05299852177421386,-0.07195090818200853,-0.8474855328410172,0.06383909319223763,0.0,0.0,1.0,0.0,0.0,0.0,0.0,0.0,0.0,0.0,1.0,0.0,0.0,0.0,0.0,0.0,0.0,0.0,0.0,0.0,0.0,1.0,0.0,0.0,1.0,0.0,0.0,0.0,0.0,0.0,1.0,0.0,0.0,0.0,0.0,0.0,1.0,0.0,0.0,0.0,0.0,1.0,1
0.2365483739469063,-1.6017635348740447,-1.6186832640798245,-1.5544881797318397,1.5921258380571985,-0.6915349286924517,-0.1391947476044464,1.5581911621659252,-0.9981736248806606,0.0,0.0,0.0,0.0,1.0,0.0,0.0,0.0,0.0,1.0,0.0,0.0,0.0,0.0,0.0,0.0,0.0,0.0,1.0,0.0,0.0,0.0,0.0,0.0,1.0,0.0,1.0,0.0,0.0,0.0,0.0,0.0,0.0,0.0,0.0,0.0,0.0,0.0,1.0,0.0,1.0,0.0,1
-1.0709743018114297,0.6947130674814055,1.211801132125333,-0.152469528338974,-0.6315136005701739,-0.3722667252333328,0.26426828893018073,1.5581911621659252,0.39294470568697304,0.0,1.0,0.0,0.0,0.0,0.0,0.0,0.0,0.0,0.0,0.0,0.0,1.0,0.0,0.0,0.0,0.0,0.0,1.0,0.0,0.0,0.0,0.0,0.0,1.0,0.0,1.0,0.0,0.0,0.0,0.0,0.0,0.0,0.0,0.0,0.0,0.0,0.0,1.0,0.0,1.0,0.0,1
2.334410598902952,-0.2384003758729736,0.5041800330740437,0.1980351345092424,0.003811953323361072,0.26626968168490506,-0.5762797038502925,0.8708549635925131,0.83446392065182,0.0,0.0,1.0,0.0,0.0,0.0,0.0,0.0,1.0,0.0,0.0,0.0,0.0,0.0,0.0,0.0,0.0,0.0,1.0,0.0,0.0,0.0,0.0,0.0,1.0,0.0,0.0,0.0,0.0,1.0,0.0,0.0,0.0,0.0,0.0,0.0,0.0,0.0,1.0,0.0,1.0,0.0,0
-1.0997685973915534,-0.13080292694101403,-0.20344106597724576,-0.5029741911871904,0.9568002841636635,0.26626968168490506,-0.1391947476044464,-0.5038174335543112,0.4432350015288657,1.0,0.0,0.0,0.0,0.0,0.0,0.0,0.0,0.0,0.0,0.0,0.0,0.0,0.0,0.0,1.0,0.0,0.0,1.0,0.0,0.0,0.0,0.0,0.0,1.0,0.0,0.0,0.0,0.0,0.0,0.0,1.0,0.0,0.0,0.0,0.0,1.0,0.0,0.0,0.0,0.0,1.0,1
-0.06991297213463624,1.6281229302931952,0.5041800330740437,0.8990444602056752,-0.9491763775169414,1.5433424955213808,0.46599980719749434,1.2145230628792192,0.9542731548633868,0.0,0.0,0.0,0.0,0.0,0.0,0.0,1.0,0.0,0.0,0.0,0.0,1.0,0.0,0.0,0.0,0.0,0.0,1.0,0.0,0.0,0.0,0.0,0.0,1.0,0.0,0.0,1.0,0.0,0.0,0.0,0.0,0.0,0.0,0.0,0.0,0.0,0.0,1.0,0.0,1.0,0.0,1
-0.05447537519512624,1.6185077459736912,-1.2648727145541798,-0.8534788540354068,-1.5845019314104762,-0.6915349286924517,-0.6771454629839493,0.8708549635925131,-1.5195656626532186,0.0,0.0,0.0,0.0,0.0,0.0,0.0,1.0,0.0,0.0,0.0,0.0,0.0,1.0,0.0,0.0,0.0,1.0,0.0,0.0,0.0,0.0,0.0,0.0,1.0,0.0,0.0,1.0,0.0,0.0,0.0,0.0,0.0,0.0,0.0,0.0,0.0,0.0,1.0,0.0,1.0,0.0,1
-1.0772464506398851,0.6967601752743157,0.15036948354839894,1.2495491230538915,0.9568002841636635,-0.3722667252333328,-0.2736824264493221,-1.5348217314144295,0.08232817254587445,0.0,1.0,0.0,0.0,0.0,0.0,0.0,0.0,0.0,1.0,0.0,0.0,0.0,0.0,0.0,0.0,0.0,0.0,1.0,0.0,0.0,0.0,0.0,0.0,1.0,0.0,0.0,0.0,0.0,0.0,1.0,0.0,0.0,0.0,0.0,0.0,1.0,0.0,0.0,0.0,0.0,1.0,1
-1.091309384226559,-0.15006049863149595,-0.20344106597724576,0.1980351345092424,0.003811953323361072,1.5433424955213808,0.43237788748627537,0.8708549635925131,0.3086345038343892,1.0,0.0,0.0,0.0,0.0,0.0,0.0,0.0,0.0,0.0,0.0,0.0,1.0,0.0,0.0,0.0,0.0,0.0,1.0,0.0,0.0,0.0,0.0,0.0,1.0,0.0,0.0,0.0,0.0,0.0,1.0,0.0,0.0,0.0,0.0,0.0,1.0,0.0,0.0,0.0,0.0,1.0,1
-1.0630492159165654,0.694107096058975,-0.9110621650285352,-0.8534788540354068,1.5921258380571985,-0.05299852177421386,0.02891485095164826,1.5581911621659252,0.28570804543587935,0.0,1.0,0.0,0.0,0.0,0.0,0.0,0.0,0.0,0.0,1.0,0.0,0.0,0.0,0.0,0.0,0.0,0.0,0.0,0.0,1.0,0.0,0.0,0.0,1.0,1.0,0.0,0.0,0.0,0.0,0.0,0.0,0.0,0.0,0.0,0.0,0.0,0.0,1.0,0.0,1.0,0.0,1
-0.13022165587424697,0.16123277436079367,-0.9110621650285352,0.1980351345092424,-0.6315136005701739,-0.05299852177421386,-0.4081701052941978,-0.1601493342676051,-0.41539784365402876,0.0,0.0,0.0,1.0,0.0,0.0,0.0,0.0,0.0,0.0,0.0,0.0,0.0,0.0,0.0,1.0,0.0,0.0,0.0,0.0,0.0,1.0,0.0,0.0,1.0,0.0,0.0,0.0,0.0,1.0,0.0,0.0,0.0,0.0,0.0,0.0,0.0,0.0,1.0,0.0,1.0,0.0,1
-1.0677631638322846,0.6915687699458131,0.15036948354839894,1.600053785902108,0.9568002841636635,0.585537885144024,-0.004707068759570669,-0.8474855328410172,1.0474581148057156,0.0,1.0,0.0,0.0,0.0,0.0,0.0,0.0,0.0,0.0,1.0,0.0,0.0,0.0,0.0,0.0,0.0,0.0,1.0,0.0,0.0,0.0,0.0,1.0,0.0,0.0,0.0,0.0,0.0,0.0,0.0,0.0,0.0,1.0,0.0,0.0,0.0,1.0,0.0,1.0,0.0,0.0,0
-1.095506789309026,-0.13125162095091605,-1.2648727145541798,-0.5029741911871904,-0.9491763775169414,0.26626968168490506,-1.3159619374971088,-1.1911536321277234,-1.5321382366136915,1.0,0.0,0.0,0.0,0.0,0.0,0.0,0.0,0.0,0.0,0.0,0.0,0.0,0.0,1.0,0.0,0.0,0.0,0.0,0.0,0.0,0.0,1.0,0.0,1.0,0.0,0.0,1.0,0.0,0.0,0.0,0.0,0.0,0.0,0.0,0.0,0.0,0.0,1.0,0.0,1.0,0.0,1
-0.08018008521601469,1.6354024043311945,1.211801132125333,-1.2039835168836233,-1.2668391544637088,-0.3722667252333328,0.9030847634433404,-0.8474855328410172,-1.3346748691168504,0.0,0.0,0.0,0.0,0.0,0.0,0.0,1.0,0.0,0.0,0.0,0.0,0.0,1.0,0.0,0.0,0.0,0.0,1.0,0.0,0.0,0.0,0.0,0.0,1.0,1.0,0.0,0.0,0.0,0.0,0.0,0.0,0.0,0.0,0.0,0.0,0.0,0.0,1.0,0.0,1.0,0.0,1
-1.1042598823753216,-0.13675257824443857,0.8579905825996883,-0.8534788540354068,-0.9491763775169414,0.9048060886031429,-1.0469865798073574,-1.5348217314144295,0.2583442079924976,1.0,0.0,0.0,0.0,0.0,0.0,0.0,0.0,0.0,0.0,0.0,0.0,0.0,0.0,1.0,0.0,0.0,0.0,0.0,0.0,1.0,0.0,0.0,0.0,1.0,0.0,1.0,0.0,0.0,0.0,0.0,0.0,0.0,0.0,0.0,0.0,0.0,0.0,1.0,0.0,1.0,0.0,1
0.11169205815309709,-1.3114563217163087,0.8579905825996883,1.2495491230538915,-0.3138508236234064,0.9048060886031429,0.12978061008530503,-0.8474855328410172,0.8662651371400758,0.0,0.0,0.0,0.0,0.0,1.0,0.0,0.0,0.0,0.0,1.0,0.0,0.0,0.0,0.0,0.0,0.0,0.0,0.0,0.0,0.0,0.0,1.0,0.0,1.0,0.0,0.0,0.0,0.0,0.0,0.0,1.0,0.0,0.0,0.0,0.0,1.0,0.0,0.0,0.0,0.0,1.0,1
0.24028198950674995,-1.5971033707461209,1.211801132125333,1.2495491230538915,-0.3138508236234064,-0.05299852177421386,0.2978902086413997,1.2145230628792192,1.2035059445504104,0.0,0.0,0.0,0.0,1.0,0.0,0.0,0.0,0.0,0.0,0.0,0.0,0.0,1.0,0.0,0.0,0.0,0.0,1.0,0.0,0.0,0.0,0.0,0.0,1.0,0.0,0.0,0.0,0.0,0.0,1.0,0.0,0.0,0.0,0.0,0.0,1.0,0.0,0.0,0.0,0.0,1.0,0
0.10892976292522945,-1.296549674867487,-0.20344106597724576,-0.8534788540354068,-0.3138508236234064,-1.6493395390698085,-1.7530468937429549,1.2145230628792192,0.17625269566234913,0.0,0.0,0.0,0.0,0.0,1.0,0.0,0.0,0.0,0.0,0.0,0.0,0.0,1.0,0.0,0.0,0.0,0.0,1.0,0.0,0.0,0.0,0.0,0.0,1.0,0.0,1.0,0.0,0.0,0.0,0.0,0.0,0.0,0.0,0.0,0.0,0.0,0.0,1.0,0.0,1.0,0.0,1
-0.07275088044107329,1.626845012231545,0.8579905825996883,-0.152469528338974,-1.5845019314104762,0.26626968168490506,-0.5090358644278546,1.5581911621659252,0.7434976502319266,0.0,0.0,0.0,0.0,0.0,0.0,0.0,1.0,0.0,0.0,1.0,0.0,0.0,0.0,0.0,0.0,0.0,0.0,0.0,0.0,0.0,0.0,1.0,1.0,0.0,0.0,0.0,0.0,0.0,0.0,0.0,0.0,0.0,1.0,0.0,0.0,0.0,1.0,0.0,1.0,0.0,0.0,1
-1.0895931431873942,-0.14366058992441058,1.211801132125333,0.5485397973574588,0.3214747302701286,-0.6915349286924517,-1.0806084995185763,0.5271868643058071,0.6776765277329795,1.0,0.0,0.0,0.0,0.0,0.0,0.0,0.0,0.0,0.0,0.0,0.0,0.0,1.0,0.0,0.0,0.0,0.0,1.0,0.0,0.0,0.0,0.0,0.0,1.0,0.0,0.0,0.0,0.0,0.0,0.0,0.0,0.0,0.0,1.0,0.0,1.0,0.0,0.0,0.0,0.0,1.0,0
2.3396914251024845,-0.2593435987184256,1.211801132125333,1.600053785902108,1.5921258380571985,-0.3722667252333328,-0.5426577841390735,1.2145230628792192,1.7766674045131514,0.0,0.0,1.0,0.0,0.0,0.0,0.0,0.0,1.0,0.0,0.0,0.0,0.0,0.0,0.0,0.0,0.0,0.0,1.0,0.0,0.0,0.0,0.0,0.0,1.0,1.0,0.0,0.0,0.0,0.0,0.0,0.0,0.0,0.0,0.0,0.0,0.0,0.0,1.0,0.0,1.0,0.0,0
-0.13753722122587306,0.12584473118402686,-0.9110621650285352,-0.152469528338974,-1.2668391544637088,1.5433424955213808,0.1970244495077429,1.5581911621659252,0.006892728783036554,0.0,0.0,0.0,1.0,0.0,0.0,0.0,0.0,0.0,0.0,0.0,0.0,1.0,0.0,0.0,0.0,0.0,0.0,0.0,0.0,0.0,1.0,0.0,0.0,1.0,0.0,0.0,0.0,1.0,0.0,0.0,0.0,0.0,0.0,0.0,1.0,0.0,0.0,0.0,0.0,0.0,1.0,1
0.24024418296746525,-1.6383422587404999,0.15036948354839894,-1.5544881797318397,-0.9491763775169414,-1.6493395390698085,0.5332436466199322,-1.5348217314144295,-2.1659438768563617,0.0,0.0,0.0,0.0,1.0,0.0,0.0,0.0,1.0,0.0,0.0,0.0,0.0,0.0,0.0,0.0,0.0,0.0,1.0,0.0,0.0,0.0,0.0,0.0,1.0,0.0,0.0,0.0,0.0,0.0,1.0,0.0,0.0,0.0,0.0,0.0,1.0,0.0,0.0,0.0,0.0,1.0,1
-0.3222204071888707,0.8263733351729542,-1.6186832640798245,-0.5029741911871904,-1.2668391544637088,-1.0108031321515707,-1.719424974031736,0.8708549635925131,-1.1423884438390275,0.0,0.0,0.0,0.0,0.0,0.0,1.0,0.0,0.0,0.0,1.0,0.0,0.0,0.0,0.0,0.0,0.0,0.0,1.0,0.0,0.0,0.0,0.0,0.0,1.0,0.0,1.0,0.0,0.0,0.0,0.0,0.0,0.0,0.0,0.0,0.0,0.0,0.0,1.0,0.0,1.0,0.0,1
0.24862096908459974,-1.6048931365082693,0.8579905825996883,-1.5544881797318397,0.003811953323361072,-1.3300713356106897,1.474657398534062,-0.8474855328410172,-1.8553273437152629,0.0,0.0,0.0,0.0,1.0,0.0,0.0,0.0,0.0,1.0,0.0,0.0,0.0,0.0,0.0,0.0,0.0,1.0,0.0,0.0,0.0,0.0,0.0,0.0,1.0,0.0,0.0,0.0,1.0,0.0,0.0,0.0,0.0,0.0,0.0,1.0,0.0,0.0,0.0,0.0,0.0,1.0,1
-0.13944205535054038,0.15029089409423677,-0.9110621650285352,-0.5029741911871904,-0.3138508236234064,0.26626968168490506,-1.719424974031736,-1.1911536321277234,-0.8258554053047652,0.0,0.0,0.0,1.0,0.0,0.0,0.0,0.0,0.0,0.0,1.0,0.0,0.0,0.0,0.0,0.0,0.0,1.0,0.0,0.0,0.0,0.0,0.0,0.0,1.0,1.0,0.0,0.0,0.0,0.0,0.0,0.0,0.0,0.0,0.0,0.0,0.0,0.0,1.0,0.0,1.0,0.0,1
0.23877170618450294,-1.6111635962118034,-1.6186832640798245,-0.5029741911871904,0.639137507216896,-1.3300713356106897,0.46599980719749434,-0.5038174335543112,-1.3324561795944139,0.0,0.0,0.0,0.0,1.0,0.0,0.0,0.0,1.0,0.0,0.0,0.0,0.0,0.0,0.0,0.0,0.0,0.0,0.0,0.0,0.0,1.0,0.0,0.0,1.0,1.0,0.0,0.0,0.0,0.0,0.0,0.0,0.0,0.0,0.0,0.0,0.0,0.0,1.0,0.0,1.0,0.0,1
-1.0741617008007915,0.6924530254580124,-0.9110621650285352,-1.5544881797318397,0.9568002841636635,0.9048060886031429,-1.248718098074671,-0.1601493342676051,0.41661072725962767,0.0,1.0,0.0,0.0,0.0,0.0,0.0,0.0,0.0,1.0,0.0,0.0,0.0,0.0,0.0,0.0,0.0,0.0,1.0,0.0,0.0,0.0,0.0,0.0,1.0,0.0,0.0,0.0,1.0,0.0,0.0,0.0,0.0,0.0,0.0,1.0,0.0,0.0,0.0,0.0,0.0,1.0,1
-0.059326701523944925,1.6259695117244217,-1.2648727145541798,-0.5029741911871904,1.5921258380571985,0.26626968168490506,-0.37454818558297887,-1.5348217314144295,-0.9027699754158948,0.0,0.0,0.0,0.0,0.0,0.0,0.0,1.0,1.0,0.0,0.0,0.0,0.0,0.0,0.0,0.0,0.0,0.0,0.0,0.0,0.0,0.0,1.0,0.0,1.0,0.0,0.0,0.0,1.0,0.0,0.0,0.0,0.0,0.0,0.0,1.0,0.0,0.0,0.0,0.0,0.0,1.0,1
2.341206544144872,-0.2618359610549596,-1.6186832640798245,-1.5544881797318397,1.274463061110431,0.585537885144024,1.2056820408443107,1.5581911621659252,-0.30446336753220793,0.0,0.0,1.0,0.0,0.0,0.0,0.0,0.0,1.0,0.0,0.0,0.0,0.0,0.0,0.0,0.0,0.0,1.0,0.0,0.0,0.0,0.0,0.0,0.0,1.0,0.0,1.0,0.0,0.0,0.0,0.0,0.0,0.0,0.0,0.0,0.0,0.0,0.0,1.0,0.0,1.0,0.0,1
-1.1025704576023934,-0.15217358164119535,0.8579905825996883,-1.2039835168836233,1.5921258380571985,1.2240742920622618,-0.30730434616054103,-1.5348217314144295,1.0311877249745154,1.0,0.0,0.0,0.0,0.0,0.0,0.0,0.0,0.0,0.0,0.0,0.0,1.0,0.0,0.0,0.0,0.0,0.0,0.0,0.0,0.0,1.0,0.0,0.0,1.0,0.0,1.0,0.0,0.0,0.0,0.0,0.0,0.0,0.0,0.0,0.0,0.0,0.0,1.0,0.0,1.0,0.0,1
-0.1346555716327048,0.14107093571795126,0.8579905825996883,-0.5029741911871904,0.003811953323361072,0.9048060886031429,1.609145077378938,0.18351876501910097,0.03647525574885587,0.0,0.0,0.0,1.0,0.0,0.0,0.0,0.0,0.0,0.0,0.0,0.0,1.0,0.0,0.0,0.0,0.0,0.0,1.0,0.0,0.0,0.0,0.0,0.0,1.0,0.0,0.0,0.0,0.0,0.0,0.0,0.0,0.0,0.0,1.0,0.0,1.0,0.0,0.0,0.0,0.0,1.0,1
2.344031264123652,-0.23150768545187314,-0.9110621650285352,-0.152469528338974,-1.5845019314104762,0.585537885144024,1.2729258802667487,0.8708549635925131,-1.3553826379929237,0.0,0.0,1.0,0.0,0.0,0.0,0.0,0.0,0.0,1.0,0.0,0.0,0.0,0.0,0.0,0.0,0.0,0.0,0.0,0.0,0.0,0.0,1.0,0.0,1.0,0.0,0.0,0.0,1.0,0.0,0.0,0.0,0.0,0.0,0.0,1.0,0.0,0.0,0.0,0.0,0.0,1.0,1
0.23282926554748523,-1.6083557410139484,1.5656116816509777,-0.8534788540354068,0.9568002841636635,-0.05299852177421386,-0.37454818558297887,0.8708549635925131,0.8174539676464738,0.0,0.0,0.0,0.0,1.0,0.0,0.0,0.0,1.0,0.0,0.0,0.0,0.0,0.0,0.0,0.0,0.0,0.0,0.0,0.0,1.0,0.0,0.0,0.0,1.0,0.0,0.0,0.0,0.0,1.0,0.0,0.0,0.0,0.0,0.0,0.0,0.0,0.0,1.0,0.0,1.0,0.0,0
-0.3215979181234362,0.8087510733582809,1.211801132125333,-0.8534788540354068,0.639137507216896,-0.3722667252333328,-0.6435235432727303,1.2145230628792192,1.6605559861723127,0.0,0.0,0.0,0.0,0.0,0.0,1.0,0.0,0.0,0.0,0.0,0.0,0.0,0.0,0.0,1.0,0.0,0.0,1.0,0.0,0.0,0.0,0.0,0.0,1.0,0.0,0.0,1.0,0.0,0.0,0.0,0.0,0.0,0.0,0.0,0.0,0.0,0.0,1.0,0.0,1.0,0.0,0
2.338303793227452,-0.25863538134390895,-1.6186832640798245,1.600053785902108,0.003811953323361072,1.2240742920622618,-0.7443893024063871,0.18351876501910097,0.04830826653518318,0.0,0.0,1.0,0.0,0.0,0.0,0.0,0.0,0.0,0.0,0.0,0.0,1.0,0.0,0.0,0.0,0.0,0.0,0.0,1.0,0.0,0.0,0.0,0.0,1.0,0.0,0.0,0.0,0.0,0.0,0.0,0.0,1.0,0.0,0.0,0.0,0.0,0.0,1.0,0.0,1.0,0.0,1
-1.1069568953812845,-0.13066472293238712,1.211801132125333,-0.8534788540354068,1.274463061110431,-0.3722667252333328,-0.37454818558297887,0.5271868643058071,0.891410285061021,1.0,0.0,0.0,0.0,0.0,0.0,0.0,0.0,0.0,0.0,1.0,0.0,0.0,0.0,0.0,0.0,0.0,0.0,1.0,0.0,0.0,0.0,0.0,0.0,1.0,0.0,0.0,0.0,0.0,0.0,1.0,0.0,0.0,0.0,0.0,0.0,1.0,0.0,0.0,0.0,0.0,1.0,0
-0.1250760100332043,0.14048216162690735,-0.9110621650285352,-0.8534788540354068,-1.5845019314104762,-0.6915349286924517,-1.3159619374971088,0.8708549635925131,-0.6143403374991606,0.0,0.0,0.0,1.0,0.0,0.0,0.0,0.0,0.0,0.0,0.0,1.0,0.0,0.0,0.0,0.0,0.0,0.0,1.0,0.0,0.0,0.0,0.0,0.0,1.0,0.0,0.0,0.0,0.0,0.0,1.0,0.0,0.0,0.0,0.0,0.0,1.0,0.0,0.0,0.0,0.0,1.0,1
2.3362916940378367,-0.24411864489951265,1.211801132125333,1.600053785902108,1.274463061110431,-0.3722667252333328,-1.5513153754756415,0.18351876501910097,2.038472768160649,0.0,0.0,1.0,0.0,0.0,0.0,0.0,0.0,0.0,0.0,1.0,0.0,0.0,0.0,0.0,0.0,0.0,0.0,0.0,0.0,0.0,1.0,0.0,0.0,1.0,0.0,0.0,0.0,0.0,1.0,0.0,0.0,0.0,0.0,0.0,0.0,0.0,0.0,1.0,0.0,1.0,0.0,0
-0.07337622697750082,1.6436455542845303,0.8579905825996883,-1.2039835168836233,0.639137507216896,1.5433424955213808,-1.5176934557644224,0.18351876501910097,1.3846989222160513,0.0,0.0,0.0,0.0,0.0,0.0,0.0,1.0,1.0,0.0,0.0,0.0,0.0,0.0,0.0,0.0,0.0,0.0,0.0,1.0,0.0,0.0,0.0,0.0,1.0,1.0,0.0,0.0,0.0,0.0,0.0,0.0,0.0,0.0,0.0,0.0,0.0,0.0,1.0,0.0,1.0,0.0,0
-0.06998440890944783,1.6231388309776307,1.211801132125333,-1.5544881797318397,-1.2668391544637088,-0.3722667252333328,-1.4504496163419847,-0.5038174335543112,-0.12696820573729412,0.0,0.0,0.0,0.0,0.0,0.0,0.0,1.0,0.0,0.0,0.0,0.0,0.0,0.0,1.0,0.0,0.0,0.0,1.0,0.0,0.0,0.0,0.0,0.0,1.0,0.0,0.0,0.0,0.0,0.0,1.0,0.0,0.0,0.0,0.0,0.0,1.0,0.0,0.0,0.0,0.0,1.0,1
-1.1127322838679734,-0.1471422678339958,-0.5572516155028905,-0.5029741911871904,0.9568002841636635,1.5433424955213808,-0.7107673826951681,1.5581911621659252,1.1798399229777556,1.0,0.0,0.0,0.0,0.0,0.0,0.0,0.0,0.0,0.0,0.0,0.0,0.0,1.0,0.0,0.0,0.0,1.0,0.0,0.0,0.0,0.0,0.0,0.0,1.0,0.0,0.0,0.0,0.0,0.0,0.0,0.0,1.0,0.0,0.0,0.0,0.0,0.0,1.0,0.0,1.0,0.0,0
2.347003913177657,-0.23296351772372534,1.5656116816509777,0.1980351345092424,1.5921258380571985,0.585537885144024,1.2393039605555296,0.5271868643058071,0.9764600500877508,0.0,0.0,1.0,0.0,0.0,0.0,0.0,0.0,0.0,0.0,0.0,0.0,0.0,0.0,0.0,1.0,0.0,0.0,0.0,1.0,0.0,0.0,0.0,0.0,1.0,0.0,0.0,0.0,0.0,0.0,0.0,1.0,0.0,0.0,0.0,0.0,1.0,0.0,0.0,0.0,0.0,1.0,0
2.3228545465985118,-0.25476191695738337,-0.9110621650285352,1.2495491230538915,1.274463061110431,0.585537885144024,-0.24006050673810317,0.18351876501910097,1.306305225756631,0.0,0.0,1.0,0.0,0.0,0.0,0.0,0.0,0.0,1.0,0.0,0.0,0.0,0.0,0.0,0.0,0.0,0.0,0.0,0.0,1.0,0.0,0.0,0.0,1.0,0.0,1.0,0.0,0.0,0.0,0.0,0.0,0.0,0.0,0.0,0.0,0.0,0.0,1.0,0.0,1.0,0.0,0
2.3320558229997026,-0.26617594214028173,0.15036948354839894,1.600053785902108,-0.6315136005701739,1.2240742920622618,0.5668655663311511,-0.5038174335543112,0.08232817254587445,0.0,0.0,1.0,0.0,0.0,0.0,0.0,0.0,0.0,0.0,0.0,0.0,0.0,1.0,0.0,0.0,0.0,0.0,0.0,0.0,1.0,0.0,0.0,0.0,1.0,0.0,0.0,0.0,0.0,0.0,0.0,0.0,1.0,0.0,0.0,0.0,0.0,0.0,1.0,0.0,1.0,0.0,1
-1.0634028829032478,0.6972604612783863,0.8579905825996883,0.8990444602056752,0.3214747302701286,-1.6493395390698085,1.3401697196891864,-1.5348217314144295,-0.3895131325589366,0.0,1.0,0.0,0.0,0.0,0.0,0.0,0.0,0.0,1.0,0.0,0.0,0.0,0.0,0.0,0.0,0.0,0.0,1.0,0.0,0.0,0.0,0.0,0.0,1.0,0.0,0.0,0.0,0.0,1.0,0.0,0.0,0.0,0.0,0.0,0.0,0.0,0.0,1.0,0.0,1.0,0.0,1
-0.32086354807837275,0.8091672487779203,-1.6186832640798245,-0.152469528338974,-0.6315136005701739,-0.6915349286924517,-0.4081701052941978,-1.5348217314144295,-1.4663171141147446,0.0,0.0,0.0,0.0,0.0,0.0,1.0,0.0,0.0,0.0,0.0,0.0,0.0,0.0,1.0,0.0,0.0,0.0,0.0,0.0,0.0,0.0,1.0,0.0,1.0,0.0,0.0,0.0,0.0,0.0,0.0,0.0,1.0,0.0,0.0,0.0,0.0,0.0,1.0,0.0,1.0,0.0,1
-0.32310995988937036,0.8166287018498947,-1.6186832640798245,0.8990444602056752,0.003811953323361072,-1.0108031321515707,-1.181474258652233,-0.1601493342676051,-0.5514774676967948,0.0,0.0,0.0,0.0,0.0,0.0,1.0,0.0,0.0,0.0,0.0,0.0,0.0,0.0,0.0,1.0,0.0,0.0,1.0,0.0,0.0,0.0,0.0,0.0,1.0,0.0,0.0,0.0,0.0,1.0,0.0,0.0,0.0,0.0,0.0,0.0,0.0,0.0,1.0,0.0,1.0,0.0,1
-1.0675501723406158,0.7108160232374648,-1.2648727145541798,1.600053785902108,0.3214747302701286,1.2240742920622618,-0.8452550615400438,-1.1911536321277234,0.024642244962527513,0.0,1.0,0.0,0.0,0.0,0.0,0.0,0.0,0.0,0.0,0.0,0.0,0.0,0.0,1.0,0.0,0.0,0.0,1.0,0.0,0.0,0.0,0.0,0.0,1.0,0.0,0.0,1.0,0.0,0.0,0.0,0.0,0.0,0.0,0.0,0.0,0.0,0.0,1.0,0.0,1.0,0.0,1
-0.13178623114535037,0.15239741085013153,-1.6186832640798245,1.600053785902108,0.3214747302701286,-1.3300713356106897,1.5755231576677189,-1.5348217314144295,-1.0891398953005536,0.0,0.0,0.0,1.0,0.0,0.0,0.0,0.0,0.0,0.0,0.0,0.0,0.0,0.0,1.0,0.0,0.0,0.0,0.0,0.0,1.0,0.0,0.0,0.0,1.0,0.0,1.0,0.0,0.0,0.0,0.0,0.0,0.0,0.0,0.0,0.0,0.0,0.0,1.0,0.0,1.0,0.0,1
2.3411865418479256,-0.286130474770186,-1.2648727145541798,-0.5029741911871904,1.5921258380571985,1.2240742920622618,-1.719424974031736,0.5271868643058071,0.8462969314381473,0.0,0.0,1.0,0.0,0.0,0.0,0.0,0.0,0.0,0.0,0.0,0.0,0.0,1.0,0.0,0.0,0.0,0.0,0.0,0.0,0.0,0.0,1.0,0.0,1.0,0.0,0.0,0.0,1.0,0.0,0.0,0.0,0.0,0.0,0.0,1.0,0.0,0.0,0.0,0.0,0.0,1.0,0
0.11321574960846231,-1.3054310021547681,0.15036948354839894,1.2495491230538915,-0.6315136005701739,-1.0108031321515707,-1.5513153754756415,0.5271868643058071,0.20139784358329546,0.0,0.0,0.0,0.0,0.0,1.0,0.0,0.0,0.0,0.0,0.0,0.0,1.0,0.0,0.0,0.0,0.0,0.0,0.0,0.0,0.0,0.0,1.0,0.0,1.0,0.0,0.0,0.0,0.0,1.0,0.0,0.0,0.0,0.0,0.0,0.0,0.0,0.0,1.0,0.0,1.0,0.0,0
-0.13689582889079546,0.1463311303720134,0.5041800330740437,-0.152469528338974,0.3214747302701286,-1.0108031321515707,-1.2150961783634522,0.18351876501910097,0.28496848226173455,0.0,0.0,0.0,1.0,0.0,0.0,0.0,0.0,1.0,0.0,0.0,0.0,0.0,0.0,0.0,0.0,0.0,0.0,0.0,0.0,0.0,0.0,1.0,0.0,1.0,0.0,0.0,1.0,0.0,0.0,0.0,0.0,0.0,0.0,0.0,0.0,0.0,0.0,1.0,0.0,1.0,0.0,1
-0.08156200214906188,1.6239808748582363,-0.20344106597724576,-1.2039835168836233,0.3214747302701286,0.9048060886031429,0.09615869037408611,-0.8474855328410172,0.01724661322107321,0.0,0.0,0.0,0.0,0.0,0.0,0.0,1.0,0.0,0.0,0.0,0.0,0.0,1.0,0.0,0.0,0.0,0.0,0.0,0.0,0.0,0.0,1.0,0.0,1.0,0.0,0.0,1.0,0.0,0.0,0.0,0.0,0.0,0.0,0.0,0.0,0.0,0.0,1.0,0.0,1.0,0.0,1
0.2585689246366669,-1.6100689078991441,1.5656116816509777,-0.5029741911871904,0.9568002841636635,1.2240742920622618,1.4074135591116244,1.2145230628792192,1.954902129482211,0.0,0.0,0.0,0.0,1.0,0.0,0.0,0.0,0.0,0.0,0.0,0.0,0.0,1.0,0.0,0.0,0.0,0.0,1.0,0.0,0.0,0.0,0.0,0.0,1.0,0.0,0.0,0.0,0.0,0.0,0.0,0.0,0.0,0.0,1.0,0.0,1.0,0.0,0.0,0.0,0.0,1.0,0
2.3411146654621913,-0.24983097302975502,1.5656116816509777,-1.2039835168836233,-1.2668391544637088,1.5433424955213808,-0.004707068759570669,0.5271868643058071,0.596324578576978,0.0,0.0,1.0,0.0,0.0,0.0,0.0,0.0,0.0,1.0,0.0,0.0,0.0,0.0,0.0,0.0,0.0,0.0,1.0,0.0,0.0,0.0,0.0,0.0,1.0,0.0,1.0,0.0,0.0,0.0,0.0,0.0,0.0,0.0,0.0,0.0,0.0,0.0,1.0,0.0,1.0,0.0,1
0.11933425441970773,-1.3120100757870672,-0.20344106597724576,-0.8534788540354068,0.003811953323361072,1.2240742920622618,0.12978061008530503,1.5581911621659252,0.7057799283505082,0.0,0.0,0.0,0.0,0.0,1.0,0.0,0.0,0.0,0.0,0.0,1.0,0.0,0.0,0.0,0.0,0.0,0.0,1.0,0.0,0.0,0.0,0.0,0.0,1.0,0.0,0.0,1.0,0.0,0.0,0.0,0.0,0.0,0.0,0.0,0.0,0.0,0.0,1.0,0.0,1.0,0.0,1
-1.1066181751659474,-0.16400378224372877,0.15036948354839894,-0.8534788540354068,-1.2668391544637088,-1.3300713356106897,1.4074135591116244,-1.5348217314144295,-1.3664760856051057,1.0,0.0,0.0,0.0,0.0,0.0,0.0,0.0,1.0,0.0,0.0,0.0,0.0,0.0,0.0,0.0,0.0,0.0,0.0,0.0,1.0,0.0,0.0,0.0,1.0,0.0,0.0,0.0,0.0,1.0,0.0,0.0,0.0,0.0,0.0,0.0,0.0,0.0,1.0,0.0,1.0,0.0,2
-1.0816630017669275,0.6754214138068978,0.15036948354839894,-1.2039835168836233,-0.3138508236234064,0.585537885144024,0.26426828893018073,-1.5348217314144295,-1.0854420794298263,0.0,1.0,0.0,0.0,0.0,0.0,0.0,0.0,0.0,0.0,0.0,1.0,0.0,0.0,0.0,0.0,0.0,1.0,0.0,0.0,0.0,0.0,0.0,0.0,1.0,0.0,0.0,0.0,0.0,0.0,0.0,0.0,0.0,0.0,1.0,0.0,1.0,0.0,0.0,0.0,0.0,1.0,1
-1.104237682023765,-0.15464780861008312,1.211801132125333,1.2495491230538915,-0.3138508236234064,0.9048060886031429,0.2978902086413997,1.5581911621659252,1.4357287812320887,1.0,0.0,0.0,0.0,0.0,0.0,0.0,0.0,1.0,0.0,0.0,0.0,0.0,0.0,0.0,0.0,0.0,0.0,1.0,0.0,0.0,0.0,0.0,1.0,0.0,0.0,0.0,0.0,0.0,0.0,0.0,0.0,0.0,1.0,0.0,0.0,0.0,1.0,0.0,1.0,0.0,0.0,0
-0.05607445992360048,1.600817320190962,-0.9110621650285352,-1.5544881797318397,-0.3138508236234064,-0.6915349286924517,1.2393039605555296,1.5581911621659252,-1.6667387343081677,0.0,0.0,0.0,0.0,0.0,0.0,0.0,1.0,0.0,0.0,0.0,0.0,0.0,0.0,1.0,0.0,0.0,0.0,1.0,0.0,0.0,0.0,0.0,1.0,0.0,0.0,0.0,0.0,0.0,0.0,0.0,0.0,0.0,1.0,0.0,0.0,0.0,1.0,0.0,1.0,0.0,0.0,1
-0.07085835542221902,1.6079313871688605,0.5041800330740437,-0.152469528338974,1.5921258380571985,1.5433424955213808,-0.20643858702688425,-1.1911536321277234,1.0740823890749527,0.0,0.0,0.0,0.0,0.0,0.0,0.0,1.0,0.0,0.0,0.0,0.0,0.0,0.0,0.0,1.0,0.0,0.0,0.0,0.0,1.0,0.0,0.0,0.0,1.0,0.0,0.0,0.0,1.0,0.0,0.0,0.0,0.0,0.0,0.0,1.0,0.0,0.0,0.0,0.0,0.0,1.0,0
2.333866140776158,-0.2490167575581267,0.5041800330740437,1.2495491230538915,-1.2668391544637088,-0.05299852177421386,0.3315121283526186,1.5581911621659252,-0.034522808969110065,0.0,0.0,1.0,0.0,0.0,0.0,0.0,0.0,1.0,0.0,0.0,0.0,0.0,0.0,0.0,0.0,0.0,0.0,1.0,0.0,0.0,0.0,0.0,0.0,1.0,0.0,0.0,0.0,0.0,0.0,1.0,0.0,0.0,0.0,0.0,0.0,1.0,0.0,0.0,0.0,0.0,1.0,1
0.23522470546101293,-1.6071250374439334,-1.6186832640798245,-0.5029741911871904,0.9568002841636635,-0.3722667252333328,-0.34092626587175995,0.8708549635925131,-0.7193583082278173,0.0,0.0,0.0,0.0,1.0,0.0,0.0,0.0,0.0,0.0,0.0,1.0,0.0,0.0,0.0,0.0,0.0,0.0,1.0,0.0,0.0,0.0,0.0,0.0,1.0,0.0,0.0,0.0,0.0,0.0,0.0,1.0,0.0,0.0,0.0,0.0,1.0,0.0,0.0,0.0,0.0,1.0,1
0.12779192894647537,-1.2684217196460619,-0.20344106597724576,-0.5029741911871904,0.9568002841636635,-0.3722667252333328,-1.5176934557644224,-0.1601493342676051,0.07567210397856494,0.0,0.0,0.0,0.0,0.0,1.0,0.0,0.0,0.0,1.0,0.0,0.0,0.0,0.0,0.0,0.0,1.0,0.0,0.0,0.0,0.0,0.0,0.0,1.0,0.0,0.0,0.0,0.0,0.0,0.0,0.0,0.0,0.0,1.0,0.0,0.0,0.0,1.0,0.0,1.0,0.0,0.0,1
-1.0730083815471412,0.6857394999621209,-0.9110621650285352,0.1980351345092424,0.3214747302701286,1.5433424955213808,-1.181474258652233,-1.1911536321277234,0.3374774676260626,0.0,1.0,0.0,0.0,0.0,0.0,0.0,0.0,1.0,0.0,0.0,0.0,0.0,0.0,0.0,0.0,1.0,0.0,0.0,0.0,0.0,0.0,0.0,0.0,1.0,0.0,0.0,0.0,0.0,0.0,0.0,0.0,1.0,0.0,0.0,0.0,0.0,0.0,1.0,0.0,1.0,0.0,1
-1.0976611026318817,-0.14518489884306607,-0.5572516155028905,1.600053785902108,-0.9491763775169414,0.26626968168490506,-0.44179202500541676,1.5581911621659252,0.47799447071370277,1.0,0.0,0.0,0.0,0.0,0.0,0.0,0.0,0.0,0.0,0.0,0.0,0.0,1.0,0.0,0.0,0.0,0.0,0.0,0.0,0.0,0.0,1.0,0.0,1.0,0.0,0.0,1.0,0.0,0.0,0.0,0.0,0.0,0.0,0.0,0.0,0.0,0.0,1.0,0.0,1.0,0.0,1
-1.0997154044700015,-0.12866170284358555,1.5656116816509777,1.2495491230538915,1.5921258380571985,-0.6915349286924517,-1.181474258652233,-0.1601493342676051,2.038472768160649,1.0,0.0,0.0,0.0,0.0,0.0,0.0,0.0,0.0,0.0,0.0,0.0,1.0,0.0,0.0,0.0,0.0,0.0,1.0,0.0,0.0,0.0,0.0,0.0,1.0,0.0,0.0,0.0,0.0,0.0,0.0,1.0,0.0,0.0,0.0,0.0,1.0,0.0,0.0,0.0,0.0,1.0,0
-0.3329675753969836,0.8292693657790264,0.15036948354839894,-1.2039835168836233,0.9568002841636635,0.9048060886031429,1.3401697196891864,-1.1911536321277234,-0.7393265139297454,0.0,0.0,0.0,0.0,0.0,0.0,1.0,0.0,0.0,0.0,0.0,0.0,1.0,0.0,0.0,0.0,0.0,0.0,0.0,1.0,0.0,0.0,0.0,0.0,1.0,0.0,1.0,0.0,0.0,0.0,0.0,0.0,0.0,0.0,0.0,0.0,0.0,0.0,1.0,0.0,1.0,0.0,1
-0.3209312481603481,0.8219120347316444,0.15036948354839894,0.5485397973574588,0.3214747302701286,-0.3722667252333328,0.12978061008530503,-0.1601493342676051,0.05348520875420098,0.0,0.0,0.0,0.0,0.0,0.0,1.0,0.0,0.0,0.0,0.0,1.0,0.0,0.0,0.0,0.0,0.0,0.0,1.0,0.0,0.0,0.0,0.0,0.0,1.0,0.0,0.0,0.0,0.0,0.0,0.0,0.0,0.0,0.0,1.0,0.0,1.0,0.0,0.0,0.0,0.0,1.0,1
-0.3080073464723621,0.8291915087696439,1.5656116816509777,1.600053785902108,-0.3138508236234064,1.2240742920622618,0.6677313254648078,1.5581911621659252,2.038472768160649,0.0,0.0,0.0,0.0,0.0,0.0,1.0,0.0,0.0,0.0,0.0,1.0,0.0,0.0,0.0,0.0,0.0,0.0,1.0,0.0,0.0,0.0,0.0,0.0,1.0,0.0,0.0,0.0,0.0,1.0,0.0,0.0,0.0,0.0,0.0,0.0,0.0,0.0,1.0,0.0,1.0,0.0,0
-0.06838202709905895,1.606467737928201,-1.2648727145541798,0.8990444602056752,-0.9491763775169414,0.9048060886031429,0.8358409240209025,0.8708549635925131,-0.8191993367374563,0.0,0.0,0.0,0.0,0.0,0.0,0.0,1.0,0.0,1.0,0.0,0.0,0.0,0.0,0.0,0.0,0.0,0.0,0.0,0.0,1.0,0.0,0.0,0.0,1.0,0.0,0.0,0.0,0.0,0.0,0.0,1.0,0.0,0.0,0.0,0.0,1.0,0.0,0.0,0.0,0.0,1.0,1
0.2480556294390139,-1.6189270969587377,-0.9110621650285352,-0.8534788540354068,-0.6315136005701739,-0.6915349286924517,-1.6185592148980792,0.5271868643058071,-0.5921534422747956,0.0,0.0,0.0,0.0,1.0,0.0,0.0,0.0,0.0,0.0,1.0,0.0,0.0,0.0,0.0,0.0,1.0,0.0,0.0,0.0,0.0,0.0,0.0,0.0,1.0,0.0,0.0,0.0,1.0,0.0,0.0,0.0,0.0,0.0,0.0,1.0,0.0,0.0,0.0,0.0,0.0,1.0,1
-1.0936639403243487,-0.12068432982991298,-0.5572516155028905,-1.2039835168836233,-0.9491763775169414,0.585537885144024,0.8694628437321215,0.8708549635925131,-0.4619903236251932,1.0,0.0,0.0,0.0,0.0,0.0,0.0,0.0,1.0,0.0,0.0,0.0,0.0,0.0,0.0,0.0,0.0,0.0,0.0,0.0,1.0,0.0,0.0,0.0,1.0,0.0,0.0,1.0,0.0,0.0,0.0,0.0,0.0,0.0,0.0,0.0,0.0,0.0,1.0,0.0,1.0,0.0,1
2.3485495851791183,-0.25824578361823974,-1.6186832640798245,1.600053785902108,0.3214747302701286,-0.05299852177421386,-0.07195090818200853,1.5581911621659252,0.7982253251186922,0.0,0.0,1.0,0.0,0.0,0.0,0.0,0.0,0.0,0.0,0.0,0.0,0.0,1.0,0.0,0.0,0.0,0.0,0.0,0.0,0.0,0.0,1.0,0.0,1.0,0.0,0.0,0.0,0.0,1.0,0.0,0.0,0.0,0.0,0.0,0.0,0.0,0.0,1.0,0.0,1.0,0.0,1
-0.05379837437537342,1.6029957530599426,0.8579905825996883,0.8990444602056752,-1.5845019314104762,-0.6915349286924517,0.46599980719749434,1.2145230628792192,-0.4708650817149392,0.0,0.0,0.0,0.0,0.0,0.0,0.0,1.0,0.0,0.0,0.0,0.0,0.0,0.0,0.0,1.0,0.0,0.0,0.0,0.0,0.0,0.0,1.0,1.0,0.0,0.0,0.0,0.0,0.0,0.0,0.0,0.0,0.0,1.0,0.0,0.0,0.0,1.0,0.0,1.0,0.0,0.0,1
-0.05576893033286779,1.6245596432291975,-0.20344106597724576,0.8990444602056752,0.3214747302701286,-0.3722667252333328,1.5755231576677189,-0.1601493342676051,-0.030085429924237066,0.0,0.0,0.0,0.0,0.0,0.0,0.0,1.0,1.0,0.0,0.0,0.0,0.0,0.0,0.0,0.0,0.0,0.0,1.0,0.0,0.0,0.0,0.0,0.0,1.0,0.0,0.0,0.0,0.0,0.0,0.0,1.0,0.0,0.0,0.0,0.0,1.0,0.0,0.0,0.0,0.0,1.0,1
-0.07043940621363222,1.6159863045131684,0.8579905825996883,0.8990444602056752,-1.2668391544637088,0.9048060886031429,-1.28234001778589,-0.8474855328410172,0.7390602711870546,0.0,0.0,0.0,0.0,0.0,0.0,0.0,1.0,0.0,0.0,0.0,0.0,1.0,0.0,0.0,0.0,0.0,0.0,1.0,0.0,0.0,0.0,0.0,0.0,1.0,0.0,0.0,0.0,0.0,0.0,0.0,0.0,1.0,0.0,0.0,0.0,0.0,0.0,1.0,0.0,1.0,0.0,0
2.3326259983654287,-0.2659839573862196,0.8579905825996883,-1.5544881797318397,-0.9491763775169414,0.585537885144024,0.7685970845984647,-0.5038174335543112,-0.63726679589767,0.0,0.0,1.0,0.0,0.0,0.0,0.0,0.0,0.0,1.0,0.0,0.0,0.0,0.0,0.0,0.0,0.0,0.0,1.0,0.0,0.0,0.0,0.0,0.0,1.0,0.0,0.0,0.0,0.0,0.0,1.0,0.0,0.0,0.0,0.0,0.0,1.0,0.0,0.0,0.0,0.0,1.0,1
-0.323207113903114,0.8068493611853058,-1.2648727145541798,-1.2039835168836233,0.639137507216896,1.5433424955213808,-0.20643858702688425,-1.1911536321277234,-0.8510005532257116,0.0,0.0,0.0,0.0,0.0,0.0,1.0,0.0,0.0,0.0,0.0,0.0,0.0,0.0,0.0,1.0,0.0,1.0,0.0,0.0,0.0,0.0,0.0,0.0,1.0,1.0,0.0,0.0,0.0,0.0,0.0,0.0,0.0,0.0,0.0,0.0,0.0,0.0,1.0,0.0,1.0,0.0,1
-0.3145522738778668,0.8117093270361079,1.211801132125333,0.5485397973574588,-1.5845019314104762,-1.0108031321515707,-0.34092626587175995,1.5581911621659252,0.8455573682640025,0.0,0.0,0.0,0.0,0.0,0.0,1.0,0.0,0.0,0.0,0.0,0.0,0.0,1.0,0.0,0.0,0.0,0.0,0.0,0.0,1.0,0.0,0.0,0.0,1.0,0.0,0.0,0.0,0.0,0.0,0.0,1.0,0.0,0.0,0.0,0.0,1.0,0.0,0.0,0.0,0.0,1.0,1
-0.33759601898838987,0.8167049954655184,0.5041800330740437,-0.152469528338974,-0.3138508236234064,0.585537885144024,-0.5426577841390735,-0.8474855328410172,0.5852311309647954,0.0,0.0,0.0,0.0,0.0,0.0,1.0,0.0,0.0,0.0,0.0,1.0,0.0,0.0,0.0,0.0,1.0,0.0,0.0,0.0,0.0,0.0,0.0,0.0,1.0,0.0,0.0,0.0,0.0,0.0,0.0,1.0,0.0,0.0,0.0,0.0,1.0,0.0,0.0,0.0,0.0,1.0,1
-0.06621782253046007,1.6258416261146293,-1.6186832640798245,0.8990444602056752,0.639137507216896,0.585537885144024,0.5668655663311511,-1.5348217314144295,-0.8554379322705845,0.0,0.0,0.0,0.0,0.0,0.0,0.0,1.0,0.0,0.0,0.0,0.0,0.0,0.0,1.0,0.0,0.0,0.0,1.0,0.0,0.0,0.0,0.0,0.0,1.0,0.0,0.0,1.0,0.0,0.0,0.0,0.0,0.0,0.0,0.0,0.0,0.0,0.0,1.0,0.0,1.0,0.0,1
0.24784065969819635,-1.6227495947085984,0.5041800330740437,0.8990444602056752,-1.2668391544637088,1.2240742920622618,0.8022190043096836,-1.5348217314144295,0.12078545760143872,0.0,0.0,0.0,0.0,1.0,0.0,0.0,0.0,0.0,0.0,1.0,0.0,0.0,0.0,0.0,0.0,0.0,0.0,1.0,0.0,0.0,0.0,0.0,0.0,1.0,0.0,0.0,0.0,0.0,0.0,0.0,0.0,1.0,0.0,0.0,0.0,0.0,0.0,1.0,0.0,1.0,0.0,1
-1.0954248018720885,-0.15293995726368068,-0.9110621650285352,-0.8534788540354068,-1.5845019314104762,1.5433424955213808,-0.2736824264493221,-1.5348217314144295,-1.3191440424597953,1.0,0.0,0.0,0.0,0.0,0.0,0.0,0.0,0.0,0.0,0.0,1.0,0.0,0.0,0.0,0.0,0.0,0.0,0.0,0.0,0.0,1.0,0.0,1.0,0.0,0.0,0.0,0.0,0.0,0.0,0.0,0.0,0.0,1.0,0.0,0.0,0.0,1.0,0.0,1.0,0.0,0.0,1
-1.0705766737325555,0.7135219451619854,-1.2648727145541798,-1.5544881797318397,-1.2668391544637088,0.26626968168490506,-1.0133646600961386,-0.8474855328410172,-1.2518437936125577,0.0,1.0,0.0,0.0,0.0,0.0,0.0,0.0,0.0,1.0,0.0,0.0,0.0,0.0,0.0,0.0,0.0,0.0,0.0,0.0,0.0,1.0,0.0,0.0,1.0,0.0,0.0,0.0,0.0,1.0,0.0,0.0,0.0,0.0,0.0,0.0,0.0,0.0,1.0,0.0,1.0,0.0,1
-0.33860558547057296,0.8396709371611815,1.5656116816509777,0.1980351345092424,-1.5845019314104762,-1.3300713356106897,1.5419012379565,-0.1601493342676051,-0.9286546865109859,0.0,0.0,0.0,0.0,0.0,0.0,1.0,0.0,0.0,0.0,1.0,0.0,0.0,0.0,0.0,0.0,0.0,0.0,0.0,0.0,1.0,0.0,0.0,0.0,1.0,0.0,1.0,0.0,0.0,0.0,0.0,0.0,0.0,0.0,0.0,0.0,0.0,0.0,1.0,0.0,1.0,0.0,1
-0.14093145715399674,0.14218813690079038,1.211801132125333,-1.2039835168836233,-0.3138508236234064,0.585537885144024,-1.181474258652233,-1.1911536321277234,0.6192510369754878,0.0,0.0,0.0,1.0,0.0,0.0,0.0,0.0,0.0,0.0,0.0,0.0,0.0,1.0,0.0,0.0,0.0,0.0,0.0,0.0,0.0,0.0,1.0,0.0,1.0,0.0,1.0,0.0,0.0,0.0,0.0,0.0,0.0,0.0,0.0,0.0,0.0,0.0,1.0,0.0,1.0,0.0,1
-1.1095725803666923,-0.14273474813812567,1.5656116816509777,-1.5544881797318397,-1.2668391544637088,1.2240742920622618,1.3737916394004053,1.2145230628792192,0.09416118333220175,1.0,0.0,0.0,0.0,0.0,0.0,0.0,0.0,1.0,0.0,0.0,0.0,0.0,0.0,0.0,0.0,0.0,1.0,0.0,0.0,0.0,0.0,0.0,0.0,1.0,0.0,0.0,1.0,0.0,0.0,0.0,0.0,0.0,0.0,0.0,0.0,0.0,0.0,1.0,0.0,1.0,0.0,1
-1.0927198758695311,0.6962445680113691,1.5656116816509777,0.1980351345092424,-0.3138508236234064,0.9048060886031429,0.7013532451760268,1.5581911621659252,2.038472768160649,0.0,1.0,0.0,0.0,0.0,0.0,0.0,0.0,0.0,0.0,0.0,0.0,0.0,1.0,0.0,0.0,0.0,0.0,0.0,0.0,0.0,0.0,1.0,0.0,1.0,0.0,0.0,0.0,0.0,0.0,0.0,1.0,0.0,0.0,0.0,0.0,1.0,0.0,0.0,0.0,0.0,1.0,0
0.23730692259267427,-1.5990776243896854,0.8579905825996883,-0.8534788540354068,1.274463061110431,-0.6915349286924517,1.2729258802667487,-0.1601493342676051,-0.036741498491546565,0.0,0.0,0.0,0.0,1.0,0.0,0.0,0.0,0.0,0.0,1.0,0.0,0.0,0.0,0.0,0.0,0.0,0.0,1.0,0.0,0.0,0.0,0.0,1.0,0.0,0.0,0.0,0.0,0.0,0.0,0.0,0.0,0.0,1.0,0.0,0.0,0.0,1.0,0.0,1.0,0.0,0.0,1
0.23730010862338458,-1.614442970968492,-0.5572516155028905,1.600053785902108,0.3214747302701286,0.26626968168490506,-1.5849372951868603,0.18351876501910097,1.0060425770535701,0.0,0.0,0.0,0.0,1.0,0.0,0.0,0.0,0.0,0.0,0.0,0.0,0.0,0.0,0.0,1.0,0.0,0.0,0.0,1.0,0.0,0.0,0.0,0.0,1.0,0.0,0.0,0.0,0.0,0.0,0.0,0.0,1.0,0.0,0.0,0.0,0.0,0.0,1.0,0.0,1.0,0.0,0
-1.1041370111226458,-0.11144279661969861,-0.5572516155028905,-0.152469528338974,-0.3138508236234064,-1.3300713356106897,-0.44179202500541676,-0.1601493342676051,-0.10773956320951146,1.0,0.0,0.0,0.0,0.0,0.0,0.0,0.0,0.0,0.0,0.0,1.0,0.0,0.0,0.0,0.0,0.0,0.0,1.0,0.0,0.0,0.0,0.0,0.0,1.0,0.0,0.0,0.0,0.0,0.0,0.0,0.0,1.0,0.0,0.0,0.0,0.0,0.0,1.0,0.0,1.0,0.0,1
-0.06862974785355942,1.6086505482997153,0.15036948354839894,0.1980351345092424,0.3214747302701286,1.2240742920622618,0.8694628437321215,-1.5348217314144295,0.12152502077558457,0.0,0.0,0.0,0.0,0.0,0.0,0.0,1.0,0.0,0.0,0.0,0.0,0.0,0.0,0.0,1.0,0.0,0.0,1.0,0.0,0.0,0.0,0.0,0.0,1.0,0.0,0.0,0.0,0.0,0.0,0.0,0.0,0.0,0.0,1.0,0.0,1.0,0.0,0.0,0.0,0.0,1.0,1
0.12828737045547556,-1.2955816214496085,0.8579905825996883,-1.5544881797318397,1.5921258380571985,-1.0108031321515707,0.2978902086413997,-0.8474855328410172,0.40181946377671907,0.0,0.0,0.0,0.0,0.0,1.0,0.0,0.0,0.0,0.0,1.0,0.0,0.0,0.0,0.0,0.0,0.0,0.0,0.0,0.0,1.0,0.0,0.0,0.0,1.0,0.0,0.0,0.0,0.0,0.0,0.0,0.0,1.0,0.0,0.0,0.0,0.0,0.0,1.0,0.0,1.0,0.0,1
0.2381777918289928,-1.618153217046188,-1.6186832640798245,1.2495491230538915,-0.3138508236234064,1.2240742920622618,1.3401697196891864,0.18351876501910097,-0.49822891915832096,0.0,0.0,0.0,0.0,1.0,0.0,0.0,0.0,0.0,0.0,0.0,0.0,0.0,1.0,0.0,0.0,0.0,0.0,1.0,0.0,0.0,0.0,0.0,0.0,1.0,0.0,0.0,0.0,0.0,0.0,0.0,0.0,1.0,0.0,0.0,0.0,0.0,0.0,1.0,0.0,1.0,0.0,1
0.12274915206116167,-1.326842930450288,-1.2648727145541798,-0.8534788540354068,-0.3138508236234064,-1.6493395390698085,-0.30730434616054103,0.5271868643058071,-1.2274382088657567,0.0,0.0,0.0,0.0,0.0,1.0,0.0,0.0,0.0,1.0,0.0,0.0,0.0,0.0,0.0,0.0,0.0,0.0,0.0,0.0,0.0,0.0,1.0,0.0,1.0,0.0,0.0,0.0,0.0,0.0,0.0,1.0,0.0,0.0,0.0,0.0,1.0,0.0,0.0,0.0,0.0,1.0,1
2.340940579537112,-0.2592501077714152,1.5656116816509777,-1.2039835168836233,-0.3138508236234064,-0.05299852177421386,1.2729258802667487,-1.5348217314144295,-1.0181418305825882,0.0,0.0,1.0,0.0,0.0,0.0,0.0,0.0,0.0,0.0,0.0,0.0,1.0,0.0,0.0,0.0,0.0,0.0,1.0,0.0,0.0,0.0,0.0,0.0,1.0,1.0,0.0,0.0,0.0,0.0,0.0,0.0,0.0,0.0,0.0,0.0,0.0,0.0,1.0,0.0,1.0,0.0,1
-1.1065684991317704,-0.1227467588816947,0.8579905825996883,-0.152469528338974,-0.6315136005701739,0.9048060886031429,-0.4754139447166357,-0.8474855328410172,0.1673779375726042,1.0,0.0,0.0,0.0,0.0,0.0,0.0,0.0,0.0,1.0,0.0,0.0,0.0,0.0,0.0,0.0,0.0,0.0,0.0,1.0,0.0,0.0,0.0,0.0,1.0,0.0,1.0,0.0,0.0,0.0,0.0,0.0,0.0,0.0,0.0,0.0,0.0,0.0,1.0,0.0,1.0,0.0,1
-1.1014186769869698,-0.15132465882803334,0.8579905825996883,1.2495491230538915,-1.5845019314104762,0.585537885144024,0.39875596777505645,-0.8474855328410172,0.7893505670289462,1.0,0.0,0.0,0.0,0.0,0.0,0.0,0.0,0.0,0.0,0.0,0.0,0.0,0.0,0.0,1.0,0.0,0.0,0.0,0.0,1.0,0.0,0.0,0.0,1.0,0.0,1.0,0.0,0.0,0.0,0.0,0.0,0.0,0.0,0.0,0.0,0.0,0.0,1.0,0.0,1.0,0.0,1
-1.0851130682821348,0.6929467452082781,-0.9110621650285352,-1.2039835168836233,0.9568002841636635,1.5433424955213808,-1.2150961783634522,-0.5038174335543112,0.565262925262868,0.0,1.0,0.0,0.0,0.0,0.0,0.0,0.0,0.0,1.0,0.0,0.0,0.0,0.0,0.0,0.0,0.0,0.0,1.0,0.0,0.0,0.0,0.0,0.0,1.0,0.0,0.0,1.0,0.0,0.0,0.0,0.0,0.0,0.0,0.0,0.0,0.0,0.0,1.0,0.0,1.0,0.0,1
-0.12486543640160574,0.14692459464434254,-0.20344106597724576,-1.5544881797318397,1.5921258380571985,1.2240742920622618,-1.3832057769195467,0.18351876501910097,1.2715457565717938,0.0,0.0,0.0,1.0,0.0,0.0,0.0,0.0,0.0,0.0,0.0,1.0,0.0,0.0,0.0,0.0,0.0,0.0,1.0,0.0,0.0,0.0,0.0,1.0,0.0,0.0,0.0,0.0,0.0,0.0,0.0,0.0,0.0,1.0,0.0,0.0,0.0,1.0,0.0,1.0,0.0,0.0,0
-1.08528165907069,0.6947018110463157,1.5656116816509777,-0.152469528338974,1.5921258380571985,-0.6915349286924517,-0.37454818558297887,-0.5038174335543112,1.310742604801504,0.0,1.0,0.0,0.0,0.0,0.0,0.0,0.0,0.0,0.0,0.0,1.0,0.0,0.0,0.0,0.0,0.0,0.0,1.0,0.0,0.0,0.0,0.0,0.0,1.0,0.0,0.0,0.0,1.0,0.0,0.0,0.0,0.0,0.0,0.0,1.0,0.0,0.0,0.0,0.0,0.0,1.0,0
0.1185992249582623,-1.3154936297691673,-1.2648727145541798,-0.152469528338974,-0.9491763775169414,-1.0108031321515707,-0.5762797038502925,-1.1911536321277234,-0.9242173074661134,0.0,0.0,0.0,0.0,0.0,1.0,0.0,0.0,0.0,0.0,1.0,0.0,0.0,0.0,0.0,0.0,0.0,0.0,0.0,0.0,0.0,0.0,1.0,0.0,1.0,0.0,0.0,0.0,0.0,1.0,0.0,0.0,0.0,0.0,0.0,0.0,0.0,0.0,1.0,0.0,1.0,0.0,1
-0.1312976036056391,0.1450372656939793,1.211801132125333,0.1980351345092424,0.9568002841636635,-0.05299852177421386,-0.6099016235615113,-0.8474855328410172,2.025900194200176,0.0,0.0,0.0,1.0,0.0,0.0,0.0,0.0,1.0,0.0,0.0,0.0,0.0,0.0,0.0,0.0,0.0,0.0,1.0,0.0,0.0,0.0,0.0,0.0,1.0,0.0,0.0,0.0,0.0,1.0,0.0,0.0,0.0,0.0,0.0,0.0,0.0,0.0,1.0,0.0,1.0,0.0,0
-0.1253991240608138,0.13708615769552082,1.5656116816509777,0.1980351345092424,0.9568002841636635,0.585537885144024,-1.5513153754756415,-0.8474855328410172,1.5074664091241994,0.0,0.0,0.0,1.0,0.0,0.0,0.0,0.0,0.0,0.0,0.0,0.0,0.0,0.0,1.0,0.0,0.0,0.0,0.0,0.0,1.0,0.0,0.0,0.0,1.0,0.0,0.0,1.0,0.0,0.0,0.0,0.0,0.0,0.0,0.0,0.0,0.0,0.0,1.0,0.0,1.0,0.0,0
-0.06668402991315316,1.623409923456087,0.5041800330740437,-1.5544881797318397,-1.2668391544637088,0.26626968168490506,-0.07195090818200853,-0.8474855328410172,-1.0321935308913524,0.0,0.0,0.0,0.0,0.0,0.0,0.0,1.0,0.0,0.0,0.0,0.0,0.0,0.0,0.0,1.0,0.0,0.0,0.0,0.0,0.0,1.0,0.0,0.0,1.0,0.0,0.0,0.0,0.0,1.0,0.0,0.0,0.0,0.0,0.0,0.0,0.0,0.0,1.0,0.0,1.0,0.0,1
0.2457962491058197,-1.6247923249989706,-0.20344106597724576,0.1980351345092424,-0.6315136005701739,1.5433424955213808,0.5332436466199322,-1.1911536321277234,0.22136604928522396,0.0,0.0,0.0,0.0,1.0,0.0,0.0,0.0,0.0,1.0,0.0,0.0,0.0,0.0,0.0,0.0,0.0,0.0,1.0,0.0,0.0,0.0,0.0,0.0,1.0,0.0,0.0,0.0,0.0,1.0,0.0,0.0,0.0,0.0,0.0,0.0,0.0,0.0,1.0,0.0,1.0,0.0,1
0.23965422511025175,-1.6171742198719714,0.8579905825996883,-0.152469528338974,1.5921258380571985,1.5433424955213808,1.2729258802667487,0.8708549635925131,1.2767226987908127,0.0,0.0,0.0,0.0,1.0,0.0,0.0,0.0,0.0,0.0,0.0,0.0,0.0,0.0,0.0,1.0,1.0,0.0,0.0,0.0,0.0,0.0,0.0,0.0,1.0,0.0,0.0,0.0,0.0,0.0,0.0,0.0,0.0,0.0,1.0,0.0,1.0,0.0,0.0,0.0,0.0,1.0,0
-0.3204432800370204,0.8103369799911921,0.15036948354839894,0.5485397973574588,-0.9491763775169414,1.5433424955213808,-0.34092626587175995,0.18351876501910097,0.45950539136006596,0.0,0.0,0.0,0.0,0.0,0.0,1.0,0.0,0.0,0.0,0.0,0.0,0.0,0.0,1.0,0.0,0.0,0.0,1.0,0.0,0.0,0.0,0.0,0.0,1.0,0.0,0.0,1.0,0.0,0.0,0.0,0.0,0.0,0.0,0.0,0.0,0.0,0.0,1.0,0.0,1.0,0.0,1
0.2381687798050936,-1.5899048805050304,0.15036948354839894,0.8990444602056752,0.639137507216896,-1.0108031321515707,-0.5426577841390735,0.18351876501910097,-0.5426027096070499,0.0,0.0,0.0,0.0,1.0,0.0,0.0,0.0,0.0,0.0,0.0,0.0,0.0,0.0,0.0,1.0,0.0,0.0,1.0,0.0,0.0,0.0,0.0,0.0,1.0,0.0,0.0,0.0,0.0,1.0,0.0,0.0,0.0,0.0,0.0,0.0,0.0,0.0,1.0,0.0,1.0,0.0,1
-0.13312726426265936,0.12777646051725047,-1.2648727145541798,0.1980351345092424,0.9568002841636635,1.5433424955213808,-1.4504496163419847,-0.1601493342676051,1.0208338405364787,0.0,0.0,0.0,1.0,0.0,0.0,0.0,0.0,0.0,0.0,0.0,0.0,0.0,1.0,0.0,0.0,0.0,0.0,1.0,0.0,0.0,0.0,0.0,0.0,1.0,0.0,0.0,1.0,0.0,0.0,0.0,0.0,0.0,0.0,0.0,0.0,0.0,0.0,1.0,0.0,1.0,0.0,0
2.348321866721565,-0.2521013334519828,1.5656116816509777,-0.5029741911871904,0.9568002841636635,-1.0108031321515707,0.2978902086413997,0.5271868643058071,0.7982253251186922,0.0,0.0,1.0,0.0,0.0,0.0,0.0,0.0,1.0,0.0,0.0,0.0,0.0,0.0,0.0,0.0,0.0,0.0,1.0,0.0,0.0,0.0,0.0,0.0,1.0,0.0,1.0,0.0,0.0,0.0,0.0,0.0,0.0,0.0,0.0,0.0,0.0,0.0,1.0,0.0,1.0,0.0,1
2.3362297088978465,-0.2521754383163355,1.5656116816509777,0.1980351345092424,0.9568002841636635,-0.6915349286924517,-1.0133646600961386,-1.1911536321277234,1.1938916232865195,0.0,0.0,1.0,0.0,0.0,0.0,0.0,0.0,0.0,0.0,0.0,0.0,0.0,1.0,0.0,0.0,0.0,0.0,1.0,0.0,0.0,0.0,0.0,0.0,1.0,0.0,0.0,1.0,0.0,0.0,0.0,0.0,0.0,0.0,0.0,0.0,0.0,0.0,1.0,0.0,1.0,0.0,0
0.2522464403576514,-1.6133248317493931,1.211801132125333,-1.2039835168836233,0.639137507216896,-1.0108031321515707,-0.44179202500541676,0.5271868643058071,0.17033619026918548,0.0,0.0,0.0,0.0,1.0,0.0,0.0,0.0,0.0,1.0,0.0,0.0,0.0,0.0,0.0,0.0,0.0,0.0,1.0,0.0,0.0,0.0,0.0,0.0,1.0,0.0,0.0,0.0,0.0,1.0,0.0,0.0,0.0,0.0,0.0,0.0,0.0,0.0,1.0,0.0,1.0,0.0,1
2.3253812103722313,-0.2627721212400791,0.8579905825996883,-1.5544881797318397,-1.2668391544637088,-0.6915349286924517,-1.181474258652233,1.5581911621659252,-0.5034058613773398,0.0,0.0,1.0,0.0,0.0,0.0,0.0,0.0,0.0,1.0,0.0,0.0,0.0,0.0,0.0,0.0,0.0,0.0,0.0,0.0,0.0,1.0,0.0,0.0,1.0,0.0,0.0,0.0,0.0,0.0,0.0,1.0,0.0,0.0,0.0,0.0,1.0,0.0,0.0,0.0,0.0,1.0,1
0.2364863888069155,-1.628468176413889,0.5041800330740437,1.600053785902108,1.274463061110431,0.585537885144024,-0.9124989009624818,-0.5038174335543112,0.9483566494702231,0.0,0.0,0.0,0.0,1.0,0.0,0.0,0.0,0.0,0.0,0.0,0.0,0.0,0.0,1.0,0.0,0.0,0.0,0.0,0.0,0.0,0.0,1.0,0.0,1.0,0.0,0.0,0.0,1.0,0.0,0.0,0.0,0.0,0.0,0.0,1.0,0.0,0.0,0.0,0.0,0.0,1.0,0
-1.0689279129699047,0.7028164500323555,0.15036948354839894,-1.2039835168836233,1.274463061110431,-1.6493395390698085,0.8694628437321215,1.2145230628792192,-0.3140776887960987,0.0,1.0,0.0,0.0,0.0,0.0,0.0,0.0,0.0,0.0,0.0,0.0,0.0,1.0,0.0,0.0,0.0,0.0,0.0,0.0,1.0,0.0,0.0,0.0,1.0,0.0,0.0,0.0,0.0,0.0,0.0,1.0,0.0,0.0,0.0,0.0,1.0,0.0,0.0,0.0,0.0,1.0,1
-0.05948034554115522,1.6109005846030302,1.211801132125333,-1.5544881797318397,-1.5845019314104762,0.9048060886031429,-0.24006050673810317,-1.1911536321277234,-0.15433204318067692,0.0,0.0,0.0,0.0,0.0,0.0,0.0,1.0,0.0,1.0,0.0,0.0,0.0,0.0,0.0,0.0,0.0,0.0,1.0,0.0,0.0,0.0,0.0,1.0,0.0,0.0,0.0,0.0,0.0,0.0,0.0,0.0,0.0,1.0,0.0,0.0,0.0,1.0,0.0,1.0,0.0,0.0,1
2.330313205305222,-0.25706823543615637,0.5041800330740437,0.5485397973574588,0.3214747302701286,0.26626968168490506,0.5668655663311511,-0.5038174335543112,0.944658833599495,0.0,0.0,1.0,0.0,0.0,0.0,0.0,0.0,0.0,1.0,0.0,0.0,0.0,0.0,0.0,0.0,0.0,0.0,1.0,0.0,0.0,0.0,0.0,0.0,1.0,0.0,0.0,1.0,0.0,0.0,0.0,0.0,0.0,0.0,0.0,0.0,0.0,0.0,1.0,0.0,1.0,0.0,1
2.347097770109486,-0.2534655508493352,0.5041800330740437,-0.8534788540354068,-0.3138508236234064,1.5433424955213808,-1.2150961783634522,-0.8474855328410172,0.1511075477414039,0.0,0.0,1.0,0.0,0.0,0.0,0.0,0.0,0.0,1.0,0.0,0.0,0.0,0.0,0.0,0.0,0.0,0.0,0.0,0.0,0.0,1.0,0.0,0.0,1.0,0.0,0.0,0.0,0.0,0.0,1.0,0.0,0.0,0.0,0.0,0.0,1.0,0.0,0.0,0.0,0.0,1.0,1
-0.32593072336985296,0.8044404840756993,0.5041800330740437,-0.8534788540354068,-1.2668391544637088,-1.0108031321515707,1.0039505225769971,0.5271868643058071,-1.2621976780505944,0.0,0.0,0.0,0.0,0.0,0.0,1.0,0.0,0.0,0.0,1.0,0.0,0.0,0.0,0.0,0.0,0.0,0.0,0.0,0.0,1.0,0.0,0.0,0.0,1.0,0.0,0.0,0.0,0.0,1.0,0.0,0.0,0.0,0.0,0.0,0.0,0.0,0.0,1.0,0.0,1.0,0.0,1
-0.31422564296288225,0.8122446330604639,1.211801132125333,0.5485397973574588,0.9568002841636635,0.585537885144024,-0.10557282789322746,0.18351876501910097,1.5200389830846726,0.0,0.0,0.0,0.0,0.0,0.0,1.0,0.0,0.0,0.0,1.0,0.0,0.0,0.0,0.0,0.0,0.0,0.0,1.0,0.0,0.0,0.0,0.0,0.0,1.0,0.0,0.0,0.0,0.0,0.0,0.0,1.0,0.0,0.0,0.0,0.0,1.0,0.0,0.0,0.0,0.0,1.0,0
-0.062121527960034305,1.612828874469971,-0.5572516155028905,1.2495491230538915,-0.3138508236234064,0.26626968168490506,0.5668655663311511,1.5581911621659252,0.38554907394551874,0.0,0.0,0.0,0.0,0.0,0.0,0.0,1.0,0.0,0.0,1.0,0.0,0.0,0.0,0.0,0.0,1.0,0.0,0.0,0.0,0.0,0.0,0.0,1.0,0.0,0.0,0.0,0.0,0.0,0.0,0.0,0.0,0.0,1.0,0.0,0.0,0.0,1.0,0.0,1.0,0.0,0.0,1
0.2356884949836361,-1.6212809426078931,-1.2648727145541798,1.600053785902108,0.639137507216896,-1.3300713356106897,-1.1478523389410142,1.2145230628792192,0.12596239982045757,0.0,0.0,0.0,0.0,1.0,0.0,0.0,0.0,0.0,1.0,0.0,0.0,0.0,0.0,0.0,0.0,0.0,0.0,0.0,0.0,0.0,0.0,1.0,0.0,1.0,0.0,0.0,1.0,0.0,0.0,0.0,0.0,0.0,0.0,0.0,0.0,0.0,0.0,1.0,0.0,1.0,0.0,1
-0.12537406623826453,0.13810017489002294,0.8579905825996883,-1.2039835168836233,1.5921258380571985,1.5433424955213808,0.5668655663311511,1.5581911621659252,1.4394265971028168,0.0,0.0,0.0,1.0,0.0,0.0,0.0,0.0,1.0,0.0,0.0,0.0,0.0,0.0,0.0,0.0,0.0,0.0,1.0,0.0,0.0,0.0,0.0,0.0,1.0,0.0,0.0,0.0,0.0,1.0,0.0,0.0,0.0,0.0,0.0,0.0,0.0,0.0,1.0,0.0,1.0,0.0,0
0.12687665900704365,-1.3192263887170474,0.8579905825996883,0.8990444602056752,0.9568002841636635,0.585537885144024,0.7013532451760268,0.18351876501910097,0.9254301910717134,0.0,0.0,0.0,0.0,0.0,1.0,0.0,0.0,0.0,0.0,0.0,1.0,0.0,0.0,0.0,0.0,1.0,0.0,0.0,0.0,0.0,0.0,0.0,0.0,1.0,0.0,1.0,0.0,0.0,0.0,0.0,0.0,0.0,0.0,0.0,0.0,0.0,0.0,1.0,0.0,1.0,0.0,0
-1.070085188721852,0.6906641903147008,-0.9110621650285352,-1.5544881797318397,1.274463061110431,-0.3722667252333328,1.3737916394004053,1.5581911621659252,-0.25565219803860595,0.0,1.0,0.0,0.0,0.0,0.0,0.0,0.0,0.0,0.0,0.0,0.0,0.0,0.0,1.0,0.0,0.0,0.0,0.0,0.0,0.0,1.0,0.0,1.0,0.0,0.0,0.0,0.0,0.0,0.0,0.0,0.0,0.0,1.0,0.0,0.0,0.0,1.0,0.0,1.0,0.0,0.0,1
-0.31984980529243184,0.8182743301245422,-0.20344106597724576,1.600053785902108,-1.5845019314104762,-0.3722667252333328,0.3315121283526186,-1.1911536321277234,-0.23938180820740562,0.0,0.0,0.0,0.0,0.0,0.0,1.0,0.0,0.0,0.0,0.0,1.0,0.0,0.0,0.0,0.0,0.0,0.0,1.0,0.0,0.0,0.0,0.0,0.0,1.0,0.0,0.0,0.0,0.0,0.0,0.0,0.0,1.0,0.0,0.0,0.0,0.0,0.0,1.0,0.0,1.0,0.0,1
-1.0704880921317892,0.7062421584452387,-0.9110621650285352,1.600053785902108,-0.3138508236234064,-0.3722667252333328,-0.6771454629839493,-1.5348217314144295,-0.4124395909574464,0.0,1.0,0.0,0.0,0.0,0.0,0.0,0.0,0.0,0.0,0.0,0.0,0.0,0.0,1.0,0.0,0.0,0.0,1.0,0.0,0.0,0.0,0.0,0.0,1.0,0.0,0.0,0.0,0.0,1.0,0.0,0.0,0.0,0.0,0.0,0.0,0.0,0.0,1.0,0.0,1.0,0.0,1
-0.31710201722498754,0.8316851218211893,0.15036948354839894,-0.8534788540354068,-0.3138508236234064,-0.6915349286924517,0.3315121283526186,-0.8474855328410172,-0.8147619576925832,0.0,0.0,0.0,0.0,0.0,0.0,1.0,0.0,0.0,0.0,1.0,0.0,0.0,0.0,0.0,0.0,0.0,0.0,1.0,0.0,0.0,0.0,0.0,1.0,0.0,0.0,0.0,0.0,0.0,0.0,0.0,0.0,0.0,1.0,0.0,0.0,0.0,1.0,0.0,1.0,0.0,0.0,1
-0.1297844628123998,0.16910070981107636,1.5656116816509777,-0.8534788540354068,0.639137507216896,0.26626968168490506,1.5419012379565,0.5271868643058071,-0.07002184132809304,0.0,0.0,0.0,1.0,0.0,0.0,0.0,0.0,0.0,0.0,0.0,0.0,1.0,0.0,0.0,0.0,0.0,1.0,0.0,0.0,0.0,0.0,0.0,0.0,1.0,0.0,0.0,1.0,0.0,0.0,0.0,0.0,0.0,0.0,0.0,0.0,0.0,0.0,1.0,0.0,1.0,0.0,1
-0.31471536952989865,0.8053022267177143,1.5656116816509777,0.1980351345092424,-1.5845019314104762,1.5433424955213808,-0.6435235432727303,-1.1911536321277234,0.7257481340524357,0.0,0.0,0.0,0.0,0.0,0.0,1.0,0.0,1.0,0.0,0.0,0.0,0.0,0.0,0.0,0.0,0.0,0.0,1.0,0.0,0.0,0.0,0.0,0.0,1.0,0.0,0.0,0.0,0.0,0.0,0.0,1.0,0.0,0.0,0.0,0.0,1.0,0.0,0.0,0.0,0.0,1.0,1
0.2425985192597928,-1.6119934456210552,0.8579905825996883,1.2495491230538915,-0.6315136005701739,0.26626968168490506,1.1720601211330919,0.5271868643058071,0.1274415261687482,0.0,0.0,0.0,0.0,1.0,0.0,0.0,0.0,0.0,0.0,0.0,0.0,0.0,0.0,1.0,0.0,0.0,0.0,1.0,0.0,0.0,0.0,0.0,0.0,1.0,0.0,0.0,0.0,1.0,0.0,0.0,0.0,0.0,0.0,0.0,1.0,0.0,0.0,0.0,0.0,0.0,1.0,1
2.33220880760053,-0.266290382563713,-0.20344106597724576,0.8990444602056752,0.3214747302701286,1.5433424955213808,-0.4081701052941978,1.2145230628792192,0.9638874761272777,0.0,0.0,1.0,0.0,0.0,0.0,0.0,0.0,0.0,0.0,0.0,1.0,0.0,0.0,0.0,0.0,0.0,0.0,0.0,0.0,1.0,0.0,0.0,0.0,1.0,0.0,0.0,0.0,0.0,0.0,1.0,0.0,0.0,0.0,0.0,0.0,1.0,0.0,0.0,0.0,0.0,1.0,0
0.1052231834370834,-1.3007273756802393,1.5656116816509777,-0.152469528338974,0.003811953323361072,-0.3722667252333328,-0.6099016235615113,-1.1911536321277234,0.6066784630150146,0.0,0.0,0.0,0.0,0.0,1.0,0.0,0.0,0.0,0.0,0.0,0.0,0.0,1.0,0.0,0.0,0.0,0.0,1.0,0.0,0.0,0.0,0.0,0.0,1.0,0.0,0.0,0.0,0.0,1.0,0.0,0.0,0.0,0.0,0.0,0.0,0.0,0.0,1.0,0.0,1.0,0.0,1
-1.1034430852823993,-0.13517448858034342,1.211801132125333,0.1980351345092424,1.5921258380571985,-1.0108031321515707,-0.4081701052941978,1.2145230628792192,1.7862817257770434,1.0,0.0,0.0,0.0,0.0,0.0,0.0,0.0,1.0,0.0,0.0,0.0,0.0,0.0,0.0,0.0,0.0,0.0,0.0,1.0,0.0,0.0,0.0,1.0,0.0,0.0,0.0,0.0,0.0,0.0,0.0,0.0,0.0,1.0,0.0,0.0,0.0,1.0,0.0,1.0,0.0,0.0,0
-0.057486050593877125,1.627218350662083,-1.2648727145541798,1.2495491230538915,-1.2668391544637088,1.5433424955213808,0.16340252979652398,0.18351876501910097,-0.4124395909574464,0.0,0.0,0.0,0.0,0.0,0.0,0.0,1.0,0.0,0.0,0.0,0.0,0.0,1.0,0.0,0.0,0.0,0.0,1.0,0.0,0.0,0.0,0.0,0.0,1.0,0.0,0.0,0.0,1.0,0.0,0.0,0.0,0.0,0.0,0.0,1.0,0.0,0.0,0.0,0.0,0.0,1.0,1
-0.058151181918737686,1.6158671739084518,1.5656116816509777,-1.2039835168836233,-1.5845019314104762,1.2240742920622618,1.071194361999435,-0.5038174335543112,0.410694221866464,0.0,0.0,0.0,0.0,0.0,0.0,0.0,1.0,0.0,0.0,0.0,1.0,0.0,0.0,0.0,0.0,0.0,0.0,0.0,0.0,0.0,1.0,0.0,0.0,1.0,0.0,0.0,0.0,0.0,0.0,1.0,0.0,0.0,0.0,0.0,0.0,1.0,0.0,0.0,0.0,0.0,1.0,1
-0.12536219674337226,0.1631404274300699,1.5656116816509777,-0.8534788540354068,0.3214747302701286,1.5433424955213808,1.5082793182452812,1.5581911621659252,1.173923417584592,0.0,0.0,0.0,1.0,0.0,0.0,0.0,0.0,0.0,0.0,0.0,0.0,0.0,0.0,0.0,1.0,0.0,0.0,0.0,0.0,0.0,1.0,0.0,0.0,1.0,0.0,0.0,0.0,0.0,0.0,1.0,0.0,0.0,0.0,0.0,0.0,1.0,0.0,0.0,0.0,0.0,1.0,1
-1.063474759288981,0.7192999358302609,0.8579905825996883,-1.2039835168836233,1.5921258380571985,0.585537885144024,-0.5762797038502925,0.5271868643058071,2.038472768160649,0.0,1.0,0.0,0.0,0.0,0.0,0.0,0.0,0.0,0.0,0.0,0.0,0.0,0.0,1.0,0.0,0.0,0.0,1.0,0.0,0.0,0.0,0.0,0.0,1.0,0.0,0.0,0.0,1.0,0.0,0.0,0.0,0.0,0.0,0.0,1.0,0.0,0.0,0.0,0.0,0.0,1.0,0
-0.12999064033477933,0.1422093990559675,-1.6186832640798245,0.5485397973574588,0.3214747302701286,-0.05299852177421386,-1.5176934557644224,-0.1601493342676051,0.0830677357200203,0.0,0.0,0.0,1.0,0.0,0.0,0.0,0.0,0.0,0.0,0.0,0.0,0.0,0.0,1.0,0.0,0.0,0.0,1.0,0.0,0.0,0.0,0.0,0.0,1.0,0.0,0.0,0.0,0.0,0.0,0.0,1.0,0.0,0.0,0.0,0.0,1.0,0.0,0.0,0.0,0.0,1.0,1
0.25237458694139087,-1.6144751768800027,1.5656116816509777,0.5485397973574588,-0.9491763775169414,1.5433424955213808,0.3315121283526186,-1.1911536321277234,0.34931047841238994,0.0,0.0,0.0,0.0,1.0,0.0,0.0,0.0,1.0,0.0,0.0,0.0,0.0,0.0,0.0,0.0,0.0,1.0,0.0,0.0,0.0,0.0,0.0,0.0,1.0,0.0,0.0,0.0,0.0,0.0,0.0,0.0,1.0,0.0,0.0,0.0,0.0,0.0,1.0,0.0,1.0,0.0,1
-1.1017826748303174,-0.12982299173053768,0.8579905825996883,-0.152469528338974,-1.2668391544637088,-1.6493395390698085,-1.4504496163419847,-1.1911536321277234,-0.15876942222554888,1.0,0.0,0.0,0.0,0.0,0.0,0.0,0.0,0.0,0.0,0.0,0.0,0.0,0.0,0.0,1.0,0.0,1.0,0.0,0.0,0.0,0.0,0.0,0.0,1.0,0.0,0.0,0.0,1.0,0.0,0.0,0.0,0.0,0.0,0.0,1.0,0.0,0.0,0.0,0.0,0.0,1.0,1
-0.06566215432515621,1.6267674679009143,-0.9110621650285352,-1.5544881797318397,-1.5845019314104762,1.5433424955213808,-0.10557282789322746,-0.1601493342676051,-1.371653027824124,0.0,0.0,0.0,0.0,0.0,0.0,0.0,1.0,0.0,0.0,1.0,0.0,0.0,0.0,0.0,0.0,0.0,0.0,0.0,0.0,1.0,0.0,0.0,0.0,1.0,0.0,1.0,0.0,0.0,0.0,0.0,0.0,0.0,0.0,0.0,0.0,0.0,0.0,1.0,0.0,1.0,0.0,1
-0.05667848533031497,1.595913579314803,0.8579905825996883,0.5485397973574588,0.3214747302701286,-1.3300713356106897,0.5668655663311511,-0.5038174335543112,0.8847542164937126,0.0,0.0,0.0,0.0,0.0,0.0,0.0,1.0,0.0,0.0,1.0,0.0,0.0,0.0,0.0,0.0,1.0,0.0,0.0,0.0,0.0,0.0,0.0,0.0,1.0,1.0,0.0,0.0,0.0,0.0,0.0,0.0,0.0,0.0,0.0,0.0,0.0,0.0,1.0,0.0,1.0,0.0,1
0.24530564331696011,-1.6234578120831105,1.5656116816509777,1.2495491230538915,0.003811953323361072,-0.05299852177421386,1.1720601211330919,-0.1601493342676051,1.18723555471921,0.0,0.0,0.0,0.0,1.0,0.0,0.0,0.0,0.0,0.0,0.0,0.0,0.0,0.0,0.0,1.0,0.0,0.0,0.0,0.0,0.0,1.0,0.0,1.0,0.0,0.0,0.0,0.0,0.0,0.0,0.0,0.0,0.0,1.0,0.0,0.0,0.0,1.0,0.0,1.0,0.0,0.0,1
-0.13247861834737049,0.13376019380470078,1.211801132125333,0.1980351345092424,-1.2668391544637088,0.585537885144024,1.5082793182452812,-0.1601493342676051,0.45137019644446585,0.0,0.0,0.0,1.0,0.0,0.0,0.0,0.0,0.0,1.0,0.0,0.0,0.0,0.0,0.0,0.0,0.0,0.0,0.0,0.0,0.0,0.0,1.0,0.0,1.0,0.0,0.0,0.0,0.0,0.0,0.0,1.0,0.0,0.0,0.0,0.0,1.0,0.0,0.0,0.0,0.0,1.0,1
2.3509109552461975,-0.2517945955957332,-0.20344106597724576,0.5485397973574588,-1.2668391544637088,1.5433424955213808,1.2056820408443107,0.18351876501910097,-0.5396444569104676,0.0,0.0,1.0,0.0,0.0,0.0,0.0,0.0,1.0,0.0,0.0,0.0,0.0,0.0,0.0,0.0,0.0,0.0,0.0,0.0,1.0,0.0,0.0,0.0,1.0,0.0,0.0,0.0,0.0,0.0,1.0,0.0,0.0,0.0,0.0,0.0,1.0,0.0,0.0,0.0,0.0,1.0,1
0.2356711303522197,-1.6107408545383592,-0.9110621650285352,-1.5544881797318397,-0.6315136005701739,-1.6493395390698085,1.3401697196891864,1.5581911621659252,-2.1126953283178875,0.0,0.0,0.0,0.0,1.0,0.0,0.0,0.0,1.0,0.0,0.0,0.0,0.0,0.0,0.0,0.0,0.0,0.0,1.0,0.0,0.0,0.0,0.0,0.0,1.0,0.0,0.0,1.0,0.0,0.0,0.0,0.0,0.0,0.0,0.0,0.0,0.0,0.0,1.0,0.0,1.0,0.0,1
-1.0727050500110185,0.6893393704401718,1.211801132125333,0.8990444602056752,-1.5845019314104762,-1.6493395390698085,-0.30730434616054103,-1.5348217314144295,0.05422477192834683,0.0,1.0,0.0,0.0,0.0,0.0,0.0,0.0,0.0,0.0,1.0,0.0,0.0,0.0,0.0,0.0,0.0,0.0,1.0,0.0,0.0,0.0,0.0,1.0,0.0,0.0,0.0,0.0,0.0,0.0,0.0,0.0,0.0,1.0,0.0,0.0,0.0,1.0,0.0,1.0,0.0,0.0,1
-1.0917100895818868,-0.14143337917003165,1.211801132125333,-0.8534788540354068,1.274463061110431,-0.6915349286924517,-1.4504496163419847,-1.5348217314144295,1.0955297211251718,1.0,0.0,0.0,0.0,0.0,0.0,0.0,0.0,0.0,0.0,1.0,0.0,0.0,0.0,0.0,0.0,0.0,0.0,0.0,0.0,0.0,1.0,0.0,0.0,1.0,0.0,0.0,1.0,0.0,0.0,0.0,0.0,0.0,0.0,0.0,0.0,0.0,0.0,1.0,0.0,1.0,0.0,0
0.22379020557648246,-1.6193413963058578,-0.5572516155028905,-0.8534788540354068,-1.5845019314104762,-1.0108031321515707,0.9367066831545593,-1.5348217314144295,-2.896632292912088,0.0,0.0,0.0,0.0,1.0,0.0,0.0,0.0,0.0,0.0,0.0,1.0,0.0,0.0,0.0,0.0,0.0,0.0,1.0,0.0,0.0,0.0,0.0,0.0,1.0,0.0,0.0,0.0,0.0,0.0,1.0,0.0,0.0,0.0,0.0,0.0,1.0,0.0,0.0,0.0,0.0,1.0,2
-0.31667493521434475,0.8128781202131199,-1.2648727145541798,-1.2039835168836233,0.639137507216896,1.2240742920622618,0.8694628437321215,-0.5038174335543112,0.04239176114201952,0.0,0.0,0.0,0.0,0.0,0.0,1.0,0.0,0.0,0.0,0.0,0.0,0.0,0.0,0.0,1.0,0.0,0.0,1.0,0.0,0.0,0.0,0.0,0.0,1.0,0.0,0.0,0.0,0.0,0.0,0.0,0.0,0.0,0.0,1.0,0.0,1.0,0.0,0.0,0.0,0.0,1.0,1
2.3275289295312587,-0.24849771082890196,-1.2648727145541798,1.600053785902108,0.9568002841636635,-1.0108031321515707,-0.37454818558297887,-0.5038174335543112,0.20731434897645912,0.0,0.0,1.0,0.0,0.0,0.0,0.0,0.0,0.0,1.0,0.0,0.0,0.0,0.0,0.0,0.0,0.0,0.0,1.0,0.0,0.0,0.0,0.0,0.0,1.0,0.0,0.0,0.0,0.0,1.0,0.0,0.0,0.0,0.0,0.0,0.0,0.0,0.0,1.0,0.0,1.0,0.0,1
-0.13860987187535134,0.13602304993686426,-0.20344106597724576,-0.8534788540354068,0.3214747302701286,-1.0108031321515707,1.2393039605555296,0.18351876501910097,-1.1564401441477918,0.0,0.0,0.0,1.0,0.0,0.0,0.0,0.0,0.0,0.0,0.0,0.0,0.0,0.0,0.0,1.0,0.0,0.0,1.0,0.0,0.0,0.0,0.0,0.0,1.0,0.0,0.0,0.0,0.0,0.0,0.0,1.0,0.0,0.0,0.0,0.0,1.0,0.0,0.0,0.0,0.0,1.0,1
-0.06295019454784832,1.6162261291163735,-1.2648727145541798,1.600053785902108,0.3214747302701286,-1.0108031321515707,-1.6858030543205171,0.8708549635925131,0.657708322031052,0.0,0.0,0.0,0.0,0.0,0.0,0.0,1.0,0.0,0.0,0.0,0.0,1.0,0.0,0.0,0.0,0.0,0.0,1.0,0.0,0.0,0.0,0.0,1.0,0.0,0.0,0.0,0.0,0.0,0.0,0.0,0.0,0.0,1.0,0.0,0.0,0.0,1.0,0.0,1.0,0.0,0.0,0
-0.12081068506330171,0.14458919704158518,0.5041800330740437,0.8990444602056752,-0.9491763775169414,-0.6915349286924517,-1.1478523389410142,-0.1601493342676051,0.7449767765802183,0.0,0.0,0.0,1.0,0.0,0.0,0.0,0.0,0.0,0.0,0.0,0.0,0.0,0.0,1.0,0.0,0.0,0.0,1.0,0.0,0.0,0.0,0.0,0.0,1.0,0.0,0.0,1.0,0.0,0.0,0.0,0.0,0.0,0.0,0.0,0.0,0.0,0.0,1.0,0.0,1.0,0.0,1
-0.3223944931139501,0.8453072843545563,1.5656116816509777,-0.8534788540354068,0.639137507216896,1.2240742920622618,-1.3832057769195467,-0.1601493342676051,2.038472768160649,0.0,0.0,0.0,0.0,0.0,0.0,1.0,0.0,0.0,0.0,0.0,1.0,0.0,0.0,0.0,0.0,0.0,0.0,1.0,0.0,0.0,0.0,0.0,0.0,1.0,1.0,0.0,0.0,0.0,0.0,0.0,0.0,0.0,0.0,0.0,0.0,0.0,0.0,1.0,0.0,1.0,0.0,0
-1.0933421451295051,-0.12616871514954803,-1.2648727145541798,1.2495491230538915,-1.2668391544637088,1.2240742920622618,-0.20643858702688425,1.2145230628792192,0.05348520875420098,1.0,0.0,0.0,0.0,0.0,0.0,0.0,0.0,1.0,0.0,0.0,0.0,0.0,0.0,0.0,0.0,0.0,0.0,1.0,0.0,0.0,0.0,0.0,0.0,1.0,0.0,0.0,0.0,0.0,0.0,0.0,0.0,0.0,0.0,1.0,0.0,1.0,0.0,0.0,0.0,0.0,1.0,1
-1.102206679564507,-0.12859291351802607,-1.6186832640798245,-0.5029741911871904,-1.2668391544637088,-1.0108031321515707,1.1720601211330919,0.8708549635925131,-1.8553273437152629,1.0,0.0,0.0,0.0,0.0,0.0,0.0,0.0,0.0,0.0,0.0,0.0,0.0,0.0,1.0,0.0,0.0,0.0,1.0,0.0,0.0,0.0,0.0,0.0,1.0,0.0,0.0,0.0,0.0,0.0,0.0,1.0,0.0,0.0,0.0,0.0,1.0,0.0,0.0,0.0,0.0,1.0,1
-0.06055013871964121,1.6132978925987906,0.15036948354839894,-0.152469528338974,-0.6315136005701739,0.26626968168490506,-0.6771454629839493,0.18351876501910097,-0.11883301082169397,0.0,0.0,0.0,0.0,0.0,0.0,0.0,1.0,0.0,0.0,0.0,1.0,0.0,0.0,0.0,0.0,0.0,0.0,1.0,0.0,0.0,0.0,0.0,0.0,1.0,0.0,0.0,1.0,0.0,0.0,0.0,0.0,0.0,0.0,0.0,0.0,0.0,0.0,1.0,0.0,1.0,0.0,1
-0.06181358050923093,1.6088556655613866,-0.9110621650285352,-1.5544881797318397,0.639137507216896,0.9048060886031429,-1.28234001778589,-1.1911536321277234,0.06162040366980113,0.0,0.0,0.0,0.0,0.0,0.0,0.0,1.0,0.0,0.0,0.0,0.0,1.0,0.0,0.0,0.0,0.0,0.0,0.0,0.0,0.0,0.0,1.0,0.0,1.0,0.0,0.0,1.0,0.0,0.0,0.0,0.0,0.0,0.0,0.0,0.0,0.0,0.0,1.0,0.0,1.0,0.0,1
0.12557519087270724,-1.3152856983987258,-0.5572516155028905,0.1980351345092424,-0.6315136005701739,-1.3300713356106897,-0.37454818558297887,-0.5038174335543112,-1.011485762015279,0.0,0.0,0.0,0.0,0.0,1.0,0.0,0.0,0.0,0.0,0.0,0.0,0.0,1.0,0.0,0.0,0.0,1.0,0.0,0.0,0.0,0.0,0.0,0.0,1.0,0.0,0.0,0.0,0.0,0.0,0.0,0.0,0.0,0.0,1.0,0.0,1.0,0.0,0.0,0.0,0.0,1.0,1
-1.0873313449941295,-0.12155514015574675,-0.5572516155028905,-1.2039835168836233,0.639137507216896,1.2240742920622618,0.3315121283526186,-1.5348217314144295,-0.038220624839837215,1.0,0.0,0.0,0.0,0.0,0.0,0.0,0.0,0.0,0.0,0.0,0.0,0.0,1.0,0.0,0.0,0.0,0.0,1.0,0.0,0.0,0.0,0.0,0.0,1.0,0.0,0.0,0.0,0.0,0.0,0.0,1.0,0.0,0.0,0.0,0.0,1.0,0.0,0.0,0.0,0.0,1.0,1
0.23898491748163259,-1.6139304904930718,0.5041800330740437,0.1980351345092424,-0.9491763775169414,0.585537885144024,1.3401697196891864,-0.5038174335543112,-0.37841968494675515,0.0,0.0,0.0,0.0,1.0,0.0,0.0,0.0,0.0,0.0,0.0,0.0,1.0,0.0,0.0,0.0,0.0,0.0,1.0,0.0,0.0,0.0,0.0,0.0,1.0,0.0,0.0,0.0,1.0,0.0,0.0,0.0,0.0,0.0,0.0,1.0,0.0,0.0,0.0,0.0,0.0,1.0,1
-0.3257821348782452,0.811564244094929,1.5656116816509777,-1.5544881797318397,-0.3138508236234064,-1.0108031321515707,-1.28234001778589,0.8708549635925131,0.7582889137148362,0.0,0.0,0.0,0.0,0.0,0.0,1.0,0.0,0.0,0.0,0.0,1.0,0.0,0.0,0.0,0.0,0.0,0.0,1.0,0.0,0.0,0.0,0.0,0.0,1.0,1.0,0.0,0.0,0.0,0.0,0.0,0.0,0.0,0.0,0.0,0.0,0.0,0.0,1.0,0.0,1.0,0.0,1
0.10976282562226325,-1.3251244480262991,-0.20344106597724576,1.600053785902108,-0.9491763775169414,1.5433424955213808,0.8694628437321215,-0.8474855328410172,0.41587116408548286,0.0,0.0,0.0,0.0,0.0,1.0,0.0,0.0,1.0,0.0,0.0,0.0,0.0,0.0,0.0,0.0,0.0,0.0,0.0,0.0,1.0,0.0,0.0,0.0,1.0,0.0,0.0,0.0,0.0,0.0,0.0,0.0,1.0,0.0,0.0,0.0,0.0,0.0,1.0,0.0,1.0,0.0,1
-0.12251945271679383,0.1298576502941864,1.211801132125333,0.8990444602056752,-0.6315136005701739,1.2240742920622618,0.26426828893018073,0.8708549635925131,1.795896047040934,0.0,0.0,0.0,1.0,0.0,0.0,0.0,0.0,0.0,0.0,0.0,0.0,0.0,1.0,0.0,0.0,0.0,1.0,0.0,0.0,0.0,0.0,0.0,1.0,0.0,0.0,0.0,0.0,0.0,0.0,0.0,0.0,0.0,1.0,0.0,0.0,0.0,1.0,0.0,1.0,0.0,0.0,0
-1.094436556519618,-0.14276070047458356,0.15036948354839894,0.5485397973574588,1.274463061110431,-0.6915349286924517,0.7685970845984647,-0.8474855328410172,-0.27414127739224275,1.0,0.0,0.0,0.0,0.0,0.0,0.0,0.0,1.0,0.0,0.0,0.0,0.0,0.0,0.0,0.0,0.0,0.0,1.0,0.0,0.0,0.0,0.0,1.0,0.0,0.0,0.0,0.0,0.0,0.0,0.0,0.0,0.0,1.0,0.0,0.0,0.0,1.0,0.0,1.0,0.0,0.0,1
-0.05677915623143444,1.6085082794673067,0.8579905825996883,1.2495491230538915,-1.5845019314104762,0.26626968168490506,0.49962172690871326,0.5271868643058071,-0.092208736552457,0.0,0.0,0.0,0.0,0.0,0.0,0.0,1.0,0.0,0.0,0.0,1.0,0.0,0.0,0.0,0.0,0.0,0.0,1.0,0.0,0.0,0.0,0.0,0.0,1.0,0.0,0.0,0.0,0.0,0.0,1.0,0.0,0.0,0.0,0.0,0.0,1.0,0.0,0.0,0.0,0.0,1.0,1
-1.089066928913859,-0.1294527800875262,1.211801132125333,-1.5544881797318397,0.3214747302701286,-0.6915349286924517,-1.2150961783634522,0.18351876501910097,-0.5137597458153764,1.0,0.0,0.0,0.0,0.0,0.0,0.0,0.0,0.0,0.0,0.0,0.0,0.0,0.0,0.0,1.0,0.0,0.0,0.0,0.0,0.0,1.0,0.0,0.0,1.0,0.0,0.0,0.0,0.0,0.0,0.0,0.0,0.0,0.0,1.0,0.0,1.0,0.0,0.0,0.0,0.0,1.0,1
-0.12276321697299768,0.15190431645736913,0.8579905825996883,-0.152469528338974,-0.9491763775169414,0.585537885144024,0.7013532451760268,1.5581911621659252,1.037843793541825,0.0,0.0,0.0,1.0,0.0,0.0,0.0,0.0,0.0,0.0,0.0,1.0,0.0,0.0,0.0,0.0,0.0,0.0,1.0,0.0,0.0,0.0,0.0,0.0,1.0,0.0,0.0,1.0,0.0,0.0,0.0,0.0,0.0,0.0,0.0,0.0,0.0,0.0,1.0,0.0,1.0,0.0,1
-0.32164847337945635,0.8255519280900222,-0.9110621650285352,0.1980351345092424,1.5921258380571985,0.585537885144024,1.2729258802667487,-1.5348217314144295,0.032777439878127666,0.0,0.0,0.0,0.0,0.0,0.0,1.0,0.0,0.0,0.0,0.0,0.0,0.0,1.0,0.0,0.0,0.0,0.0,0.0,0.0,1.0,0.0,0.0,0.0,1.0,1.0,0.0,0.0,0.0,0.0,0.0,0.0,0.0,0.0,0.0,0.0,0.0,0.0,1.0,0.0,1.0,0.0,1
0.12187762340846038,-1.3163556850899343,-0.20344106597724576,0.5485397973574588,-0.3138508236234064,1.2240742920622618,0.5668655663311511,1.5581911621659252,0.8085792095567289,0.0,0.0,0.0,0.0,0.0,1.0,0.0,0.0,0.0,0.0,0.0,1.0,0.0,0.0,0.0,0.0,0.0,0.0,0.0,0.0,0.0,1.0,0.0,0.0,1.0,0.0,0.0,0.0,0.0,0.0,1.0,0.0,0.0,0.0,0.0,0.0,1.0,0.0,0.0,0.0,0.0,1.0,1
0.13264325527529405,-1.3063227619570275,1.211801132125333,0.1980351345092424,-1.5845019314104762,-1.3300713356106897,-0.10557282789322746,0.18351876501910097,0.24059469181300558,0.0,0.0,0.0,0.0,0.0,1.0,0.0,0.0,0.0,0.0,0.0,1.0,0.0,0.0,0.0,0.0,0.0,0.0,1.0,0.0,0.0,0.0,0.0,0.0,1.0,0.0,0.0,0.0,0.0,1.0,0.0,0.0,0.0,0.0,0.0,0.0,0.0,0.0,1.0,0.0,1.0,0.0,1
0.1211599585784306,-1.3089170575668914,1.211801132125333,-1.2039835168836233,0.9568002841636635,-0.6915349286924517,-1.181474258652233,0.18351876501910097,0.9720226710428778,0.0,0.0,0.0,0.0,0.0,1.0,0.0,0.0,0.0,0.0,0.0,0.0,1.0,0.0,0.0,0.0,0.0,0.0,1.0,0.0,0.0,0.0,0.0,0.0,1.0,0.0,0.0,0.0,0.0,0.0,0.0,0.0,1.0,0.0,0.0,0.0,0.0,0.0,1.0,0.0,1.0,0.0,0
0.2520182822891769,-1.6296501020985104,-0.5572516155028905,0.1980351345092424,0.003811953323361072,-0.3722667252333328,0.39875596777505645,0.5271868643058071,-0.6113820848025783,0.0,0.0,0.0,0.0,1.0,0.0,0.0,0.0,1.0,0.0,0.0,0.0,0.0,0.0,0.0,0.0,0.0,0.0,1.0,0.0,0.0,0.0,0.0,1.0,0.0,0.0,0.0,0.0,0.0,0.0,0.0,0.0,0.0,1.0,0.0,0.0,0.0,1.0,0.0,1.0,0.0,0.0,1
0.10983228414792574,-1.3118134008517153,0.8579905825996883,1.2495491230538915,0.9568002841636635,-1.3300713356106897,0.26426828893018073,1.2145230628792192,1.2338280346903754,0.0,0.0,0.0,0.0,0.0,1.0,0.0,0.0,0.0,0.0,1.0,0.0,0.0,0.0,0.0,0.0,0.0,0.0,1.0,0.0,0.0,0.0,0.0,0.0,1.0,0.0,0.0,0.0,1.0,0.0,0.0,0.0,0.0,0.0,0.0,1.0,0.0,0.0,0.0,0.0,0.0,1.0,0
0.1217903606404599,-1.3059287867288203,-0.5572516155028905,0.8990444602056752,-1.2668391544637088,-1.3300713356106897,-0.07195090818200853,-0.8474855328410172,-1.1031915956093172,0.0,0.0,0.0,0.0,0.0,1.0,0.0,0.0,0.0,0.0,0.0,0.0,0.0,0.0,0.0,1.0,0.0,0.0,1.0,0.0,0.0,0.0,0.0,0.0,1.0,0.0,0.0,0.0,0.0,0.0,1.0,0.0,0.0,0.0,0.0,0.0,1.0,0.0,0.0,0.0,0.0,1.0,1
-1.0631105416401725,0.6946930560412443,-0.9110621650285352,0.8990444602056752,-0.9491763775169414,-0.6915349286924517,0.46599980719749434,-1.5348217314144295,-1.6667387343081677,0.0,1.0,0.0,0.0,0.0,0.0,0.0,0.0,0.0,0.0,0.0,0.0,0.0,0.0,0.0,1.0,1.0,0.0,0.0,0.0,0.0,0.0,0.0,0.0,1.0,1.0,0.0,0.0,0.0,0.0,0.0,0.0,0.0,0.0,0.0,0.0,0.0,0.0,1.0,0.0,1.0,0.0,1
-0.3409100259232639,0.8389098770774893,0.15036948354839894,0.5485397973574588,0.639137507216896,1.5433424955213808,-1.6858030543205171,-0.1601493342676051,1.0363646671935343,0.0,0.0,0.0,0.0,0.0,0.0,1.0,0.0,0.0,0.0,1.0,0.0,0.0,0.0,0.0,0.0,0.0,0.0,1.0,0.0,0.0,0.0,0.0,0.0,1.0,0.0,0.0,0.0,0.0,0.0,1.0,0.0,0.0,0.0,0.0,0.0,1.0,0.0,0.0,0.0,0.0,1.0,0
-1.1001394092041905,-0.13726380800484722,0.5041800330740437,1.600053785902108,0.003811953323361072,1.5433424955213808,1.0039505225769971,0.18351876501910097,0.8107978990791653,1.0,0.0,0.0,0.0,0.0,0.0,0.0,0.0,0.0,1.0,0.0,0.0,0.0,0.0,0.0,0.0,0.0,0.0,0.0,0.0,0.0,1.0,0.0,0.0,1.0,0.0,0.0,0.0,0.0,1.0,0.0,0.0,0.0,0.0,0.0,0.0,0.0,0.0,1.0,0.0,1.0,0.0,0
0.2415331221905266,-1.6201249692597341,-0.20344106597724576,1.600053785902108,-0.9491763775169414,-0.3722667252333328,-1.0469865798073574,-0.1601493342676051,0.42326679582693716,0.0,0.0,0.0,0.0,1.0,0.0,0.0,0.0,0.0,0.0,1.0,0.0,0.0,0.0,0.0,0.0,0.0,0.0,1.0,0.0,0.0,0.0,0.0,0.0,1.0,0.0,0.0,1.0,0.0,0.0,0.0,0.0,0.0,0.0,0.0,0.0,0.0,0.0,1.0,0.0,1.0,0.0,1
-1.077040492922967,0.684125452241485,-0.9110621650285352,0.1980351345092424,-0.3138508236234064,0.585537885144024,-1.0469865798073574,1.5581911621659252,0.39738208473184605,0.0,1.0,0.0,0.0,0.0,0.0,0.0,0.0,0.0,0.0,0.0,1.0,0.0,0.0,0.0,0.0,0.0,0.0,1.0,0.0,0.0,0.0,0.0,0.0,1.0,0.0,0.0,0.0,0.0,0.0,0.0,0.0,1.0,0.0,0.0,0.0,0.0,0.0,1.0,0.0,1.0,0.0,1
-0.3275236535454203,0.8044001485166207,-0.9110621650285352,-0.5029741911871904,-1.2668391544637088,-1.6493395390698085,-0.4081701052941978,1.5581911621659252,-1.0736090686434985,0.0,0.0,0.0,0.0,0.0,0.0,1.0,0.0,0.0,0.0,0.0,0.0,1.0,0.0,0.0,0.0,0.0,0.0,1.0,0.0,0.0,0.0,0.0,0.0,1.0,0.0,0.0,1.0,0.0,0.0,0.0,0.0,0.0,0.0,0.0,0.0,0.0,0.0,1.0,0.0,1.0,0.0,1
-0.31511123916508527,0.8122812164745126,1.211801132125333,-1.5544881797318397,1.5921258380571985,-0.05299852177421386,-0.2736824264493221,-0.8474855328410172,1.0563328728954617,0.0,0.0,0.0,0.0,0.0,0.0,1.0,0.0,1.0,0.0,0.0,0.0,0.0,0.0,0.0,0.0,0.0,0.0,0.0,0.0,0.0,0.0,1.0,0.0,1.0,0.0,0.0,1.0,0.0,0.0,0.0,0.0,0.0,0.0,0.0,0.0,0.0,0.0,1.0,0.0,1.0,0.0,1
-0.33465304367161436,0.8406855797131916,-1.2648727145541798,-1.5544881797318397,0.3214747302701286,0.585537885144024,1.5419012379565,-0.8474855328410172,-1.9692200725336655,0.0,0.0,0.0,0.0,0.0,0.0,1.0,0.0,0.0,0.0,0.0,0.0,0.0,0.0,1.0,0.0,0.0,0.0,1.0,0.0,0.0,0.0,0.0,0.0,1.0,0.0,1.0,0.0,0.0,0.0,0.0,0.0,0.0,0.0,0.0,0.0,0.0,0.0,1.0,0.0,1.0,0.0,1
0.11914478211236104,-1.3131197726798463,0.8579905825996883,-0.152469528338974,1.274463061110431,1.5433424955213808,-1.1478523389410142,1.5581911621659252,1.911267902207628,0.0,0.0,0.0,0.0,0.0,1.0,0.0,0.0,0.0,0.0,0.0,0.0,0.0,0.0,1.0,0.0,0.0,0.0,0.0,0.0,0.0,1.0,0.0,0.0,1.0,0.0,1.0,0.0,0.0,0.0,0.0,0.0,0.0,0.0,0.0,0.0,0.0,0.0,1.0,0.0,1.0,0.0,0
0.2356911326491672,-1.619725365813982,-0.9110621650285352,1.2495491230538915,-1.2668391544637088,-0.3722667252333328,-1.652181134609298,0.5271868643058071,0.08898424111318394,0.0,0.0,0.0,0.0,1.0,0.0,0.0,0.0,0.0,0.0,0.0,1.0,0.0,0.0,0.0,0.0,0.0,0.0,1.0,0.0,0.0,0.0,0.0,0.0,1.0,0.0,0.0,0.0,0.0,0.0,0.0,0.0,0.0,0.0,1.0,0.0,1.0,0.0,0.0,0.0,0.0,1.0,1
-0.14297454891360706,0.12911066075435879,-1.6186832640798245,1.600053785902108,1.5921258380571985,-0.6915349286924517,0.7349751648872458,1.2145230628792192,-0.11587475812511161,0.0,0.0,0.0,1.0,0.0,0.0,0.0,0.0,0.0,1.0,0.0,0.0,0.0,0.0,0.0,0.0,0.0,0.0,1.0,0.0,0.0,0.0,0.0,0.0,1.0,0.0,0.0,0.0,1.0,0.0,0.0,0.0,0.0,0.0,0.0,1.0,0.0,0.0,0.0,0.0,0.0,1.0,1
-0.12408996273534374,0.14764782059897896,-1.2648727145541798,1.2495491230538915,0.3214747302701286,-0.6915349286924517,0.3315121283526186,0.18351876501910097,0.11265026268583855,0.0,0.0,0.0,1.0,0.0,0.0,0.0,0.0,0.0,0.0,1.0,0.0,0.0,0.0,0.0,0.0,0.0,0.0,0.0,0.0,0.0,0.0,1.0,0.0,1.0,0.0,0.0,0.0,0.0,1.0,0.0,0.0,0.0,0.0,0.0,0.0,0.0,0.0,1.0,0.0,1.0,0.0,1
-0.05916030878999919,1.6202759443193335,0.5041800330740437,-0.8534788540354068,0.3214747302701286,-0.05299852177421386,-0.10557282789322746,0.18351876501910097,0.5874498204872319,0.0,0.0,0.0,0.0,0.0,0.0,0.0,1.0,0.0,1.0,0.0,0.0,0.0,0.0,0.0,0.0,0.0,0.0,1.0,0.0,0.0,0.0,0.0,0.0,1.0,0.0,0.0,0.0,1.0,0.0,0.0,0.0,0.0,0.0,0.0,1.0,0.0,0.0,0.0,0.0,0.0,1.0,1
-1.069761635083321,0.7086347762597095,1.211801132125333,-1.2039835168836233,-0.6315136005701739,0.585537885144024,1.4074135591116244,0.5271868643058071,-0.03526237214325592,0.0,1.0,0.0,0.0,0.0,0.0,0.0,0.0,0.0,0.0,1.0,0.0,0.0,0.0,0.0,0.0,0.0,0.0,1.0,0.0,0.0,0.0,0.0,0.0,1.0,0.0,0.0,0.0,1.0,0.0,0.0,0.0,0.0,0.0,0.0,1.0,0.0,0.0,0.0,0.0,0.0,1.0,1
2.338747800258589,-0.2696507411173106,-0.9110621650285352,1.600053785902108,1.274463061110431,-1.3300713356106897,-1.1478523389410142,-0.5038174335543112,-0.4960102296358844,0.0,0.0,1.0,0.0,0.0,0.0,0.0,0.0,0.0,0.0,0.0,0.0,0.0,1.0,0.0,0.0,1.0,0.0,0.0,0.0,0.0,0.0,0.0,0.0,1.0,0.0,0.0,1.0,0.0,0.0,0.0,0.0,0.0,0.0,0.0,0.0,0.0,0.0,1.0,0.0,1.0,0.0,1
0.11840469712531383,-1.29112157172331,1.5656116816509777,0.5485397973574588,-1.2668391544637088,-1.6493395390698085,-0.004707068759570669,-0.1601493342676051,-0.7681694777214187,0.0,0.0,0.0,0.0,0.0,1.0,0.0,0.0,0.0,0.0,0.0,0.0,0.0,0.0,0.0,1.0,0.0,0.0,0.0,0.0,0.0,0.0,1.0,0.0,1.0,0.0,0.0,0.0,0.0,0.0,0.0,1.0,0.0,0.0,0.0,0.0,1.0,0.0,0.0,0.0,0.0,1.0,1
-0.3179988235056985,0.8289038443173001,-0.9110621650285352,0.5485397973574588,-0.3138508236234064,0.9048060886031429,0.3315121283526186,-1.5348217314144295,-1.0654738737278984,0.0,0.0,0.0,0.0,0.0,0.0,1.0,0.0,1.0,0.0,0.0,0.0,0.0,0.0,0.0,0.0,0.0,0.0,1.0,0.0,0.0,0.0,0.0,0.0,1.0,0.0,0.0,0.0,0.0,1.0,0.0,0.0,0.0,0.0,0.0,0.0,0.0,0.0,1.0,0.0,1.0,0.0,1
0.247728558913107,-1.6055635197537257,-1.6186832640798245,-1.5544881797318397,-0.9491763775169414,-0.3722667252333328,-0.4754139447166357,0.8708549635925131,-0.9449250763421867,0.0,0.0,0.0,0.0,1.0,0.0,0.0,0.0,1.0,0.0,0.0,0.0,0.0,0.0,0.0,0.0,0.0,0.0,1.0,0.0,0.0,0.0,0.0,0.0,1.0,0.0,0.0,0.0,1.0,0.0,0.0,0.0,0.0,0.0,0.0,1.0,0.0,0.0,0.0,0.0,0.0,1.0,1
0.23952717755381744,-1.6026390353811726,-1.6186832640798245,-1.2039835168836233,-0.3138508236234064,0.585537885144024,-1.4840715360532035,1.5581911621659252,-0.07076140450223783,0.0,0.0,0.0,0.0,1.0,0.0,0.0,0.0,1.0,0.0,0.0,0.0,0.0,0.0,0.0,0.0,0.0,0.0,1.0,0.0,0.0,0.0,0.0,0.0,1.0,0.0,0.0,0.0,0.0,1.0,0.0,0.0,0.0,0.0,0.0,0.0,0.0,0.0,1.0,0.0,1.0,0.0,1
2.333882406380269,-0.24115319961037746,0.8579905825996883,-1.2039835168836233,0.003811953323361072,0.9048060886031429,1.3737916394004053,1.5581911621659252,0.01724661322107321,0.0,0.0,1.0,0.0,0.0,0.0,0.0,0.0,0.0,0.0,0.0,0.0,0.0,0.0,1.0,0.0,0.0,0.0,1.0,0.0,0.0,0.0,0.0,0.0,1.0,0.0,0.0,0.0,1.0,0.0,0.0,0.0,0.0,0.0,0.0,1.0,0.0,0.0,0.0,0.0,0.0,1.0,1
-0.0613148419183161,1.6078791698171886,0.15036948354839894,0.8990444602056752,-0.9491763775169414,-0.05299852177421386,-1.0806084995185763,-1.5348217314144295,-0.3991274538228274,0.0,0.0,0.0,0.0,0.0,0.0,0.0,1.0,0.0,0.0,0.0,0.0,1.0,0.0,0.0,0.0,0.0,0.0,1.0,0.0,0.0,0.0,0.0,0.0,1.0,0.0,1.0,0.0,0.0,0.0,0.0,0.0,0.0,0.0,0.0,0.0,0.0,0.0,1.0,0.0,1.0,0.0,1
0.10925001948184666,-1.2983269408969524,-0.20344106597724576,-0.152469528338974,0.9568002841636635,1.5433424955213808,-1.4504496163419847,1.2145230628792192,2.038472768160649,0.0,0.0,0.0,0.0,0.0,1.0,0.0,0.0,0.0,0.0,0.0,1.0,0.0,0.0,0.0,0.0,0.0,1.0,0.0,0.0,0.0,0.0,0.0,0.0,1.0,0.0,0.0,0.0,0.0,0.0,0.0,1.0,0.0,0.0,0.0,0.0,1.0,0.0,0.0,0.0,0.0,1.0,0
-0.3232356886130391,0.829514818599772,0.15036948354839894,-0.152469528338974,-0.3138508236234064,1.5433424955213808,1.2393039605555296,0.18351876501910097,-0.030824993098382915,0.0,0.0,0.0,0.0,0.0,0.0,1.0,0.0,0.0,1.0,0.0,0.0,0.0,0.0,0.0,0.0,0.0,0.0,0.0,0.0,0.0,0.0,1.0,0.0,1.0,0.0,0.0,0.0,0.0,0.0,0.0,0.0,1.0,0.0,0.0,0.0,0.0,0.0,1.0,0.0,1.0,0.0,1
-0.3219278461203346,0.797987107301926,-0.9110621650285352,1.2495491230538915,-0.3138508236234064,-0.05299852177421386,1.5755231576677189,0.8708549635925131,-0.352534973851663,0.0,0.0,0.0,0.0,0.0,0.0,1.0,0.0,0.0,0.0,0.0,1.0,0.0,0.0,0.0,0.0,0.0,0.0,0.0,0.0,1.0,0.0,0.0,0.0,1.0,0.0,1.0,0.0,0.0,0.0,0.0,0.0,0.0,0.0,0.0,0.0,0.0,0.0,1.0,0.0,1.0,0.0,1
-0.3046713589913922,0.8011304668012588,-0.5572516155028905,-0.8534788540354068,0.9568002841636635,-0.6915349286924517,-0.9461208206737006,1.2145230628792192,0.15332623726384037,0.0,0.0,0.0,0.0,0.0,0.0,1.0,0.0,0.0,0.0,0.0,0.0,0.0,0.0,0.0,1.0,0.0,0.0,0.0,0.0,1.0,0.0,0.0,0.0,1.0,0.0,0.0,0.0,0.0,0.0,0.0,0.0,1.0,0.0,0.0,0.0,0.0,0.0,1.0,0.0,1.0,0.0,1
-0.13207791299204247,0.1527823183945155,0.8579905825996883,-1.2039835168836233,-1.2668391544637088,-1.0108031321515707,-1.6858030543205171,0.8708549635925131,0.18290876422965865,0.0,0.0,0.0,1.0,0.0,0.0,0.0,0.0,0.0,0.0,0.0,0.0,0.0,1.0,0.0,0.0,0.0,0.0,0.0,0.0,0.0,1.0,0.0,0.0,1.0,0.0,0.0,0.0,1.0,0.0,0.0,0.0,0.0,0.0,0.0,1.0,0.0,0.0,0.0,0.0,0.0,1.0,1
-0.2984233887636426,0.826376149281729,1.5656116816509777,1.2495491230538915,0.003811953323361072,-1.0108031321515707,1.2729258802667487,-0.1601493342676051,0.5334617087746132,0.0,0.0,0.0,0.0,0.0,0.0,1.0,0.0,0.0,0.0,1.0,0.0,0.0,0.0,0.0,0.0,0.0,0.0,1.0,0.0,0.0,0.0,0.0,0.0,1.0,0.0,0.0,0.0,0.0,0.0,1.0,0.0,0.0,0.0,0.0,0.0,1.0,0.0,0.0,0.0,0.0,1.0,1
-0.3276164114499449,0.8187192719894099,-0.20344106597724576,-0.8534788540354068,-0.6315136005701739,-1.0108031321515707,-1.4168276966307656,0.5271868643058071,-0.48121896615297477,0.0,0.0,0.0,0.0,0.0,0.0,1.0,0.0,1.0,0.0,0.0,0.0,0.0,0.0,0.0,0.0,0.0,0.0,1.0,0.0,0.0,0.0,0.0,0.0,1.0,0.0,0.0,0.0,0.0,0.0,1.0,0.0,0.0,0.0,0.0,0.0,1.0,0.0,0.0,0.0,0.0,1.0,1
0.2579200589159168,-1.62074813801356,-1.6186832640798245,-0.5029741911871904,-1.2668391544637088,-1.6493395390698085,1.071194361999435,1.2145230628792192,-2.353053359915166,0.0,0.0,0.0,0.0,1.0,0.0,0.0,0.0,0.0,0.0,0.0,0.0,0.0,1.0,0.0,0.0,0.0,0.0,1.0,0.0,0.0,0.0,0.0,1.0,0.0,0.0,0.0,0.0,0.0,0.0,0.0,0.0,0.0,1.0,0.0,0.0,0.0,1.0,0.0,1.0,0.0,0.0,2
-1.08518538427879,0.6854824780275293,-1.2648727145541798,-0.152469528338974,1.5921258380571985,-1.6493395390698085,1.474657398534062,-1.1911536321277234,-1.179366602546301,0.0,1.0,0.0,0.0,0.0,0.0,0.0,0.0,0.0,0.0,0.0,1.0,0.0,0.0,0.0,0.0,0.0,0.0,1.0,0.0,0.0,0.0,0.0,0.0,1.0,0.0,0.0,0.0,0.0,1.0,0.0,0.0,0.0,0.0,0.0,0.0,0.0,0.0,1.0,0.0,1.0,0.0,1
-1.1025269361211236,-0.12111551382967228,0.15036948354839894,-1.5544881797318397,-1.2668391544637088,-1.0108031321515707,1.4410354788228432,-0.1601493342676051,-2.102341443879851,1.0,0.0,0.0,0.0,0.0,0.0,0.0,0.0,0.0,0.0,0.0,0.0,1.0,0.0,0.0,0.0,0.0,0.0,1.0,0.0,0.0,0.0,0.0,0.0,1.0,0.0,1.0,0.0,0.0,0.0,0.0,0.0,0.0,0.0,0.0,0.0,0.0,0.0,1.0,0.0,1.0,0.0,1
-1.1019418139840516,-0.1308470146451226,-1.2648727145541798,1.600053785902108,-1.5845019314104762,0.9048060886031429,-0.8452550615400438,-0.5038174335543112,-0.6313502905045063,1.0,0.0,0.0,0.0,0.0,0.0,0.0,0.0,0.0,0.0,0.0,0.0,0.0,0.0,0.0,1.0,0.0,0.0,0.0,0.0,1.0,0.0,0.0,0.0,1.0,0.0,0.0,0.0,0.0,0.0,0.0,1.0,0.0,0.0,0.0,0.0,1.0,0.0,0.0,0.0,0.0,1.0,1
-0.06949138526051755,1.60756711642215,-0.5572516155028905,1.2495491230538915,0.639137507216896,-0.05299852177421386,1.2393039605555296,1.5581911621659252,0.3825908212489364,0.0,0.0,0.0,0.0,0.0,0.0,0.0,1.0,0.0,0.0,0.0,0.0,0.0,0.0,0.0,1.0,0.0,0.0,0.0,0.0,0.0,1.0,0.0,0.0,1.0,0.0,0.0,1.0,0.0,0.0,0.0,0.0,0.0,0.0,0.0,0.0,0.0,0.0,1.0,0.0,1.0,0.0,1
-0.12700700100772605,0.1415884190534128,0.15036948354839894,0.5485397973574588,0.3214747302701286,-0.6915349286924517,0.43237788748627537,-0.5038174335543112,0.14149322647751203,0.0,0.0,0.0,1.0,0.0,0.0,0.0,0.0,0.0,0.0,0.0,0.0,1.0,0.0,0.0,0.0,0.0,1.0,0.0,0.0,0.0,0.0,0.0,0.0,1.0,0.0,0.0,0.0,0.0,0.0,1.0,0.0,0.0,0.0,0.0,0.0,1.0,0.0,0.0,0.0,0.0,1.0,1
0.1116960146513945,-1.3033673223879751,0.8579905825996883,-1.2039835168836233,0.9568002841636635,-1.0108031321515707,0.36513404806383754,0.18351876501910097,0.2768332873461344,0.0,0.0,0.0,0.0,0.0,1.0,0.0,0.0,0.0,0.0,0.0,0.0,0.0,0.0,0.0,1.0,0.0,1.0,0.0,0.0,0.0,0.0,0.0,0.0,1.0,0.0,0.0,0.0,0.0,0.0,0.0,0.0,1.0,0.0,0.0,0.0,0.0,0.0,1.0,0.0,1.0,0.0,1
-0.12499644045633747,0.132926279571663,0.8579905825996883,-1.2039835168836233,0.3214747302701286,-0.3722667252333328,0.1970244495077429,1.5581911621659252,0.6421774953739976,0.0,0.0,0.0,1.0,0.0,0.0,0.0,0.0,0.0,1.0,0.0,0.0,0.0,0.0,0.0,0.0,0.0,0.0,1.0,0.0,0.0,0.0,0.0,0.0,1.0,0.0,0.0,1.0,0.0,0.0,0.0,0.0,0.0,0.0,0.0,0.0,0.0,0.0,1.0,0.0,1.0,0.0,1
2.3258118092702493,-0.2807564650502005,0.5041800330740437,-0.5029741911871904,-1.2668391544637088,0.585537885144024,1.1384382014218728,0.18351876501910097,-0.6025073267128324,0.0,0.0,1.0,0.0,0.0,0.0,0.0,0.0,0.0,0.0,0.0,0.0,0.0,0.0,1.0,0.0,1.0,0.0,0.0,0.0,0.0,0.0,0.0,1.0,0.0,0.0,0.0,0.0,0.0,0.0,0.0,0.0,0.0,1.0,0.0,0.0,0.0,1.0,0.0,1.0,0.0,0.0,1
0.22939062891624834,-1.6079964731272751,0.5041800330740437,0.8990444602056752,0.9568002841636635,1.5433424955213808,1.1384382014218728,-1.1911536321277234,1.3802615431711782,0.0,0.0,0.0,0.0,1.0,0.0,0.0,0.0,0.0,0.0,0.0,0.0,0.0,0.0,0.0,1.0,0.0,0.0,1.0,0.0,0.0,0.0,0.0,0.0,1.0,0.0,0.0,0.0,0.0,0.0,0.0,1.0,0.0,0.0,0.0,0.0,1.0,0.0,0.0,0.0,0.0,1.0,1
-0.14315434978067101,0.13736913196657038,-1.2648727145541798,0.1980351345092424,-0.6315136005701739,-0.05299852177421386,-0.9124989009624818,1.5581911621659252,-0.11735388447340331,0.0,0.0,0.0,1.0,0.0,0.0,0.0,0.0,0.0,0.0,0.0,0.0,1.0,0.0,0.0,0.0,0.0,0.0,1.0,0.0,0.0,0.0,0.0,0.0,1.0,0.0,0.0,0.0,0.0,0.0,1.0,0.0,0.0,0.0,0.0,0.0,1.0,0.0,0.0,0.0,0.0,1.0,1
2.3376340459879112,-0.259597181186739,-0.20344106597724576,1.600053785902108,1.274463061110431,-0.3722667252333328,1.474657398534062,0.5271868643058071,0.26869809243053316,0.0,0.0,1.0,0.0,0.0,0.0,0.0,0.0,0.0,0.0,1.0,0.0,0.0,0.0,0.0,0.0,0.0,0.0,0.0,0.0,0.0,1.0,0.0,0.0,1.0,0.0,0.0,1.0,0.0,0.0,0.0,0.0,0.0,0.0,0.0,0.0,0.0,0.0,1.0,0.0,1.0,0.0,1
2.337725045448748,-0.25650603903907826,1.211801132125333,-0.152469528338974,-0.9491763775169414,0.585537885144024,-1.3159619374971088,-1.1911536321277234,0.3078949406602433,0.0,0.0,1.0,0.0,0.0,0.0,0.0,0.0,0.0,0.0,1.0,0.0,0.0,0.0,0.0,0.0,0.0,0.0,1.0,0.0,0.0,0.0,0.0,0.0,1.0,0.0,0.0,1.0,0.0,0.0,0.0,0.0,0.0,0.0,0.0,0.0,0.0,0.0,1.0,0.0,1.0,0.0,1
-0.3205470282145926,0.8147795197073477,-1.2648727145541798,-1.5544881797318397,-1.2668391544637088,0.585537885144024,1.1384382014218728,-1.5348217314144295,-1.9928860941063207,0.0,0.0,0.0,0.0,0.0,0.0,1.0,0.0,0.0,0.0,0.0,1.0,0.0,0.0,0.0,0.0,0.0,0.0,0.0,0.0,0.0,0.0,1.0,0.0,1.0,1.0,0.0,0.0,0.0,0.0,0.0,0.0,0.0,0.0,0.0,0.0,0.0,0.0,1.0,0.0,1.0,0.0,2
0.1114104873576093,-1.300007589191881,-0.20344106597724576,1.600053785902108,1.274463061110431,-1.3300713356106897,1.5082793182452812,-1.1911536321277234,-0.8384279792652384,0.0,0.0,0.0,0.0,0.0,1.0,0.0,0.0,0.0,0.0,0.0,0.0,1.0,0.0,0.0,0.0,0.0,0.0,0.0,1.0,0.0,0.0,0.0,0.0,1.0,0.0,0.0,1.0,0.0,0.0,0.0,0.0,0.0,0.0,0.0,0.0,0.0,0.0,1.0,0.0,1.0,0.0,1
-1.0854715709889584,-0.13987154880107222,0.8579905825996883,0.8990444602056752,0.9568002841636635,-0.3722667252333328,0.5668655663311511,0.18351876501910097,0.9868139345257875,1.0,0.0,0.0,0.0,0.0,0.0,0.0,0.0,0.0,0.0,0.0,0.0,0.0,0.0,1.0,0.0,0.0,0.0,1.0,0.0,0.0,0.0,0.0,0.0,1.0,0.0,0.0,0.0,0.0,0.0,0.0,0.0,1.0,0.0,0.0,0.0,0.0,0.0,1.0,0.0,1.0,0.0,0
-0.055882789561645066,1.616911208263198,-1.2648727145541798,0.5485397973574588,0.639137507216896,-0.05299852177421386,-0.1391947476044464,0.8708549635925131,0.12818108934289407,0.0,0.0,0.0,0.0,0.0,0.0,0.0,1.0,0.0,0.0,0.0,0.0,0.0,1.0,0.0,0.0,0.0,0.0,1.0,0.0,0.0,0.0,0.0,1.0,0.0,0.0,0.0,0.0,0.0,0.0,0.0,0.0,0.0,1.0,0.0,0.0,0.0,1.0,0.0,1.0,0.0,0.0,1
-1.0649991101607295,0.7074247094873636,0.8579905825996883,0.5485397973574588,-0.9491763775169414,-0.3722667252333328,1.3065477999779675,0.5271868643058071,-0.5988095108421052,0.0,1.0,0.0,0.0,0.0,0.0,0.0,0.0,0.0,0.0,0.0,0.0,1.0,0.0,0.0,0.0,0.0,0.0,0.0,0.0,0.0,0.0,1.0,0.0,1.0,0.0,0.0,0.0,0.0,0.0,1.0,0.0,0.0,0.0,0.0,0.0,1.0,0.0,0.0,0.0,0.0,1.0,1
0.25386772543768266,-1.6180247060788921,0.8579905825996883,1.2495491230538915,-0.9491763775169414,0.9048060886031429,-1.5176934557644224,0.5271868643058071,1.9970572304085024,0.0,0.0,0.0,0.0,1.0,0.0,0.0,0.0,0.0,0.0,1.0,0.0,0.0,0.0,0.0,0.0,0.0,0.0,0.0,0.0,0.0,0.0,1.0,0.0,1.0,0.0,0.0,1.0,0.0,0.0,0.0,0.0,0.0,0.0,0.0,0.0,0.0,0.0,1.0,0.0,1.0,0.0,0
2.3468797230922154,-0.2533923840212378,-0.20344106597724576,0.1980351345092424,-1.5845019314104762,-1.6493395390698085,0.7685970845984647,-1.5348217314144295,-2.628170860697282,0.0,0.0,1.0,0.0,0.0,0.0,0.0,0.0,0.0,1.0,0.0,0.0,0.0,0.0,0.0,0.0,0.0,0.0,1.0,0.0,0.0,0.0,0.0,0.0,1.0,0.0,1.0,0.0,0.0,0.0,0.0,0.0,0.0,0.0,0.0,0.0,0.0,0.0,1.0,0.0,1.0,0.0,1
-0.08260783653230373,1.6218215153931617,0.5041800330740437,-1.2039835168836233,0.3214747302701286,-0.05299852177421386,-0.24006050673810317,0.5271868643058071,0.17329444296576785,0.0,0.0,0.0,0.0,0.0,0.0,0.0,1.0,0.0,1.0,0.0,0.0,0.0,0.0,0.0,0.0,0.0,0.0,0.0,0.0,0.0,1.0,0.0,1.0,0.0,0.0,0.0,0.0,0.0,0.0,0.0,0.0,0.0,1.0,0.0,0.0,0.0,1.0,0.0,1.0,0.0,0.0,1
-1.0942969800519093,-0.14305805796825388,-0.20344106597724576,1.600053785902108,-1.2668391544637088,-1.3300713356106897,-0.44179202500541676,-1.1911536321277234,-0.36214929511555377,1.0,0.0,0.0,0.0,0.0,0.0,0.0,0.0,1.0,0.0,0.0,0.0,0.0,0.0,0.0,0.0,0.0,0.0,1.0,0.0,0.0,0.0,0.0,0.0,1.0,0.0,0.0,0.0,0.0,0.0,0.0,1.0,0.0,0.0,0.0,0.0,1.0,0.0,0.0,0.0,0.0,1.0,1
0.12597018128604992,-1.307124782957306,0.8579905825996883,0.5485397973574588,1.274463061110431,0.9048060886031429,0.02891485095164826,-0.1601493342676051,1.5725479684490018,0.0,0.0,0.0,0.0,0.0,1.0,0.0,0.0,0.0,0.0,0.0,1.0,0.0,0.0,0.0,0.0,0.0,0.0,0.0,0.0,0.0,0.0,1.0,0.0,1.0,0.0,0.0,1.0,0.0,0.0,0.0,0.0,0.0,0.0,0.0,0.0,0.0,0.0,1.0,0.0,1.0,0.0,0
0.11954724591137696,-1.3091587582426114,1.5656116816509777,0.5485397973574588,0.003811953323361072,1.2240742920622618,-1.3495838572083279,0.8708549635925131,2.038472768160649,0.0,0.0,0.0,0.0,0.0,1.0,0.0,0.0,0.0,0.0,0.0,0.0,0.0,1.0,0.0,0.0,0.0,0.0,1.0,0.0,0.0,0.0,0.0,0.0,1.0,0.0,0.0,0.0,0.0,0.0,0.0,0.0,0.0,0.0,1.0,0.0,1.0,0.0,0.0,0.0,0.0,1.0,0
0.11860340126202013,-1.3083007677456264,1.5656116816509777,-0.152469528338974,0.003811953323361072,0.26626968168490506,-0.9124989009624818,0.8708549635925131,0.8714420793590936,0.0,0.0,0.0,0.0,0.0,1.0,0.0,0.0,0.0,0.0,0.0,0.0,1.0,0.0,0.0,0.0,0.0,0.0,1.0,0.0,0.0,0.0,0.0,0.0,1.0,0.0,0.0,0.0,0.0,0.0,0.0,0.0,1.0,0.0,0.0,0.0,0.0,0.0,1.0,0.0,1.0,0.0,0
-1.0780447840740872,0.6886667984434486,-0.20344106597724576,1.600053785902108,0.3214747302701286,-0.6915349286924517,0.9030847634433404,-1.1911536321277234,-0.08999004703002049,0.0,1.0,0.0,0.0,0.0,0.0,0.0,0.0,0.0,0.0,0.0,1.0,0.0,0.0,0.0,0.0,0.0,0.0,0.0,0.0,0.0,0.0,1.0,0.0,1.0,0.0,0.0,0.0,0.0,0.0,1.0,0.0,0.0,0.0,0.0,0.0,1.0,0.0,0.0,0.0,0.0,1.0,1
-1.076310518987123,0.7017871115789818,1.5656116816509777,1.2495491230538915,0.639137507216896,0.26626968168490506,-0.8788769812512628,0.18351876501910097,2.038472768160649,0.0,1.0,0.0,0.0,0.0,0.0,0.0,0.0,0.0,0.0,0.0,0.0,0.0,0.0,0.0,1.0,0.0,0.0,0.0,0.0,0.0,0.0,1.0,0.0,1.0,0.0,0.0,0.0,1.0,0.0,0.0,0.0,0.0,0.0,0.0,1.0,0.0,0.0,0.0,0.0,0.0,1.0,0
-1.0778942173333304,0.6858217344740414,1.211801132125333,0.1980351345092424,-0.6315136005701739,0.26626968168490506,-0.038328988470789596,-0.1601493342676051,1.0171360246657515,0.0,1.0,0.0,0.0,0.0,0.0,0.0,0.0,0.0,0.0,0.0,0.0,0.0,1.0,0.0,0.0,0.0,0.0,1.0,0.0,0.0,0.0,0.0,0.0,1.0,0.0,0.0,0.0,0.0,0.0,0.0,0.0,1.0,0.0,0.0,0.0,0.0,0.0,1.0,0.0,1.0,0.0,1
-0.3109279016321194,0.8210546695921672,1.211801132125333,-0.8534788540354068,1.274463061110431,0.585537885144024,-0.8452550615400438,0.8708549635925131,2.038472768160649,0.0,0.0,0.0,0.0,0.0,0.0,1.0,0.0,0.0,0.0,0.0,1.0,0.0,0.0,0.0,0.0,0.0,0.0,0.0,1.0,0.0,0.0,0.0,0.0,1.0,0.0,0.0,0.0,0.0,0.0,0.0,0.0,1.0,0.0,0.0,0.0,0.0,0.0,1.0,0.0,1.0,0.0,0
2.3276803754938595,-0.25139030196869594,1.211801132125333,-0.5029741911871904,0.003811953323361072,0.585537885144024,-1.1478523389410142,-0.5038174335543112,1.0629889414627711,0.0,0.0,1.0,0.0,0.0,0.0,0.0,0.0,0.0,0.0,0.0,1.0,0.0,0.0,0.0,0.0,0.0,0.0,0.0,0.0,1.0,0.0,0.0,0.0,1.0,0.0,0.0,0.0,1.0,0.0,0.0,0.0,0.0,0.0,0.0,1.0,0.0,0.0,0.0,0.0,0.0,1.0,0
2.3404996497824295,-0.25585222776750927,-1.2648727145541798,-0.5029741911871904,0.3214747302701286,-0.3722667252333328,-0.5426577841390735,-0.8474855328410172,-1.359080453863651,0.0,0.0,1.0,0.0,0.0,0.0,0.0,0.0,0.0,1.0,0.0,0.0,0.0,0.0,0.0,0.0,0.0,0.0,1.0,0.0,0.0,0.0,0.0,0.0,1.0,0.0,0.0,0.0,0.0,1.0,0.0,0.0,0.0,0.0,0.0,0.0,0.0,0.0,1.0,0.0,1.0,0.0,1
-1.1127564624686785,-0.14099437820146069,-0.9110621650285352,-0.5029741911871904,-1.5845019314104762,-0.6915349286924517,-0.44179202500541676,0.8708549635925131,-1.4249015763625978,1.0,0.0,0.0,0.0,0.0,0.0,0.0,0.0,0.0,0.0,0.0,0.0,0.0,0.0,0.0,1.0,1.0,0.0,0.0,0.0,0.0,0.0,0.0,0.0,1.0,0.0,0.0,0.0,0.0,0.0,0.0,0.0,1.0,0.0,0.0,0.0,0.0,0.0,1.0,0.0,1.0,0.0,1
2.3344560986333707,-0.25996614211473906,-0.5572516155028905,-0.8534788540354068,-0.3138508236234064,-1.0108031321515707,-1.652181134609298,-0.1601493342676051,-0.2526939453420246,0.0,0.0,1.0,0.0,0.0,0.0,0.0,0.0,0.0,0.0,0.0,1.0,0.0,0.0,0.0,0.0,0.0,0.0,1.0,0.0,0.0,0.0,0.0,0.0,1.0,0.0,0.0,0.0,0.0,0.0,0.0,0.0,1.0,0.0,0.0,0.0,0.0,0.0,1.0,0.0,1.0,0.0,1
-0.07207102215032819,1.6322859352045795,-1.6186832640798245,-1.5544881797318397,-1.2668391544637088,-0.05299852177421386,0.8358409240209025,-0.1601493342676051,-2.3500951072185843,0.0,0.0,0.0,0.0,0.0,0.0,0.0,1.0,0.0,0.0,1.0,0.0,0.0,0.0,0.0,0.0,0.0,0.0,0.0,0.0,1.0,0.0,0.0,0.0,1.0,1.0,0.0,0.0,0.0,0.0,0.0,0.0,0.0,0.0,0.0,0.0,0.0,0.0,1.0,0.0,1.0,0.0,2
-0.13121341811409207,0.14431466509685079,-0.9110621650285352,-0.5029741911871904,-1.2668391544637088,1.2240742920622618,1.4074135591116244,1.2145230628792192,-1.0388495994586615,0.0,0.0,0.0,1.0,0.0,0.0,0.0,0.0,0.0,0.0,0.0,0.0,0.0,1.0,0.0,0.0,0.0,0.0,0.0,0.0,0.0,1.0,0.0,0.0,1.0,0.0,0.0,0.0,0.0,0.0,0.0,0.0,1.0,0.0,0.0,0.0,0.0,0.0,1.0,0.0,1.0,0.0,1
-1.0891322111357635,0.7052425244733529,-1.2648727145541798,-0.5029741911871904,1.274463061110431,-1.3300713356106897,1.5419012379565,0.18351876501910097,-1.1394301911424456,0.0,1.0,0.0,0.0,0.0,0.0,0.0,0.0,0.0,0.0,1.0,0.0,0.0,0.0,0.0,0.0,0.0,1.0,0.0,0.0,0.0,0.0,0.0,0.0,1.0,0.0,0.0,0.0,0.0,1.0,0.0,0.0,0.0,0.0,0.0,0.0,0.0,0.0,1.0,0.0,1.0,0.0,1
-1.1082642982630666,-0.15693755511496865,-0.5572516155028905,-0.8534788540354068,-1.2668391544637088,-1.0108031321515707,-0.8452550615400438,-0.1601493342676051,-0.8073663259511283,1.0,0.0,0.0,0.0,0.0,0.0,0.0,0.0,0.0,0.0,0.0,0.0,0.0,1.0,0.0,0.0,0.0,0.0,1.0,0.0,0.0,0.0,0.0,0.0,1.0,1.0,0.0,0.0,0.0,0.0,0.0,0.0,0.0,0.0,0.0,0.0,0.0,0.0,1.0,0.0,1.0,0.0,1
-0.06639520553745332,1.6233273762654148,1.211801132125333,0.1980351345092424,-1.2668391544637088,-0.05299852177421386,0.5668655663311511,0.5271868643058071,0.001715786564017701,0.0,0.0,0.0,0.0,0.0,0.0,0.0,1.0,0.0,0.0,1.0,0.0,0.0,0.0,0.0,0.0,1.0,0.0,0.0,0.0,0.0,0.0,0.0,0.0,1.0,0.0,0.0,0.0,0.0,0.0,0.0,0.0,0.0,0.0,1.0,0.0,1.0,0.0,0.0,0.0,0.0,1.0,1
-0.31366184195552316,0.8020891398565624,0.8579905825996883,0.1980351345092424,-0.3138508236234064,-1.6493395390698085,1.0039505225769971,1.5581911621659252,-0.05670970419347403,0.0,0.0,0.0,0.0,0.0,0.0,1.0,0.0,0.0,1.0,0.0,0.0,0.0,0.0,0.0,0.0,0.0,0.0,0.0,0.0,0.0,1.0,0.0,1.0,0.0,0.0,0.0,0.0,0.0,0.0,0.0,0.0,0.0,1.0,0.0,0.0,0.0,1.0,0.0,1.0,0.0,0.0,1
-1.108155494559892,-0.14156063942232044,1.211801132125333,0.5485397973574588,-0.3138508236234064,1.5433424955213808,1.2393039605555296,0.18351876501910097,0.596324578576978,1.0,0.0,0.0,0.0,0.0,0.0,0.0,0.0,0.0,0.0,0.0,0.0,0.0,0.0,1.0,0.0,0.0,0.0,0.0,0.0,1.0,0.0,0.0,0.0,1.0,0.0,0.0,0.0,0.0,0.0,0.0,0.0,1.0,0.0,0.0,0.0,0.0,0.0,1.0,0.0,1.0,0.0,1
0.23879170848145043,-1.6275451487363788,-1.6186832640798245,0.5485397973574588,-0.3138508236234064,-0.3722667252333328,-1.3832057769195467,-0.5038174335543112,-0.5204158143826849,0.0,0.0,0.0,0.0,1.0,0.0,0.0,0.0,0.0,0.0,0.0,0.0,0.0,1.0,0.0,0.0,0.0,0.0,0.0,0.0,1.0,0.0,0.0,0.0,1.0,0.0,0.0,0.0,0.0,0.0,0.0,0.0,0.0,0.0,1.0,0.0,1.0,0.0,0.0,0.0,0.0,1.0,1
-0.3175354735939977,0.8137501812539696,0.15036948354839894,0.5485397973574588,-1.5845019314104762,-0.3722667252333328,-1.4168276966307656,0.8708549635925131,-0.6158194638474513,0.0,0.0,0.0,0.0,0.0,0.0,1.0,0.0,0.0,0.0,1.0,0.0,0.0,0.0,0.0,0.0,0.0,0.0,0.0,0.0,1.0,0.0,0.0,0.0,1.0,1.0,0.0,0.0,0.0,0.0,0.0,0.0,0.0,0.0,0.0,0.0,0.0,0.0,1.0,0.0,1.0,0.0,1
0.12881314511808875,-1.3058775074134035,-1.2648727145541798,-0.8534788540354068,-0.3138508236234064,0.9048060886031429,-1.4840715360532035,0.18351876501910097,-0.4775211502822476,0.0,0.0,0.0,0.0,0.0,1.0,0.0,0.0,0.0,0.0,0.0,0.0,0.0,1.0,0.0,0.0,0.0,1.0,0.0,0.0,0.0,0.0,0.0,0.0,1.0,0.0,0.0,0.0,0.0,1.0,0.0,0.0,0.0,0.0,0.0,0.0,0.0,0.0,1.0,0.0,1.0,0.0,1
0.11236180539263783,-1.3153579271905633,-1.6186832640798245,-1.5544881797318397,1.5921258380571985,1.5433424955213808,-0.9797427403849196,0.8708549635925131,0.1999187172350048,0.0,0.0,0.0,0.0,0.0,1.0,0.0,0.0,0.0,0.0,1.0,0.0,0.0,0.0,0.0,0.0,0.0,0.0,1.0,0.0,0.0,0.0,0.0,1.0,0.0,0.0,0.0,0.0,0.0,0.0,0.0,0.0,0.0,1.0,0.0,0.0,0.0,1.0,0.0,1.0,0.0,0.0,1
-1.0688340560380754,0.7025588027402603,1.5656116816509777,-1.2039835168836233,-1.2668391544637088,-1.0108031321515707,-0.7107673826951681,1.2145230628792192,0.168117500746749,0.0,1.0,0.0,0.0,0.0,0.0,0.0,0.0,0.0,1.0,0.0,0.0,0.0,0.0,0.0,0.0,0.0,0.0,0.0,0.0,0.0,1.0,0.0,0.0,1.0,0.0,0.0,0.0,0.0,1.0,0.0,0.0,0.0,0.0,0.0,0.0,0.0,0.0,1.0,0.0,1.0,0.0,1
0.11234334173391784,-1.3121192006717053,0.8579905825996883,-0.8534788540354068,-0.3138508236234064,-1.0108031321515707,1.1720601211330919,1.5581911621659252,-0.7844398675526191,0.0,0.0,0.0,0.0,0.0,1.0,0.0,0.0,0.0,0.0,1.0,0.0,0.0,0.0,0.0,0.0,0.0,0.0,1.0,0.0,0.0,0.0,0.0,0.0,1.0,0.0,0.0,0.0,1.0,0.0,0.0,0.0,0.0,0.0,0.0,1.0,0.0,0.0,0.0,0.0,0.0,1.0,1
2.349474526558833,-0.26223931664574157,-0.9110621650285352,0.5485397973574588,0.3214747302701286,1.2240742920622618,-0.811633141828825,-1.5348217314144295,0.04239176114201952,0.0,0.0,1.0,0.0,0.0,0.0,0.0,0.0,0.0,1.0,0.0,0.0,0.0,0.0,0.0,0.0,0.0,0.0,0.0,0.0,0.0,1.0,0.0,0.0,1.0,0.0,0.0,0.0,0.0,0.0,0.0,0.0,1.0,0.0,0.0,0.0,0.0,0.0,1.0,0.0,1.0,0.0,1
-1.099477794766705,-0.1485089866613711,0.8579905825996883,-0.5029741911871904,-0.3138508236234064,-1.0108031321515707,-1.5513153754756415,0.5271868643058071,0.5024000554605033,1.0,0.0,0.0,0.0,0.0,0.0,0.0,0.0,0.0,0.0,0.0,0.0,0.0,0.0,0.0,1.0,0.0,0.0,0.0,0.0,0.0,0.0,1.0,0.0,1.0,1.0,0.0,0.0,0.0,0.0,0.0,0.0,0.0,0.0,0.0,0.0,0.0,0.0,1.0,0.0,1.0,0.0,1
-0.3176365841060388,0.8246332779150455,0.15036948354839894,-0.8534788540354068,1.274463061110431,-1.3300713356106897,-1.719424974031736,1.2145230628792192,0.6029806471442875,0.0,0.0,0.0,0.0,0.0,0.0,1.0,0.0,0.0,0.0,0.0,0.0,0.0,0.0,0.0,1.0,0.0,0.0,0.0,1.0,0.0,0.0,0.0,0.0,1.0,0.0,0.0,1.0,0.0,0.0,0.0,0.0,0.0,0.0,0.0,0.0,0.0,0.0,1.0,0.0,1.0,0.0,0
0.24175534551155545,-1.6196112380693068,-0.5572516155028905,-0.5029741911871904,-0.6315136005701739,-0.3722667252333328,-0.5426577841390735,0.8708549635925131,-0.3636284214638455,0.0,0.0,0.0,0.0,1.0,0.0,0.0,0.0,0.0,0.0,0.0,0.0,0.0,0.0,0.0,1.0,0.0,0.0,1.0,0.0,0.0,0.0,0.0,0.0,1.0,0.0,0.0,0.0,0.0,0.0,0.0,1.0,0.0,0.0,0.0,0.0,1.0,0.0,0.0,0.0,0.0,1.0,1
-1.1057626923118962,-0.11916783788006917,-0.20344106597724576,-0.5029741911871904,0.3214747302701286,-1.0108031321515707,-0.004707068759570669,-0.8474855328410172,-0.2615687034317696,1.0,0.0,0.0,0.0,0.0,0.0,0.0,0.0,1.0,0.0,0.0,0.0,0.0,0.0,0.0,0.0,1.0,0.0,0.0,0.0,0.0,0.0,0.0,0.0,1.0,0.0,0.0,0.0,1.0,0.0,0.0,0.0,0.0,0.0,0.0,1.0,0.0,0.0,0.0,0.0,0.0,1.0,1
-1.0942418088812087,-0.13131071723514445,-0.5572516155028905,0.1980351345092424,1.274463061110431,1.5433424955213808,1.0039505225769971,0.8708549635925131,0.5393782141677769,1.0,0.0,0.0,0.0,0.0,0.0,0.0,0.0,0.0,0.0,1.0,0.0,0.0,0.0,0.0,0.0,0.0,0.0,1.0,0.0,0.0,0.0,0.0,1.0,0.0,0.0,0.0,0.0,0.0,0.0,0.0,0.0,0.0,1.0,0.0,0.0,0.0,1.0,0.0,1.0,0.0,0.0,1
0.12481224611771949,-1.287284690750833,-0.5572516155028905,0.5485397973574588,0.3214747302701286,1.2240742920622618,-0.6771454629839493,-1.1911536321277234,0.025381808136673362,0.0,0.0,0.0,0.0,0.0,1.0,0.0,0.0,0.0,0.0,0.0,0.0,0.0,1.0,0.0,0.0,0.0,0.0,1.0,0.0,0.0,0.0,0.0,0.0,1.0,0.0,0.0,0.0,0.0,0.0,0.0,0.0,1.0,0.0,0.0,0.0,0.0,0.0,1.0,0.0,1.0,0.0,1
0.11690254660512206,-1.3204423963856946,0.8579905825996883,0.1980351345092424,1.274463061110431,1.5433424955213808,0.8022190043096836,-1.5348217314144295,0.7597680400631269,0.0,0.0,0.0,0.0,0.0,1.0,0.0,0.0,1.0,0.0,0.0,0.0,0.0,0.0,0.0,0.0,0.0,0.0,0.0,0.0,0.0,0.0,1.0,0.0,1.0,0.0,0.0,0.0,1.0,0.0,0.0,0.0,0.0,0.0,0.0,1.0,0.0,0.0,0.0,0.0,0.0,1.0,1
2.340869582373223,-0.25759291038292603,0.5041800330740437,0.1980351345092424,-0.9491763775169414,0.9048060886031429,-1.5849372951868603,1.5581911621659252,1.4549574237598712,0.0,0.0,1.0,0.0,0.0,0.0,0.0,0.0,0.0,0.0,0.0,0.0,0.0,0.0,1.0,0.0,0.0,0.0,1.0,0.0,0.0,0.0,0.0,0.0,1.0,0.0,0.0,0.0,1.0,0.0,0.0,0.0,0.0,0.0,0.0,1.0,0.0,0.0,0.0,0.0,0.0,1.0,0
0.2372396621216213,-1.5962741466943682,0.8579905825996883,-0.8534788540354068,-1.2668391544637088,-0.05299852177421386,1.2729258802667487,1.2145230628792192,-1.0625156210313165,0.0,0.0,0.0,0.0,1.0,0.0,0.0,0.0,0.0,1.0,0.0,0.0,0.0,0.0,0.0,0.0,0.0,0.0,1.0,0.0,0.0,0.0,0.0,0.0,1.0,0.0,0.0,0.0,0.0,0.0,0.0,1.0,0.0,0.0,0.0,0.0,1.0,0.0,0.0,0.0,0.0,1.0,1
0.11707949000119372,-1.2989432307182174,-0.9110621650285352,0.8990444602056752,-0.3138508236234064,-0.05299852177421386,0.09615869037408611,-0.1601493342676051,-0.5085828035963577,0.0,0.0,0.0,0.0,0.0,1.0,0.0,0.0,0.0,0.0,0.0,1.0,0.0,0.0,0.0,0.0,0.0,0.0,0.0,1.0,0.0,0.0,0.0,0.0,1.0,0.0,0.0,0.0,0.0,1.0,0.0,0.0,0.0,0.0,0.0,0.0,0.0,0.0,1.0,0.0,1.0,0.0,1
-1.0755330670717123,0.6974258683384825,0.5041800330740437,-0.8534788540354068,0.003811953323361072,0.585537885144024,1.5082793182452812,-0.8474855328410172,-0.33182720497558965,0.0,1.0,0.0,0.0,0.0,0.0,0.0,0.0,0.0,1.0,0.0,0.0,0.0,0.0,0.0,0.0,0.0,0.0,1.0,0.0,0.0,0.0,0.0,0.0,1.0,0.0,0.0,1.0,0.0,0.0,0.0,0.0,0.0,0.0,0.0,0.0,0.0,0.0,1.0,0.0,1.0,0.0,1
-0.3217887092635484,0.8278779453302002,-0.5572516155028905,-0.8534788540354068,-1.5845019314104762,0.585537885144024,-0.6435235432727303,-0.8474855328410172,-0.7282330663175628,0.0,0.0,0.0,0.0,0.0,0.0,1.0,0.0,0.0,0.0,0.0,1.0,0.0,0.0,0.0,0.0,0.0,0.0,1.0,0.0,0.0,0.0,0.0,0.0,1.0,1.0,0.0,0.0,0.0,0.0,0.0,0.0,0.0,0.0,0.0,0.0,0.0,0.0,1.0,0.0,1.0,0.0,1
0.24515859346357832,-1.6232911543080026,0.8579905825996883,0.1980351345092424,0.9568002841636635,0.585537885144024,0.1970244495077429,0.8708549635925131,0.830026541606947,0.0,0.0,0.0,0.0,1.0,0.0,0.0,0.0,0.0,0.0,0.0,1.0,0.0,0.0,0.0,0.0,0.0,0.0,1.0,0.0,0.0,0.0,0.0,0.0,1.0,0.0,0.0,0.0,0.0,0.0,0.0,1.0,0.0,0.0,0.0,0.0,1.0,0.0,0.0,0.0,0.0,1.0,0
-0.12820098427165327,0.1294452270195813,-0.20344106597724576,-0.8534788540354068,-0.9491763775169414,0.9048060886031429,-0.6099016235615113,1.5581911621659252,0.7863923143323639,0.0,0.0,0.0,1.0,0.0,0.0,0.0,0.0,1.0,0.0,0.0,0.0,0.0,0.0,0.0,0.0,0.0,0.0,0.0,0.0,0.0,0.0,1.0,0.0,1.0,0.0,0.0,0.0,0.0,0.0,0.0,0.0,0.0,0.0,1.0,0.0,1.0,0.0,0.0,0.0,0.0,1.0,1
-0.06632772526093915,1.631460775976613,0.5041800330740437,-1.2039835168836233,-0.6315136005701739,0.585537885144024,1.1384382014218728,-1.1911536321277234,-0.008638097874018954,0.0,0.0,0.0,0.0,0.0,0.0,0.0,1.0,0.0,0.0,0.0,0.0,1.0,0.0,0.0,0.0,0.0,0.0,1.0,0.0,0.0,0.0,0.0,1.0,0.0,0.0,0.0,0.0,0.0,0.0,0.0,0.0,0.0,1.0,0.0,0.0,0.0,1.0,0.0,1.0,0.0,0.0,1
-0.1412888608335151,0.13412665330268234,0.15036948354839894,1.600053785902108,-1.2668391544637088,-0.05299852177421386,-1.1142304192297954,-1.5348217314144295,0.3825908212489364,0.0,0.0,0.0,1.0,0.0,0.0,0.0,0.0,0.0,0.0,0.0,0.0,0.0,1.0,0.0,0.0,0.0,0.0,0.0,1.0,0.0,0.0,0.0,0.0,1.0,0.0,0.0,1.0,0.0,0.0,0.0,0.0,0.0,0.0,0.0,0.0,0.0,0.0,1.0,0.0,1.0,0.0,1
0.23772477277395673,-1.6045848352582608,-0.20344106597724576,1.600053785902108,1.5921258380571985,-1.6493395390698085,-0.34092626587175995,-1.5348217314144295,0.04978739288347383,0.0,0.0,0.0,0.0,1.0,0.0,0.0,0.0,0.0,0.0,1.0,0.0,0.0,0.0,0.0,0.0,0.0,0.0,1.0,0.0,0.0,0.0,0.0,0.0,1.0,0.0,0.0,1.0,0.0,0.0,0.0,0.0,0.0,0.0,0.0,0.0,0.0,0.0,1.0,0.0,1.0,0.0,1
-0.3271372355450552,0.8127777503335532,-1.6186832640798245,-0.152469528338974,0.003811953323361072,-1.6493395390698085,1.4410354788228432,-1.1911536321277234,-2.3811567605326935,0.0,0.0,0.0,0.0,0.0,0.0,1.0,0.0,1.0,0.0,0.0,0.0,0.0,0.0,0.0,0.0,0.0,0.0,1.0,0.0,0.0,0.0,0.0,0.0,1.0,0.0,0.0,0.0,0.0,1.0,0.0,0.0,0.0,0.0,0.0,0.0,0.0,0.0,1.0,0.0,1.0,0.0,2
2.3321169289178494,-0.2764721407828286,-0.9110621650285352,-0.5029741911871904,0.3214747302701286,-1.3300713356106897,-1.6858030543205171,-0.5038174335543112,-0.21349709711231452,0.0,0.0,1.0,0.0,0.0,0.0,0.0,0.0,0.0,0.0,0.0,0.0,0.0,0.0,1.0,0.0,0.0,1.0,0.0,0.0,0.0,0.0,0.0,0.0,1.0,1.0,0.0,0.0,0.0,0.0,0.0,0.0,0.0,0.0,0.0,0.0,0.0,0.0,1.0,0.0,1.0,0.0,1
-1.072084319389271,0.7048369801312997,-1.2648727145541798,-0.152469528338974,0.639137507216896,0.26626968168490506,1.4074135591116244,-0.1601493342676051,-1.6290210124267486,0.0,1.0,0.0,0.0,0.0,0.0,0.0,0.0,0.0,0.0,0.0,0.0,1.0,0.0,0.0,0.0,0.0,0.0,1.0,0.0,0.0,0.0,0.0,0.0,1.0,0.0,0.0,0.0,0.0,0.0,0.0,1.0,0.0,0.0,0.0,0.0,1.0,0.0,0.0,0.0,0.0,1.0,1
-0.13247224398900237,0.15004043841344974,1.211801132125333,-0.5029741911871904,0.639137507216896,0.585537885144024,-0.10557282789322746,0.8708549635925131,1.8010729892599529,0.0,0.0,0.0,1.0,0.0,0.0,0.0,0.0,0.0,1.0,0.0,0.0,0.0,0.0,0.0,0.0,0.0,0.0,0.0,0.0,0.0,0.0,1.0,0.0,1.0,0.0,0.0,0.0,0.0,1.0,0.0,0.0,0.0,0.0,0.0,0.0,0.0,0.0,1.0,0.0,1.0,0.0,0
-0.12174002255223441,0.12783555680147887,0.15036948354839894,1.600053785902108,-0.9491763775169414,0.26626968168490506,0.9367066831545593,0.5271868643058071,0.4010799006025732,0.0,0.0,0.0,1.0,0.0,0.0,0.0,0.0,0.0,0.0,0.0,0.0,0.0,1.0,0.0,0.0,0.0,0.0,0.0,0.0,0.0,0.0,1.0,1.0,0.0,0.0,0.0,0.0,0.0,0.0,0.0,0.0,0.0,1.0,0.0,0.0,0.0,1.0,0.0,1.0,0.0,0.0,1
0.23690863509741694,-1.6111310776215364,-0.9110621650285352,0.8990444602056752,0.9568002841636635,1.5433424955213808,1.0039505225769971,1.2145230628792192,1.5407467519607458,0.0,0.0,0.0,0.0,1.0,0.0,0.0,0.0,1.0,0.0,0.0,0.0,0.0,0.0,0.0,0.0,0.0,0.0,1.0,0.0,0.0,0.0,0.0,0.0,1.0,0.0,0.0,0.0,1.0,0.0,0.0,0.0,0.0,0.0,0.0,1.0,0.0,0.0,0.0,0.0,0.0,1.0,1
-0.1300763644645531,0.1252650247768105,-0.20344106597724576,-0.8534788540354068,-0.9491763775169414,1.5433424955213808,-0.4754139447166357,-0.5038174335543112,-0.13806165334947662,0.0,0.0,0.0,1.0,0.0,0.0,0.0,0.0,0.0,0.0,1.0,0.0,0.0,0.0,0.0,0.0,0.0,0.0,1.0,0.0,0.0,0.0,0.0,0.0,1.0,1.0,0.0,0.0,0.0,0.0,0.0,0.0,0.0,0.0,0.0,0.0,0.0,0.0,1.0,0.0,1.0,0.0,1
-0.058006110314505,1.622303666029586,-1.6186832640798245,1.2495491230538915,-1.2668391544637088,0.9048060886031429,0.06253677066286718,0.5271868643058071,-0.07963616259198383,0.0,0.0,0.0,0.0,0.0,0.0,0.0,1.0,0.0,0.0,0.0,0.0,0.0,0.0,0.0,1.0,0.0,0.0,0.0,0.0,0.0,1.0,0.0,0.0,1.0,0.0,0.0,1.0,0.0,0.0,0.0,0.0,0.0,0.0,0.0,0.0,0.0,0.0,1.0,0.0,1.0,0.0,1
-1.075620329839713,0.7015576053746112,-0.20344106597724576,1.600053785902108,-1.2668391544637088,0.9048060886031429,-1.6858030543205171,-1.1911536321277234,0.38185125807479053,0.0,1.0,0.0,0.0,0.0,0.0,0.0,0.0,0.0,1.0,0.0,0.0,0.0,0.0,0.0,0.0,0.0,0.0,0.0,1.0,0.0,0.0,0.0,0.0,1.0,0.0,0.0,0.0,0.0,0.0,0.0,1.0,0.0,0.0,0.0,0.0,1.0,0.0,0.0,0.0,0.0,1.0,1
2.3500433830917937,-0.27008192511706985,-1.2648727145541798,0.5485397973574588,-0.3138508236234064,-0.05299852177421386,0.7685970845984647,0.8708549635925131,-0.18539369649478585,0.0,0.0,1.0,0.0,0.0,0.0,0.0,0.0,0.0,0.0,0.0,1.0,0.0,0.0,0.0,0.0,0.0,0.0,0.0,1.0,0.0,0.0,0.0,0.0,1.0,0.0,0.0,0.0,0.0,1.0,0.0,0.0,0.0,0.0,0.0,0.0,0.0,0.0,1.0,0.0,1.0,0.0,1
0.123744650993843,-1.3103456867872698,-0.5572516155028905,-0.8534788540354068,-1.2668391544637088,1.2240742920622618,-0.6435235432727303,-1.1911536321277234,0.29975974574464315,0.0,0.0,0.0,0.0,0.0,1.0,0.0,0.0,0.0,0.0,0.0,0.0,1.0,0.0,0.0,0.0,0.0,0.0,1.0,0.0,0.0,0.0,0.0,0.0,1.0,0.0,0.0,0.0,0.0,0.0,0.0,0.0,1.0,0.0,0.0,0.0,0.0,0.0,1.0,0.0,1.0,0.0,1
2.332398279907876,-0.2418004446281463,-1.6186832640798245,-0.8534788540354068,1.5921258380571985,0.585537885144024,0.1970244495077429,0.5271868643058071,0.19474177501598594,0.0,0.0,1.0,0.0,0.0,0.0,0.0,0.0,0.0,0.0,0.0,0.0,0.0,0.0,0.0,1.0,0.0,0.0,1.0,0.0,0.0,0.0,0.0,0.0,1.0,0.0,0.0,1.0,0.0,0.0,0.0,0.0,0.0,0.0,0.0,0.0,0.0,0.0,1.0,0.0,1.0,0.0,1
0.12080848964635717,-1.3067805236507526,-0.20344106597724576,-1.2039835168836233,-0.9491763775169414,-1.0108031321515707,-1.719424974031736,-0.5038174335543112,-1.0048296934479697,0.0,0.0,0.0,0.0,0.0,1.0,0.0,0.0,0.0,0.0,0.0,0.0,0.0,1.0,0.0,0.0,0.0,0.0,0.0,0.0,0.0,1.0,0.0,1.0,0.0,0.0,0.0,0.0,0.0,0.0,0.0,0.0,0.0,1.0,0.0,0.0,0.0,1.0,0.0,1.0,0.0,0.0,1
-1.090743385164591,-0.12438675893879293,-0.5572516155028905,0.8990444602056752,1.5921258380571985,-1.0108031321515707,1.0375724422882162,-0.5038174335543112,-0.6380063590718152,1.0,0.0,0.0,0.0,0.0,0.0,0.0,0.0,0.0,0.0,0.0,1.0,0.0,0.0,0.0,0.0,0.0,0.0,1.0,0.0,0.0,0.0,0.0,0.0,1.0,0.0,0.0,0.0,0.0,0.0,0.0,0.0,1.0,0.0,0.0,0.0,0.0,0.0,1.0,0.0,1.0,0.0,1
-1.0761283002599884,0.685816731614,-0.9110621650285352,0.8990444602056752,0.3214747302701286,-1.6493395390698085,-1.28234001778589,-0.8474855328410172,-0.6683284492117799,0.0,1.0,0.0,0.0,0.0,0.0,0.0,0.0,0.0,0.0,1.0,0.0,0.0,0.0,0.0,0.0,1.0,0.0,0.0,0.0,0.0,0.0,0.0,0.0,1.0,0.0,0.0,1.0,0.0,0.0,0.0,0.0,0.0,0.0,0.0,0.0,0.0,0.0,1.0,0.0,1.0,0.0,1
0.23832572090421775,-1.6145414647755438,0.8579905825996883,1.600053785902108,-0.6315136005701739,-0.6915349286924517,-0.5090358644278546,1.5581911621659252,0.693207354390035,0.0,0.0,0.0,0.0,1.0,0.0,0.0,0.0,0.0,0.0,0.0,1.0,0.0,0.0,0.0,0.0,0.0,0.0,1.0,0.0,0.0,0.0,0.0,1.0,0.0,0.0,0.0,0.0,0.0,0.0,0.0,0.0,0.0,1.0,0.0,0.0,0.0,1.0,0.0,1.0,0.0,0.0,0
-0.14051272775087034,0.13833468395443044,0.5041800330740437,0.8990444602056752,1.274463061110431,1.2240742920622618,1.3737916394004053,1.2145230628792192,1.204985070898702,0.0,0.0,0.0,1.0,0.0,0.0,0.0,0.0,0.0,0.0,0.0,0.0,0.0,1.0,0.0,0.0,0.0,0.0,1.0,0.0,0.0,0.0,0.0,1.0,0.0,0.0,0.0,0.0,0.0,0.0,0.0,0.0,0.0,1.0,0.0,0.0,0.0,1.0,0.0,1.0,0.0,0.0,0
0.2437083170321738,-1.611043214892071,-0.5572516155028905,-1.5544881797318397,0.9568002841636635,-1.6493395390698085,0.06253677066286718,1.5581911621659252,-0.033043682620819415,0.0,0.0,0.0,0.0,1.0,0.0,0.0,0.0,0.0,0.0,1.0,0.0,0.0,0.0,0.0,0.0,0.0,0.0,1.0,0.0,0.0,0.0,0.0,0.0,1.0,0.0,0.0,0.0,0.0,0.0,0.0,0.0,1.0,0.0,0.0,0.0,0.0,0.0,1.0,0.0,1.0,0.0,1
2.337735596110874,-0.2717972807535322,-1.2648727145541798,0.8990444602056752,1.274463061110431,1.5433424955213808,-0.2736824264493221,0.8708549635925131,1.3218360524136865,0.0,0.0,1.0,0.0,0.0,0.0,0.0,0.0,0.0,0.0,1.0,0.0,0.0,0.0,0.0,0.0,0.0,0.0,1.0,0.0,0.0,0.0,0.0,1.0,0.0,0.0,0.0,0.0,0.0,0.0,0.0,0.0,0.0,1.0,0.0,0.0,0.0,1.0,0.0,1.0,0.0,0.0,0
-1.0910194608235548,-0.1397395983674982,0.15036948354839894,0.8990444602056752,-0.6315136005701739,0.9048060886031429,-0.811633141828825,1.5581911621659252,1.0851758366871351,1.0,0.0,0.0,0.0,0.0,0.0,0.0,0.0,0.0,0.0,1.0,0.0,0.0,0.0,0.0,0.0,0.0,0.0,0.0,0.0,1.0,0.0,0.0,0.0,1.0,0.0,0.0,0.0,0.0,1.0,0.0,0.0,0.0,0.0,0.0,0.0,0.0,0.0,1.0,0.0,1.0,0.0,0
0.2291530192129522,-1.6197297433165199,-0.20344106597724576,0.5485397973574588,0.3214747302701286,1.5433424955213808,1.0375724422882162,0.18351876501910097,0.6436566217222882,0.0,0.0,0.0,0.0,1.0,0.0,0.0,0.0,0.0,0.0,0.0,0.0,1.0,0.0,0.0,0.0,0.0,0.0,0.0,0.0,0.0,1.0,0.0,0.0,1.0,0.0,0.0,0.0,0.0,0.0,0.0,1.0,0.0,0.0,0.0,0.0,1.0,0.0,0.0,0.0,0.0,1.0,1
-1.0649540500412331,0.6924902342295645,0.8579905825996883,-0.8534788540354068,-0.9491763775169414,-0.6915349286924517,-1.0806084995185763,1.5581911621659252,-0.2090597180674415,0.0,1.0,0.0,0.0,0.0,0.0,0.0,0.0,0.0,0.0,0.0,0.0,0.0,0.0,0.0,1.0,0.0,0.0,0.0,1.0,0.0,0.0,0.0,0.0,1.0,0.0,0.0,0.0,0.0,0.0,1.0,0.0,0.0,0.0,0.0,0.0,1.0,0.0,0.0,0.0,0.0,1.0,1
0.23554056590841035,-1.6173665173047853,-0.5572516155028905,-0.5029741911871904,0.9568002841636635,-1.6493395390698085,-1.6858030543205171,0.18351876501910097,0.19843959088671415,0.0,0.0,0.0,0.0,1.0,0.0,0.0,0.0,0.0,0.0,0.0,0.0,0.0,0.0,1.0,0.0,0.0,0.0,0.0,0.0,0.0,1.0,0.0,0.0,1.0,0.0,1.0,0.0,0.0,0.0,0.0,0.0,0.0,0.0,0.0,0.0,0.0,0.0,1.0,0.0,1.0,0.0,1
-0.32511282724962604,0.8170936551549324,-1.2648727145541798,0.1980351345092424,0.3214747302701286,-1.3300713356106897,0.9030847634433404,-0.5038174335543112,-1.8442338961030809,0.0,0.0,0.0,0.0,0.0,0.0,1.0,0.0,0.0,0.0,0.0,1.0,0.0,0.0,0.0,0.0,0.0,0.0,1.0,0.0,0.0,0.0,0.0,0.0,1.0,0.0,0.0,0.0,0.0,0.0,0.0,0.0,1.0,0.0,0.0,0.0,0.0,0.0,1.0,0.0,1.0,0.0,1
-1.0837559893661757,0.717222185519603,0.15036948354839894,-1.5544881797318397,0.9568002841636635,-0.3722667252333328,-1.1142304192297954,1.2145230628792192,0.5719189938301775,0.0,1.0,0.0,0.0,0.0,0.0,0.0,0.0,0.0,1.0,0.0,0.0,0.0,0.0,0.0,0.0,0.0,0.0,0.0,0.0,0.0,1.0,0.0,0.0,1.0,0.0,0.0,0.0,0.0,0.0,1.0,0.0,0.0,0.0,0.0,0.0,1.0,0.0,0.0,0.0,0.0,1.0,1
0.23615162508987572,-1.6180081341050092,-1.2648727145541798,-1.2039835168836233,1.274463061110431,1.2240742920622618,1.609145077378938,-1.1911536321277234,-0.9094260439832038,0.0,0.0,0.0,0.0,1.0,0.0,0.0,0.0,0.0,0.0,1.0,0.0,0.0,0.0,0.0,0.0,0.0,0.0,0.0,0.0,0.0,0.0,1.0,1.0,0.0,0.0,0.0,0.0,0.0,0.0,0.0,0.0,0.0,1.0,0.0,0.0,0.0,1.0,0.0,1.0,0.0,0.0,1
-0.32823934012630174,0.8251620176855968,-0.5572516155028905,0.1980351345092424,-0.9491763775169414,-0.3722667252333328,1.2729258802667487,0.8708549635925131,-0.8155015208667291,0.0,0.0,0.0,0.0,0.0,0.0,1.0,0.0,0.0,0.0,0.0,0.0,0.0,0.0,0.0,1.0,0.0,1.0,0.0,0.0,0.0,0.0,0.0,0.0,1.0,0.0,0.0,1.0,0.0,0.0,0.0,0.0,0.0,0.0,0.0,0.0,0.0,0.0,1.0,0.0,1.0,0.0,1
-0.12533779833720576,0.13293847404301257,0.15036948354839894,0.1980351345092424,-0.9491763775169414,-1.3300713356106897,-0.9124989009624818,0.8708549635925131,-0.5751434892694506,0.0,0.0,0.0,1.0,0.0,0.0,0.0,0.0,0.0,0.0,0.0,0.0,1.0,0.0,0.0,0.0,0.0,0.0,1.0,0.0,0.0,0.0,0.0,1.0,0.0,0.0,0.0,0.0,0.0,0.0,0.0,0.0,0.0,1.0,0.0,0.0,0.0,1.0,0.0,1.0,0.0,0.0,1
0.24065477956853562,-1.6326583843767426,-0.20344106597724576,1.2495491230538915,-0.9491763775169414,-1.3300713356106897,-0.6099016235615113,0.18351876501910097,-1.2607185517023032,0.0,0.0,0.0,0.0,1.0,0.0,0.0,0.0,0.0,1.0,0.0,0.0,0.0,0.0,0.0,0.0,0.0,0.0,0.0,0.0,0.0,1.0,0.0,0.0,1.0,0.0,1.0,0.0,0.0,0.0,0.0,0.0,0.0,0.0,0.0,0.0,0.0,0.0,1.0,0.0,1.0,0.0,1
-1.0963644702176867,-0.14999796288098935,1.211801132125333,0.5485397973574588,-0.6315136005701739,-1.0108031321515707,0.06253677066286718,0.5271868643058071,-0.022689798182782762,1.0,0.0,0.0,0.0,0.0,0.0,0.0,0.0,0.0,0.0,0.0,0.0,1.0,0.0,0.0,0.0,1.0,0.0,0.0,0.0,0.0,0.0,0.0,0.0,1.0,0.0,0.0,1.0,0.0,0.0,0.0,0.0,0.0,0.0,0.0,0.0,0.0,0.0,1.0,0.0,1.0,0.0,1
0.13167303397062238,-1.3129718756298927,0.8579905825996883,-0.8534788540354068,-1.5845019314104762,0.9048060886031429,-1.4840715360532035,-1.1911536321277234,0.7952670724221098,0.0,0.0,0.0,0.0,0.0,1.0,0.0,0.0,0.0,0.0,0.0,1.0,0.0,0.0,0.0,0.0,0.0,0.0,1.0,0.0,0.0,0.0,0.0,0.0,1.0,0.0,1.0,0.0,0.0,0.0,0.0,0.0,0.0,0.0,0.0,0.0,0.0,0.0,1.0,0.0,1.0,0.0,1
-0.3363796155674452,0.8057171514223425,-1.6186832640798245,0.5485397973574588,-1.5845019314104762,1.5433424955213808,1.0039505225769971,-0.8474855328410172,-1.6260627597301662,0.0,0.0,0.0,0.0,0.0,0.0,1.0,0.0,0.0,0.0,0.0,0.0,0.0,1.0,0.0,0.0,1.0,0.0,0.0,0.0,0.0,0.0,0.0,1.0,0.0,0.0,0.0,0.0,0.0,0.0,0.0,0.0,0.0,1.0,0.0,0.0,0.0,1.0,0.0,1.0,0.0,0.0,1
-1.0660106548920611,0.6900407088821277,0.5041800330740437,1.2495491230538915,-0.3138508236234064,-0.05299852177421386,-0.2736824264493221,-1.5348217314144295,0.6614061379017792,0.0,1.0,0.0,0.0,0.0,0.0,0.0,0.0,0.0,0.0,0.0,0.0,0.0,1.0,0.0,0.0,0.0,0.0,0.0,0.0,0.0,0.0,1.0,0.0,1.0,0.0,0.0,0.0,0.0,0.0,0.0,0.0,1.0,0.0,0.0,0.0,0.0,0.0,1.0,0.0,1.0,0.0,1
-0.3191908285204774,0.8086297540022932,0.8579905825996883,-0.5029741911871904,0.9568002841636635,1.2240742920622618,1.609145077378938,1.5581911621659252,1.6176613220718754,0.0,0.0,0.0,0.0,0.0,0.0,1.0,0.0,0.0,0.0,0.0,0.0,0.0,1.0,0.0,0.0,0.0,0.0,0.0,0.0,1.0,0.0,0.0,0.0,1.0,0.0,1.0,0.0,0.0,0.0,0.0,0.0,0.0,0.0,0.0,0.0,0.0,0.0,1.0,0.0,1.0,0.0,1
2.342502077531763,-0.26477357793511747,-0.20344106597724576,-1.2039835168836233,-1.5845019314104762,0.9048060886031429,-0.34092626587175995,0.5271868643058071,-1.3006549631061586,0.0,0.0,1.0,0.0,0.0,0.0,0.0,0.0,1.0,0.0,0.0,0.0,0.0,0.0,0.0,0.0,1.0,0.0,0.0,0.0,0.0,0.0,0.0,0.0,1.0,0.0,0.0,0.0,0.0,0.0,0.0,0.0,1.0,0.0,0.0,0.0,0.0,0.0,1.0,0.0,1.0,0.0,1
-1.0742639103401372,0.689414100662028,-1.2648727145541798,1.2495491230538915,0.9568002841636635,-0.3722667252333328,0.46599980719749434,0.18351876501910097,-0.12327038986656697,0.0,1.0,0.0,0.0,0.0,0.0,0.0,0.0,1.0,0.0,0.0,0.0,0.0,0.0,0.0,0.0,0.0,0.0,1.0,0.0,0.0,0.0,0.0,1.0,0.0,0.0,0.0,0.0,0.0,0.0,0.0,0.0,0.0,1.0,0.0,0.0,0.0,1.0,0.0,1.0,0.0,0.0,1
-1.0837175234105083,0.70322324508942,-0.20344106597724576,0.5485397973574588,0.9568002841636635,-1.3300713356106897,1.3737916394004053,-1.5348217314144295,-0.8813226433656757,0.0,1.0,0.0,0.0,0.0,0.0,0.0,0.0,1.0,0.0,0.0,0.0,0.0,0.0,0.0,0.0,0.0,0.0,0.0,0.0,0.0,1.0,0.0,0.0,1.0,0.0,0.0,0.0,1.0,0.0,0.0,0.0,0.0,0.0,0.0,1.0,0.0,0.0,0.0,0.0,0.0,1.0,1
0.12335229824603221,-1.3046827618999293,-1.6186832640798245,-1.2039835168836233,0.639137507216896,-0.3722667252333328,0.7013532451760268,-1.5348217314144295,-1.7540071888573334,0.0,0.0,0.0,0.0,0.0,1.0,0.0,0.0,0.0,0.0,0.0,0.0,0.0,0.0,0.0,1.0,1.0,0.0,0.0,0.0,0.0,0.0,0.0,0.0,1.0,0.0,1.0,0.0,0.0,0.0,0.0,0.0,0.0,0.0,0.0,0.0,0.0,0.0,1.0,0.0,1.0,0.0,1
-1.0975358135191353,-0.12113364919731853,-0.20344106597724576,-0.152469528338974,1.5921258380571985,1.2240742920622618,1.1384382014218728,-0.8474855328410172,0.6651039537725074,1.0,0.0,0.0,0.0,0.0,0.0,0.0,0.0,0.0,1.0,0.0,0.0,0.0,0.0,0.0,0.0,0.0,1.0,0.0,0.0,0.0,0.0,0.0,0.0,1.0,0.0,0.0,0.0,0.0,0.0,0.0,0.0,1.0,0.0,0.0,0.0,0.0,0.0,1.0,0.0,1.0,0.0,1
-0.12720460611712797,0.13628100990771563,1.211801132125333,1.600053785902108,-0.6315136005701739,-0.05299852177421386,0.1970244495077429,-1.1911536321277234,0.3286027095363166,0.0,0.0,0.0,1.0,0.0,0.0,0.0,0.0,0.0,1.0,0.0,0.0,0.0,0.0,0.0,0.0,0.0,0.0,0.0,1.0,0.0,0.0,0.0,0.0,1.0,1.0,0.0,0.0,0.0,0.0,0.0,0.0,0.0,0.0,0.0,0.0,0.0,0.0,1.0,0.0,1.0,0.0,1
-0.1301429655192233,0.1550342307703453,-1.6186832640798245,0.5485397973574588,-0.9491763775169414,0.585537885144024,-0.8452550615400438,0.8708549635925131,-0.6971714130034534,0.0,0.0,0.0,1.0,0.0,0.0,0.0,0.0,0.0,0.0,0.0,0.0,0.0,0.0,0.0,1.0,0.0,0.0,0.0,0.0,0.0,1.0,0.0,0.0,1.0,0.0,1.0,0.0,0.0,0.0,0.0,0.0,0.0,0.0,0.0,0.0,0.0,0.0,1.0,0.0,1.0,0.0,1
2.3419593778486556,-0.26709177820648383,-0.20344106597724576,1.600053785902108,0.639137507216896,1.5433424955213808,0.06253677066286718,0.8708549635925131,0.9505753389926597,0.0,0.0,1.0,0.0,0.0,0.0,0.0,0.0,0.0,0.0,0.0,0.0,0.0,1.0,0.0,0.0,0.0,0.0,0.0,1.0,0.0,0.0,0.0,0.0,1.0,1.0,0.0,0.0,0.0,0.0,0.0,0.0,0.0,0.0,0.0,0.0,0.0,0.0,1.0,0.0,1.0,0.0,0
-0.32929814303173943,0.8134578266203407,0.8579905825996883,0.8990444602056752,-0.9491763775169414,0.9048060886031429,0.49962172690871326,-1.1911536321277234,-0.12696820573729412,0.0,0.0,0.0,0.0,0.0,0.0,1.0,0.0,0.0,0.0,0.0,0.0,1.0,0.0,0.0,0.0,0.0,0.0,1.0,0.0,0.0,0.0,0.0,0.0,1.0,0.0,0.0,1.0,0.0,0.0,0.0,0.0,0.0,0.0,0.0,0.0,0.0,0.0,1.0,0.0,1.0,0.0,1
-0.3290649294376623,0.8189281413961113,-1.2648727145541798,1.600053785902108,0.3214747302701286,-1.3300713356106897,-1.248718098074671,0.18351876501910097,0.3145510092275528,0.0,0.0,0.0,0.0,0.0,0.0,1.0,0.0,0.0,1.0,0.0,0.0,0.0,0.0,0.0,0.0,0.0,0.0,1.0,0.0,0.0,0.0,0.0,0.0,1.0,0.0,0.0,0.0,1.0,0.0,0.0,0.0,0.0,0.0,0.0,1.0,0.0,0.0,0.0,0.0,0.0,1.0,1
-0.33420420092033687,0.8146053576421801,0.15036948354839894,-0.152469528338974,0.003811953323361072,-0.3722667252333328,-0.5090358644278546,0.8708549635925131,0.3707578104626091,0.0,0.0,0.0,0.0,0.0,0.0,1.0,0.0,0.0,0.0,0.0,0.0,0.0,0.0,0.0,1.0,0.0,0.0,1.0,0.0,0.0,0.0,0.0,0.0,1.0,0.0,0.0,0.0,0.0,0.0,0.0,1.0,0.0,0.0,0.0,0.0,1.0,0.0,0.0,0.0,0.0,1.0,1
2.334674365456103,-0.2394803682842605,-0.20344106597724576,-0.152469528338974,-0.6315136005701739,-1.0108031321515707,1.4074135591116244,0.8708549635925131,-0.775565109462873,0.0,0.0,1.0,0.0,0.0,0.0,0.0,0.0,0.0,0.0,0.0,1.0,0.0,0.0,0.0,0.0,0.0,0.0,0.0,0.0,0.0,0.0,1.0,0.0,1.0,0.0,0.0,0.0,0.0,0.0,1.0,0.0,0.0,0.0,0.0,0.0,1.0,0.0,0.0,0.0,0.0,1.0,1
-0.11794332282509559,0.15289863489046177,0.5041800330740437,0.8990444602056752,1.274463061110431,-0.3722667252333328,0.6677313254648078,0.8708549635925131,0.37667431585577277,0.0,0.0,0.0,1.0,0.0,0.0,0.0,0.0,0.0,0.0,0.0,1.0,0.0,0.0,0.0,0.0,0.0,0.0,1.0,0.0,0.0,0.0,0.0,0.0,1.0,1.0,0.0,0.0,0.0,0.0,0.0,0.0,0.0,0.0,0.0,0.0,0.0,0.0,1.0,0.0,1.0,0.0,0
-0.32476179792847504,0.8282419033981633,1.211801132125333,0.8990444602056752,0.639137507216896,1.5433424955213808,0.16340252979652398,-0.8474855328410172,1.5607149576626744,0.0,0.0,0.0,0.0,0.0,0.0,1.0,0.0,0.0,0.0,0.0,0.0,1.0,0.0,0.0,0.0,0.0,0.0,0.0,1.0,0.0,0.0,0.0,0.0,1.0,0.0,0.0,0.0,0.0,0.0,1.0,0.0,0.0,0.0,0.0,0.0,1.0,0.0,0.0,0.0,0.0,1.0,0
2.3386172358147794,-0.24575426745407297,-0.5572516155028905,0.5485397973574588,0.003811953323361072,0.9048060886031429,-1.5849372951868603,0.8708549635925131,1.4934147088154357,0.0,0.0,1.0,0.0,0.0,0.0,0.0,0.0,0.0,0.0,0.0,0.0,0.0,1.0,0.0,0.0,0.0,0.0,0.0,0.0,1.0,0.0,0.0,0.0,1.0,0.0,0.0,0.0,0.0,0.0,1.0,0.0,0.0,0.0,0.0,0.0,1.0,0.0,0.0,0.0,0.0,1.0,0
-0.08429704149977073,1.6331880134056689,1.211801132125333,-1.2039835168836233,1.5921258380571985,0.9048060886031429,-1.4168276966307656,-0.5038174335543112,1.951204313611483,0.0,0.0,0.0,0.0,0.0,0.0,0.0,1.0,0.0,0.0,0.0,0.0,0.0,0.0,1.0,0.0,0.0,0.0,0.0,0.0,0.0,0.0,1.0,0.0,1.0,0.0,0.0,0.0,0.0,0.0,0.0,0.0,1.0,0.0,0.0,0.0,0.0,0.0,1.0,0.0,1.0,0.0,0
-0.07467923375006394,1.6217955630566994,0.8579905825996883,1.2495491230538915,-1.5845019314104762,-1.3300713356106897,1.071194361999435,1.2145230628792192,-0.04561625658129257,0.0,0.0,0.0,0.0,0.0,0.0,0.0,1.0,1.0,0.0,0.0,0.0,0.0,0.0,0.0,0.0,0.0,0.0,1.0,0.0,0.0,0.0,0.0,1.0,0.0,0.0,0.0,0.0,0.0,0.0,0.0,0.0,0.0,1.0,0.0,0.0,0.0,1.0,0.0,1.0,0.0,0.0,1
-1.1036402507808794,-0.15286303829055778,1.5656116816509777,0.8990444602056752,-1.2668391544637088,0.9048060886031429,0.8358409240209025,0.18351876501910097,0.895847664105894,1.0,0.0,0.0,0.0,0.0,0.0,0.0,0.0,1.0,0.0,0.0,0.0,0.0,0.0,0.0,0.0,0.0,0.0,1.0,0.0,0.0,0.0,0.0,0.0,1.0,0.0,0.0,0.0,0.0,1.0,0.0,0.0,0.0,0.0,0.0,0.0,0.0,0.0,1.0,0.0,1.0,0.0,1
-0.06290425520650837,1.629987121015871,0.5041800330740437,-0.8534788540354068,0.3214747302701286,-1.6493395390698085,0.49962172690871326,0.18351876501910097,-0.3495767211550817,0.0,0.0,0.0,0.0,0.0,0.0,0.0,1.0,0.0,1.0,0.0,0.0,0.0,0.0,0.0,0.0,0.0,0.0,1.0,0.0,0.0,0.0,0.0,0.0,1.0,0.0,0.0,0.0,1.0,0.0,0.0,0.0,0.0,0.0,0.0,1.0,0.0,0.0,0.0,0.0,0.0,1.0,1
-0.12515931630290736,0.14195487855139433,-0.20344106597724576,-0.8534788540354068,-0.9491763775169414,-0.3722667252333328,1.5419012379565,-1.1911536321277234,-1.5195656626532186,0.0,0.0,0.0,1.0,0.0,0.0,0.0,0.0,0.0,0.0,0.0,0.0,1.0,0.0,0.0,0.0,1.0,0.0,0.0,0.0,0.0,0.0,0.0,0.0,1.0,0.0,0.0,0.0,1.0,0.0,0.0,0.0,0.0,0.0,0.0,1.0,0.0,0.0,0.0,0.0,0.0,1.0,1
-0.32343681060981605,0.816553346270535,1.5656116816509777,0.1980351345092424,-0.9491763775169414,-1.6493395390698085,1.3065477999779675,-1.5348217314144295,-1.071390379121062,0.0,0.0,0.0,0.0,0.0,0.0,1.0,0.0,0.0,0.0,0.0,1.0,0.0,0.0,0.0,0.0,0.0,0.0,1.0,0.0,0.0,0.0,0.0,0.0,1.0,1.0,0.0,0.0,0.0,0.0,0.0,0.0,0.0,0.0,0.0,0.0,0.0,0.0,1.0,0.0,1.0,0.0,1
-0.3192873231178383,0.8373274099108563,0.15036948354839894,-0.152469528338974,0.3214747302701286,-1.3300713356106897,-1.5513153754756415,-0.5038174335543112,-0.2186740393313323,0.0,0.0,0.0,0.0,0.0,0.0,1.0,0.0,0.0,0.0,0.0,0.0,0.0,1.0,0.0,0.0,0.0,0.0,0.0,0.0,0.0,0.0,1.0,0.0,1.0,0.0,0.0,0.0,0.0,1.0,0.0,0.0,0.0,0.0,0.0,0.0,0.0,0.0,1.0,0.0,1.0,0.0,1
0.24290119137953323,-1.6188726908557944,-1.2648727145541798,-0.152469528338974,-1.5845019314104762,-0.05299852177421386,0.23064636921896184,1.2145230628792192,-1.479629251249363,0.0,0.0,0.0,0.0,1.0,0.0,0.0,0.0,0.0,0.0,0.0,0.0,0.0,1.0,0.0,0.0,0.0,0.0,1.0,0.0,0.0,0.0,0.0,0.0,1.0,0.0,0.0,0.0,0.0,0.0,1.0,0.0,0.0,0.0,0.0,0.0,1.0,0.0,0.0,0.0,0.0,1.0,1
2.3285114599417445,-0.25733276166080793,-1.6186832640798245,-0.152469528338974,0.9568002841636635,1.2240742920622618,1.1384382014218728,-1.1911536321277234,-0.489354161068576,0.0,0.0,1.0,0.0,0.0,0.0,0.0,0.0,1.0,0.0,0.0,0.0,0.0,0.0,0.0,0.0,0.0,0.0,0.0,0.0,0.0,1.0,0.0,0.0,1.0,0.0,0.0,0.0,0.0,0.0,0.0,0.0,1.0,0.0,0.0,0.0,0.0,0.0,1.0,0.0,1.0,0.0,1
-0.3290381131714259,0.8342200084680687,1.5656116816509777,0.5485397973574588,0.639137507216896,-1.3300713356106897,0.9703286028657783,1.2145230628792192,0.5149726294209764,0.0,0.0,0.0,0.0,0.0,0.0,1.0,0.0,0.0,0.0,0.0,0.0,0.0,0.0,1.0,0.0,0.0,0.0,1.0,0.0,0.0,0.0,0.0,0.0,1.0,0.0,0.0,0.0,0.0,0.0,0.0,1.0,0.0,0.0,0.0,0.0,1.0,0.0,0.0,0.0,0.0,1.0,1
-0.3119579100221716,0.8250013008067902,1.211801132125333,0.5485397973574588,0.9568002841636635,0.585537885144024,-1.5849372951868603,-1.5348217314144295,1.6450251595152583,0.0,0.0,0.0,0.0,0.0,0.0,1.0,0.0,1.0,0.0,0.0,0.0,0.0,0.0,0.0,0.0,0.0,0.0,1.0,0.0,0.0,0.0,0.0,0.0,1.0,0.0,0.0,0.0,0.0,1.0,0.0,0.0,0.0,0.0,0.0,0.0,0.0,0.0,1.0,0.0,1.0,0.0,0
-0.3208296980373855,0.8028545774427925,-1.6186832640798245,0.8990444602056752,-0.3138508236234064,1.2240742920622618,-0.6771454629839493,0.5271868643058071,-0.3000259884873349,0.0,0.0,0.0,0.0,0.0,0.0,1.0,0.0,0.0,0.0,0.0,1.0,0.0,0.0,0.0,0.0,0.0,0.0,0.0,0.0,0.0,0.0,1.0,0.0,1.0,0.0,0.0,0.0,0.0,0.0,0.0,0.0,0.0,0.0,1.0,0.0,1.0,0.0,0.0,0.0,0.0,1.0,1
-1.0707945009443658,0.7089912300376127,-0.9110621650285352,1.2495491230538915,1.274463061110431,-1.3300713356106897,-0.4754139447166357,-1.1911536321277234,0.15998230583114884,0.0,1.0,0.0,0.0,0.0,0.0,0.0,0.0,0.0,0.0,0.0,1.0,0.0,0.0,0.0,0.0,0.0,0.0,0.0,1.0,0.0,0.0,0.0,0.0,1.0,0.0,0.0,0.0,0.0,0.0,1.0,0.0,0.0,0.0,0.0,0.0,1.0,0.0,0.0,0.0,0.0,1.0,1
-1.0943857814581366,0.7117940823754217,-0.5572516155028905,1.600053785902108,0.9568002841636635,-0.05299852177421386,1.1720601211330919,0.18351876501910097,0.5955850154028322,0.0,1.0,0.0,0.0,0.0,0.0,0.0,0.0,0.0,0.0,0.0,0.0,0.0,1.0,0.0,0.0,0.0,0.0,1.0,0.0,0.0,0.0,0.0,0.0,1.0,0.0,0.0,1.0,0.0,0.0,0.0,0.0,0.0,0.0,0.0,0.0,0.0,0.0,1.0,0.0,1.0,0.0,1
0.1201257738846198,-1.3116564361179386,-0.5572516155028905,0.8990444602056752,1.274463061110431,-0.05299852177421386,-1.6858030543205171,-0.8474855328410172,1.3137008574980864,0.0,0.0,0.0,0.0,0.0,1.0,0.0,0.0,0.0,1.0,0.0,0.0,0.0,0.0,0.0,0.0,0.0,0.0,1.0,0.0,0.0,0.0,0.0,0.0,1.0,0.0,0.0,0.0,0.0,1.0,0.0,0.0,0.0,0.0,0.0,0.0,0.0,0.0,1.0,0.0,1.0,0.0,0
-0.07145117075042481,1.6144185332479077,0.5041800330740437,1.2495491230538915,0.639137507216896,0.26626968168490506,0.5332436466199322,-1.1911536321277234,0.6096367157115969,0.0,0.0,0.0,0.0,0.0,0.0,0.0,1.0,0.0,0.0,0.0,0.0,1.0,0.0,0.0,0.0,0.0,0.0,1.0,0.0,0.0,0.0,0.0,0.0,1.0,0.0,0.0,0.0,0.0,0.0,0.0,0.0,1.0,0.0,0.0,0.0,0.0,0.0,1.0,0.0,1.0,0.0,1
0.2451974990301682,-1.6130084008518168,0.15036948354839894,0.5485397973574588,1.274463061110431,-0.05299852177421386,-0.10557282789322746,-0.8474855328410172,0.6554896325086156,0.0,0.0,0.0,0.0,1.0,0.0,0.0,0.0,0.0,0.0,0.0,0.0,0.0,0.0,0.0,1.0,0.0,0.0,1.0,0.0,0.0,0.0,0.0,0.0,1.0,0.0,0.0,0.0,0.0,0.0,1.0,0.0,0.0,0.0,0.0,0.0,1.0,0.0,0.0,0.0,0.0,1.0,1
-1.102891373575393,-0.12703389725783687,-1.6186832640798245,-0.5029741911871904,-1.5845019314104762,-0.3722667252333328,1.1720601211330919,0.18351876501910097,-2.0986436280091234,1.0,0.0,0.0,0.0,0.0,0.0,0.0,0.0,0.0,0.0,1.0,0.0,0.0,0.0,0.0,0.0,0.0,0.0,0.0,1.0,0.0,0.0,0.0,0.0,1.0,0.0,0.0,0.0,0.0,0.0,1.0,0.0,0.0,0.0,0.0,0.0,1.0,0.0,0.0,0.0,0.0,1.0,2
-1.0793875756350833,0.6975262382180493,-0.5572516155028905,0.8990444602056752,0.003811953323361072,-1.6493395390698085,-0.5762797038502925,0.8708549635925131,-0.4871354715461395,0.0,1.0,0.0,0.0,0.0,0.0,0.0,0.0,1.0,0.0,0.0,0.0,0.0,0.0,0.0,0.0,0.0,0.0,1.0,0.0,0.0,0.0,0.0,0.0,1.0,0.0,0.0,0.0,0.0,0.0,0.0,0.0,0.0,0.0,1.0,0.0,1.0,0.0,0.0,0.0,0.0,1.0,1
2.335314438958414,-0.24049032065498088,-0.20344106597724576,1.600053785902108,0.9568002841636635,0.585537885144024,-1.0469865798073574,1.2145230628792192,1.133987006180736,0.0,0.0,1.0,0.0,0.0,0.0,0.0,0.0,0.0,0.0,0.0,0.0,0.0,0.0,0.0,1.0,0.0,0.0,0.0,0.0,0.0,1.0,0.0,0.0,1.0,0.0,0.0,0.0,0.0,1.0,0.0,0.0,0.0,0.0,0.0,0.0,0.0,0.0,1.0,0.0,1.0,0.0,0
-0.3154136914793637,0.822186879355135,1.5656116816509777,-0.8534788540354068,-1.2668391544637088,-1.0108031321515707,-0.6435235432727303,1.5581911621659252,0.265000276559806,0.0,0.0,0.0,0.0,0.0,0.0,1.0,0.0,0.0,0.0,0.0,0.0,0.0,0.0,0.0,1.0,0.0,1.0,0.0,0.0,0.0,0.0,0.0,0.0,1.0,0.0,0.0,0.0,0.0,0.0,0.0,0.0,1.0,0.0,0.0,0.0,0.0,0.0,1.0,0.0,1.0,0.0,1
-1.066708537230605,0.6957880570326554,-1.6186832640798245,1.2495491230538915,1.274463061110431,-0.3722667252333328,1.1720601211330919,1.2145230628792192,-0.7629925355024004,0.0,1.0,0.0,0.0,0.0,0.0,0.0,0.0,1.0,0.0,0.0,0.0,0.0,0.0,0.0,0.0,0.0,0.0,0.0,0.0,1.0,0.0,0.0,1.0,0.0,0.0,0.0,0.0,0.0,0.0,0.0,0.0,0.0,1.0,0.0,0.0,0.0,1.0,0.0,1.0,0.0,0.0,1
-0.06521924632132449,1.6039156539499309,0.5041800330740437,0.5485397973574588,-0.3138508236234064,-1.3300713356106897,1.1720601211330919,1.2145230628792192,-0.32221288371169887,0.0,0.0,0.0,0.0,0.0,0.0,0.0,1.0,0.0,1.0,0.0,0.0,0.0,0.0,0.0,0.0,0.0,0.0,1.0,0.0,0.0,0.0,0.0,0.0,1.0,0.0,0.0,1.0,0.0,0.0,0.0,0.0,0.0,0.0,0.0,0.0,0.0,0.0,1.0,0.0,1.0,0.0,1
-0.07061634960970388,1.620195585879928,-1.6186832640798245,-0.152469528338974,0.3214747302701286,0.9048060886031429,0.16340252979652398,0.18351876501910097,-0.49305197693930314,0.0,0.0,0.0,0.0,0.0,0.0,0.0,1.0,1.0,0.0,0.0,0.0,0.0,0.0,0.0,0.0,0.0,0.0,1.0,0.0,0.0,0.0,0.0,0.0,1.0,1.0,0.0,0.0,0.0,0.0,0.0,0.0,0.0,0.0,0.0,0.0,0.0,0.0,1.0,0.0,1.0,0.0,1
-0.11326278533944242,0.13615906519422444,-0.5572516155028905,0.5485397973574588,-1.2668391544637088,-0.6915349286924517,-0.9124989009624818,-0.8474855328410172,-0.7311913190141451,0.0,0.0,0.0,1.0,0.0,0.0,0.0,0.0,0.0,0.0,0.0,1.0,0.0,0.0,0.0,0.0,0.0,0.0,1.0,0.0,0.0,0.0,0.0,0.0,1.0,0.0,0.0,0.0,1.0,0.0,0.0,0.0,0.0,0.0,0.0,1.0,0.0,0.0,0.0,0.0,0.0,1.0,1
-0.13289668833411333,0.14958549082849926,0.8579905825996883,0.5485397973574588,-1.5845019314104762,1.2240742920622618,0.9367066831545593,0.18351876501910097,-0.47973983980468415,0.0,0.0,0.0,1.0,0.0,0.0,0.0,0.0,0.0,0.0,0.0,1.0,0.0,0.0,0.0,0.0,0.0,0.0,1.0,0.0,0.0,0.0,0.0,0.0,1.0,0.0,0.0,0.0,0.0,0.0,0.0,0.0,0.0,0.0,1.0,0.0,1.0,0.0,0.0,0.0,0.0,1.0,1
-1.096191483319912,-0.13440342277656844,-1.6186832640798245,0.1980351345092424,0.9568002841636635,-0.6915349286924517,-1.4504496163419847,1.5581911621659252,0.49130660784832075,1.0,0.0,0.0,0.0,0.0,0.0,0.0,0.0,0.0,1.0,0.0,0.0,0.0,0.0,0.0,0.0,0.0,1.0,0.0,0.0,0.0,0.0,0.0,0.0,1.0,0.0,0.0,1.0,0.0,0.0,0.0,0.0,0.0,0.0,0.0,0.0,0.0,0.0,1.0,0.0,1.0,0.0,1
0.24242838983301085,-1.6148191235078047,-1.2648727145541798,-1.5544881797318397,-1.5845019314104762,0.26626968168490506,-0.4081701052941978,-1.1911536321277234,-0.9515811449094957,0.0,0.0,0.0,0.0,1.0,0.0,0.0,0.0,0.0,0.0,0.0,0.0,0.0,0.0,0.0,1.0,0.0,0.0,0.0,0.0,1.0,0.0,0.0,1.0,0.0,0.0,0.0,0.0,0.0,0.0,0.0,0.0,0.0,1.0,0.0,0.0,0.0,1.0,0.0,1.0,0.0,0.0,1
0.24530959981525755,-1.6253363860284025,-0.20344106597724576,1.600053785902108,1.5921258380571985,0.26626968168490506,-1.4840715360532035,-1.1911536321277234,1.6013909322406752,0.0,0.0,0.0,0.0,1.0,0.0,0.0,0.0,0.0,0.0,0.0,1.0,0.0,0.0,0.0,0.0,0.0,0.0,1.0,0.0,0.0,0.0,0.0,0.0,1.0,0.0,0.0,0.0,0.0,0.0,0.0,0.0,1.0,0.0,0.0,0.0,0.0,0.0,1.0,0.0,1.0,0.0,0
2.334873948814653,-0.28311875302567546,-1.2648727145541798,1.600053785902108,0.3214747302701286,-0.6915349286924517,0.8022190043096836,1.5581911621659252,-0.6217359692406149,0.0,0.0,1.0,0.0,0.0,0.0,0.0,0.0,0.0,0.0,0.0,0.0,0.0,1.0,0.0,0.0,0.0,0.0,1.0,0.0,0.0,0.0,0.0,0.0,1.0,0.0,0.0,1.0,0.0,0.0,0.0,0.0,0.0,0.0,0.0,0.0,0.0,0.0,1.0,0.0,1.0,0.0,1
2.335768117429833,-0.25973851198288794,0.15036948354839894,-1.5544881797318397,0.639137507216896,0.9048060886031429,-0.34092626587175995,1.5581911621659252,0.9986469453121147,0.0,0.0,1.0,0.0,0.0,0.0,0.0,0.0,0.0,0.0,0.0,0.0,0.0,0.0,0.0,1.0,0.0,0.0,1.0,0.0,0.0,0.0,0.0,0.0,1.0,0.0,0.0,0.0,0.0,0.0,1.0,0.0,0.0,0.0,0.0,0.0,1.0,0.0,0.0,0.0,0.0,1.0,1
-0.1361350821904172,0.12768140617647689,1.5656116816509777,-0.8534788540354068,1.5921258380571985,0.9048060886031429,-0.6771454629839493,0.18351876501910097,1.9955781040602119,0.0,0.0,0.0,1.0,0.0,0.0,0.0,0.0,1.0,0.0,0.0,0.0,0.0,0.0,0.0,0.0,0.0,1.0,0.0,0.0,0.0,0.0,0.0,0.0,1.0,0.0,0.0,1.0,0.0,0.0,0.0,0.0,0.0,0.0,0.0,0.0,0.0,0.0,1.0,0.0,1.0,0.0,0
0.24011933346564046,-1.5991323431713804,-0.5572516155028905,-0.8534788540354068,-1.5845019314104762,-1.6493395390698085,-1.2150961783634522,-0.1601493342676051,-2.141538292109561,0.0,0.0,0.0,0.0,1.0,0.0,0.0,0.0,0.0,0.0,0.0,0.0,1.0,0.0,0.0,0.0,0.0,0.0,0.0,0.0,0.0,0.0,1.0,0.0,1.0,1.0,0.0,0.0,0.0,0.0,0.0,0.0,0.0,0.0,0.0,0.0,0.0,0.0,1.0,0.0,1.0,0.0,1
0.12240449709837874,-1.3192476508722202,1.5656116816509777,1.2495491230538915,-0.9491763775169414,-1.0108031321515707,0.26426828893018073,-0.1601493342676051,0.026860934484964013,0.0,0.0,0.0,0.0,0.0,1.0,0.0,0.0,0.0,0.0,0.0,0.0,0.0,0.0,1.0,0.0,0.0,0.0,1.0,0.0,0.0,0.0,0.0,0.0,1.0,0.0,1.0,0.0,0.0,0.0,0.0,0.0,0.0,0.0,0.0,0.0,0.0,0.0,1.0,0.0,1.0,0.0,1
-0.06140716021191837,1.6159515971716392,-1.6186832640798245,-0.5029741911871904,0.9568002841636635,0.9048060886031429,-1.5513153754756415,0.5271868643058071,-0.23198617646595132,0.0,0.0,0.0,0.0,0.0,0.0,0.0,1.0,0.0,0.0,0.0,0.0,1.0,0.0,0.0,0.0,1.0,0.0,0.0,0.0,0.0,0.0,0.0,0.0,1.0,0.0,0.0,0.0,0.0,0.0,0.0,0.0,0.0,0.0,1.0,0.0,1.0,0.0,0.0,0.0,0.0,1.0,1
-1.0944279841066407,-0.13836506257131123,0.15036948354839894,-0.5029741911871904,1.5921258380571985,0.585537885144024,1.2056820408443107,0.8708549635925131,0.9261697542458581,1.0,0.0,0.0,0.0,0.0,0.0,0.0,0.0,0.0,0.0,0.0,0.0,0.0,0.0,0.0,1.0,0.0,0.0,0.0,0.0,1.0,0.0,0.0,0.0,1.0,0.0,1.0,0.0,0.0,0.0,0.0,0.0,0.0,0.0,0.0,0.0,0.0,0.0,1.0,0.0,1.0,0.0,1
0.12074892236643783,-1.3090086724413867,0.5041800330740437,0.1980351345092424,-0.9491763775169414,-1.3300713356106897,0.1970244495077429,-1.5348217314144295,-0.6394854854201064,0.0,0.0,0.0,0.0,0.0,1.0,0.0,0.0,0.0,0.0,0.0,0.0,0.0,0.0,1.0,0.0,0.0,0.0,0.0,0.0,1.0,0.0,0.0,0.0,1.0,0.0,0.0,0.0,0.0,0.0,0.0,0.0,0.0,0.0,1.0,0.0,1.0,0.0,0.0,0.0,0.0,1.0,1
-1.0890401126476221,-0.11476594640174395,0.8579905825996883,1.600053785902108,-0.6315136005701739,-0.6915349286924517,0.2978902086413997,0.18351876501910097,0.5386386509936311,1.0,0.0,0.0,0.0,0.0,0.0,0.0,0.0,1.0,0.0,0.0,0.0,0.0,0.0,0.0,0.0,0.0,0.0,1.0,0.0,0.0,0.0,0.0,0.0,1.0,0.0,0.0,0.0,0.0,0.0,0.0,0.0,0.0,0.0,1.0,0.0,1.0,0.0,0.0,0.0,0.0,1.0,1
-0.0469356082733222,1.6045303803774327,-1.6186832640798245,-1.2039835168836233,0.003811953323361072,-1.6493395390698085,0.634109405753589,-1.1911536321277234,-2.9957337582475816,0.0,0.0,0.0,0.0,0.0,0.0,0.0,1.0,0.0,1.0,0.0,0.0,0.0,0.0,0.0,0.0,0.0,0.0,1.0,0.0,0.0,0.0,0.0,0.0,1.0,0.0,0.0,0.0,1.0,0.0,0.0,0.0,0.0,0.0,0.0,1.0,0.0,0.0,0.0,0.0,0.0,1.0,2
0.12021677334545652,-1.3062627276365393,-1.6186832640798245,-0.5029741911871904,-0.6315136005701739,-0.3722667252333328,-1.0133646600961386,-0.5038174335543112,-0.9353107550782954,0.0,0.0,0.0,0.0,0.0,1.0,0.0,0.0,0.0,0.0,0.0,1.0,0.0,0.0,0.0,0.0,0.0,0.0,1.0,0.0,0.0,0.0,0.0,0.0,1.0,0.0,0.0,0.0,0.0,0.0,0.0,1.0,0.0,0.0,0.0,0.0,1.0,0.0,0.0,0.0,0.0,1.0,1
-1.1245099000770604,-0.12177432796128271,-0.5572516155028905,-1.5544881797318397,-0.9491763775169414,-0.3722667252333328,-1.3495838572083279,-1.5348217314144295,-1.4848061934683814,1.0,0.0,0.0,0.0,0.0,0.0,0.0,0.0,0.0,0.0,0.0,0.0,1.0,0.0,0.0,0.0,0.0,0.0,0.0,0.0,0.0,1.0,0.0,0.0,1.0,1.0,0.0,0.0,0.0,0.0,0.0,0.0,0.0,0.0,0.0,0.0,0.0,0.0,1.0,0.0,1.0,0.0,1
-0.13094987136640268,0.13035762361950518,-0.5572516155028905,-0.152469528338974,0.639137507216896,-0.6915349286924517,-0.1728166673156653,0.18351876501910097,-0.9175612388988039,0.0,0.0,0.0,1.0,0.0,0.0,0.0,0.0,0.0,1.0,0.0,0.0,0.0,0.0,0.0,0.0,1.0,0.0,0.0,0.0,0.0,0.0,0.0,0.0,1.0,0.0,0.0,0.0,0.0,0.0,0.0,0.0,1.0,0.0,0.0,0.0,0.0,0.0,1.0,0.0,1.0,0.0,1
2.3376857002712366,-0.2543838883455602,-1.2648727145541798,-0.8534788540354068,-0.9491763775169414,-0.6915349286924517,-0.9461208206737006,1.2145230628792192,-1.3568617643412144,0.0,0.0,1.0,0.0,0.0,0.0,0.0,0.0,0.0,0.0,0.0,0.0,0.0,0.0,0.0,1.0,0.0,0.0,1.0,0.0,0.0,0.0,0.0,0.0,1.0,0.0,1.0,0.0,0.0,0.0,0.0,0.0,0.0,0.0,0.0,0.0,0.0,0.0,1.0,0.0,1.0,0.0,1
2.3453815290703215,-0.24409019113303182,-1.6186832640798245,1.600053785902108,1.274463061110431,-0.6915349286924517,0.5332436466199322,-0.1601493342676051,0.4055172796474462,0.0,0.0,1.0,0.0,0.0,0.0,0.0,0.0,1.0,0.0,0.0,0.0,0.0,0.0,0.0,0.0,0.0,0.0,1.0,0.0,0.0,0.0,0.0,0.0,1.0,0.0,1.0,0.0,0.0,0.0,0.0,0.0,0.0,0.0,0.0,0.0,0.0,0.0,1.0,0.0,1.0,0.0,1
-1.069006603324928,0.7157735448590635,1.211801132125333,1.600053785902108,0.639137507216896,-0.6915349286924517,1.3737916394004053,-1.1911536321277234,0.7841736248099284,0.0,1.0,0.0,0.0,0.0,0.0,0.0,0.0,0.0,0.0,0.0,0.0,1.0,0.0,0.0,0.0,0.0,0.0,1.0,0.0,0.0,0.0,0.0,0.0,1.0,0.0,0.0,0.0,0.0,1.0,0.0,0.0,0.0,0.0,0.0,0.0,0.0,0.0,1.0,0.0,1.0,0.0,1
2.338958154084726,-0.2454678537167452,0.8579905825996883,1.2495491230538915,0.639137507216896,-1.0108031321515707,-0.37454818558297887,0.18351876501910097,0.7028216756539258,0.0,0.0,1.0,0.0,0.0,0.0,0.0,0.0,0.0,1.0,0.0,0.0,0.0,0.0,0.0,0.0,0.0,0.0,0.0,0.0,0.0,1.0,0.0,0.0,1.0,0.0,0.0,1.0,0.0,0.0,0.0,0.0,0.0,0.0,0.0,0.0,0.0,0.0,1.0,0.0,1.0,0.0,0
0.23953069444119326,-1.61210475925696,-0.20344106597724576,1.600053785902108,0.3214747302701286,1.5433424955213808,0.7349751648872458,-1.5348217314144295,0.5970641417511238,0.0,0.0,0.0,0.0,1.0,0.0,0.0,0.0,0.0,0.0,1.0,0.0,0.0,0.0,0.0,0.0,0.0,0.0,0.0,0.0,1.0,0.0,0.0,0.0,1.0,0.0,0.0,0.0,0.0,0.0,0.0,0.0,0.0,0.0,1.0,0.0,1.0,0.0,0.0,0.0,0.0,1.0,1
0.23927703893924707,-1.6100814150492453,0.5041800330740437,-0.5029741911871904,-0.3138508236234064,0.26626968168490506,-0.1391947476044464,1.5581911621659252,0.25982333434078825,0.0,0.0,0.0,0.0,1.0,0.0,0.0,0.0,1.0,0.0,0.0,0.0,0.0,0.0,0.0,0.0,0.0,0.0,1.0,0.0,0.0,0.0,0.0,0.0,1.0,0.0,1.0,0.0,0.0,0.0,0.0,0.0,0.0,0.0,0.0,0.0,0.0,0.0,1.0,0.0,1.0,0.0,1
-0.13482152475572814,0.13465039021319672,-1.2648727145541798,-0.152469528338974,0.639137507216896,0.9048060886031429,-0.24006050673810317,-0.5038174335543112,-0.3399623998911898,0.0,0.0,0.0,1.0,0.0,0.0,0.0,0.0,0.0,0.0,0.0,0.0,1.0,0.0,0.0,0.0,0.0,0.0,1.0,0.0,0.0,0.0,0.0,1.0,0.0,0.0,0.0,0.0,0.0,0.0,0.0,0.0,0.0,1.0,0.0,0.0,0.0,1.0,0.0,1.0,0.0,0.0,1
0.11375581162603768,-1.31546580136019,0.8579905825996883,0.8990444602056752,0.3214747302701286,0.26626968168490506,-0.1728166673156653,0.8708549635925131,1.3321899368517232,0.0,0.0,0.0,0.0,0.0,1.0,0.0,0.0,0.0,0.0,0.0,0.0,0.0,1.0,0.0,0.0,0.0,0.0,1.0,0.0,0.0,0.0,0.0,0.0,1.0,0.0,0.0,0.0,1.0,0.0,0.0,0.0,0.0,0.0,0.0,1.0,0.0,0.0,0.0,0.0,0.0,1.0,0
-0.32883017720535845,0.8086679008101051,-0.5572516155028905,-0.152469528338974,1.5921258380571985,-1.3300713356106897,-0.24006050673810317,-1.1911536321277234,-0.06706358863151068,0.0,0.0,0.0,0.0,0.0,0.0,1.0,0.0,0.0,0.0,1.0,0.0,0.0,0.0,0.0,0.0,0.0,0.0,0.0,0.0,0.0,0.0,1.0,0.0,1.0,0.0,0.0,0.0,0.0,0.0,0.0,0.0,1.0,0.0,0.0,0.0,0.0,0.0,1.0,0.0,1.0,0.0,1
-0.13609683604021092,0.1326839535384394,-0.5572516155028905,-1.2039835168836233,-1.2668391544637088,-1.3300713356106897,-0.20643858702688425,-1.5348217314144295,-2.086810617222796,0.0,0.0,0.0,1.0,0.0,0.0,0.0,0.0,0.0,0.0,0.0,0.0,0.0,0.0,1.0,0.0,0.0,0.0,1.0,0.0,0.0,0.0,0.0,0.0,1.0,0.0,0.0,0.0,0.0,0.0,0.0,0.0,0.0,0.0,1.0,0.0,1.0,0.0,0.0,0.0,0.0,1.0,1
0.11472427448702141,-1.314451784165688,-0.20344106597724576,-0.152469528338974,-0.6315136005701739,1.2240742920622618,-1.181474258652233,1.2145230628792192,0.5556486039989772,0.0,0.0,0.0,0.0,0.0,1.0,0.0,0.0,0.0,0.0,0.0,0.0,0.0,0.0,1.0,0.0,0.0,1.0,0.0,0.0,0.0,0.0,0.0,1.0,0.0,0.0,0.0,0.0,0.0,0.0,0.0,0.0,0.0,1.0,0.0,0.0,0.0,1.0,0.0,1.0,0.0,0.0,0
-1.0757946355702535,0.7022389323764058,0.5041800330740437,0.5485397973574588,1.274463061110431,1.5433424955213808,-1.719424974031736,0.8708549635925131,1.8188225054394438,0.0,1.0,0.0,0.0,0.0,0.0,0.0,0.0,0.0,1.0,0.0,0.0,0.0,0.0,0.0,0.0,0.0,0.0,0.0,0.0,1.0,0.0,0.0,0.0,1.0,0.0,0.0,0.0,0.0,0.0,0.0,1.0,0.0,0.0,0.0,0.0,1.0,0.0,0.0,0.0,0.0,1.0,0
-1.1035101259479916,-0.149724681651262,-0.5572516155028905,0.8990444602056752,-0.6315136005701739,0.9048060886031429,0.7685970845984647,1.2145230628792192,-0.07593834672125668,1.0,0.0,0.0,0.0,0.0,0.0,0.0,0.0,1.0,0.0,0.0,0.0,0.0,0.0,0.0,0.0,0.0,0.0,1.0,0.0,0.0,0.0,0.0,0.0,1.0,0.0,0.0,1.0,0.0,0.0,0.0,0.0,0.0,0.0,0.0,0.0,0.0,0.0,1.0,0.0,1.0,0.0,1
-0.12425943274574294,0.13686040363618024,-0.5572516155028905,0.5485397973574588,0.3214747302701286,-0.6915349286924517,0.12978061008530503,0.8708549635925131,0.21470998071791447,0.0,0.0,0.0,1.0,0.0,0.0,0.0,0.0,0.0,1.0,0.0,0.0,0.0,0.0,0.0,0.0,0.0,0.0,1.0,0.0,0.0,0.0,0.0,1.0,0.0,0.0,0.0,0.0,0.0,0.0,0.0,0.0,0.0,1.0,0.0,0.0,0.0,1.0,0.0,1.0,0.0,0.0,1
-0.32168979680611687,0.7839131239711307,-1.6186832640798245,0.8990444602056752,1.5921258380571985,-0.05299852177421386,-0.30730434616054103,-0.5038174335543112,-0.3991274538228274,0.0,0.0,0.0,0.0,0.0,0.0,1.0,0.0,0.0,0.0,0.0,0.0,0.0,0.0,1.0,0.0,0.0,0.0,0.0,0.0,0.0,1.0,0.0,0.0,1.0,1.0,0.0,0.0,0.0,0.0,0.0,0.0,0.0,0.0,0.0,0.0,0.0,0.0,1.0,0.0,1.0,0.0,1
2.3311722050466486,-0.2561323879297886,0.15036948354839894,1.600053785902108,-1.5845019314104762,1.2240742920622618,1.609145077378938,-1.5348217314144295,-0.25787088756104243,0.0,0.0,1.0,0.0,0.0,0.0,0.0,0.0,0.0,0.0,0.0,0.0,0.0,0.0,1.0,0.0,1.0,0.0,0.0,0.0,0.0,0.0,0.0,0.0,1.0,0.0,0.0,0.0,0.0,0.0,0.0,1.0,0.0,0.0,0.0,0.0,1.0,0.0,0.0,0.0,0.0,1.0,1
0.12151692264702738,-1.2888186927108152,0.5041800330740437,-0.5029741911871904,0.3214747302701286,-1.3300713356106897,0.5332436466199322,0.5271868643058071,-0.3584514792448266,0.0,0.0,0.0,0.0,0.0,1.0,0.0,0.0,0.0,0.0,0.0,0.0,0.0,1.0,0.0,0.0,0.0,0.0,1.0,0.0,0.0,0.0,0.0,0.0,1.0,0.0,0.0,1.0,0.0,0.0,0.0,0.0,0.0,0.0,0.0,0.0,0.0,0.0,1.0,0.0,1.0,0.0,1
0.2446416110194039,-1.6002498570329755,-1.2648727145541798,-0.8534788540354068,-1.2668391544637088,1.5433424955213808,0.60048748604237,-0.8474855328410172,-0.9796845455270239,0.0,0.0,0.0,0.0,1.0,0.0,0.0,0.0,0.0,0.0,0.0,0.0,0.0,0.0,1.0,0.0,0.0,0.0,1.0,0.0,0.0,0.0,0.0,0.0,1.0,0.0,0.0,0.0,0.0,1.0,0.0,0.0,0.0,0.0,0.0,0.0,0.0,0.0,1.0,0.0,1.0,0.0,1
-0.3243468052181848,0.811345681646901,-1.2648727145541798,0.5485397973574588,-0.3138508236234064,-0.6915349286924517,-0.778011222117606,-0.1601493342676051,-0.9441855131680409,0.0,0.0,0.0,0.0,0.0,0.0,1.0,0.0,1.0,0.0,0.0,0.0,0.0,0.0,0.0,0.0,0.0,0.0,1.0,0.0,0.0,0.0,0.0,0.0,1.0,0.0,0.0,0.0,0.0,0.0,1.0,0.0,0.0,0.0,0.0,0.0,1.0,0.0,0.0,0.0,0.0,1.0,1
0.1258864354054245,-1.296947402240724,-0.9110621650285352,0.1980351345092424,0.3214747302701286,0.26626968168490506,-1.0806084995185763,-1.1911536321277234,0.003934476086454202,0.0,0.0,0.0,0.0,0.0,1.0,0.0,0.0,0.0,0.0,0.0,1.0,0.0,0.0,0.0,0.0,0.0,0.0,1.0,0.0,0.0,0.0,0.0,0.0,1.0,0.0,0.0,0.0,0.0,0.0,0.0,0.0,1.0,0.0,0.0,0.0,0.0,0.0,1.0,0.0,1.0,0.0,1
-0.12193103349780783,0.1310498943776423,-0.5572516155028905,-0.8534788540354068,-0.6315136005701739,-0.3722667252333328,0.09615869037408611,0.8708549635925131,-1.1749292235014286,0.0,0.0,0.0,1.0,0.0,0.0,0.0,0.0,0.0,0.0,0.0,0.0,0.0,1.0,0.0,0.0,0.0,0.0,0.0,0.0,0.0,0.0,1.0,0.0,1.0,0.0,0.0,0.0,0.0,1.0,0.0,0.0,0.0,0.0,0.0,0.0,0.0,0.0,1.0,0.0,1.0,0.0,1
-1.0752534745253728,0.7078837218961002,1.211801132125333,0.8990444602056752,-0.3138508236234064,-0.6915349286924517,-1.7530468937429549,-0.8474855328410172,1.5296533043485645,0.0,1.0,0.0,0.0,0.0,0.0,0.0,0.0,1.0,0.0,0.0,0.0,0.0,0.0,0.0,0.0,0.0,0.0,0.0,1.0,0.0,0.0,0.0,0.0,1.0,0.0,0.0,0.0,0.0,0.0,1.0,0.0,0.0,0.0,0.0,0.0,1.0,0.0,0.0,0.0,0.0,1.0,0
-1.093368741590281,-0.15120771697458354,1.5656116816509777,0.8990444602056752,0.639137507216896,0.585537885144024,0.7013532451760268,-1.5348217314144295,0.8514738736571661,1.0,0.0,0.0,0.0,0.0,0.0,0.0,0.0,0.0,1.0,0.0,0.0,0.0,0.0,0.0,0.0,0.0,0.0,0.0,0.0,0.0,1.0,0.0,0.0,1.0,0.0,0.0,0.0,1.0,0.0,0.0,0.0,0.0,0.0,0.0,1.0,0.0,0.0,0.0,0.0,0.0,1.0,0
0.25348284607554433,-1.6086837410253707,-0.20344106597724576,0.5485397973574588,1.274463061110431,-1.0108031321515707,0.02891485095164826,-0.5038174335543112,-0.12770776891143998,0.0,0.0,0.0,0.0,1.0,0.0,0.0,0.0,0.0,1.0,0.0,0.0,0.0,0.0,0.0,0.0,0.0,1.0,0.0,0.0,0.0,0.0,0.0,0.0,1.0,0.0,0.0,0.0,0.0,1.0,0.0,0.0,0.0,0.0,0.0,0.0,0.0,0.0,1.0,0.0,1.0,0.0,1
0.25415874786799203,-1.603426360480079,-0.9110621650285352,1.600053785902108,-1.2668391544637088,0.26626968168490506,1.2393039605555296,-1.5348217314144295,-0.5662687311797046,0.0,0.0,0.0,0.0,1.0,0.0,0.0,0.0,0.0,0.0,0.0,0.0,0.0,1.0,0.0,0.0,0.0,0.0,1.0,0.0,0.0,0.0,0.0,0.0,1.0,0.0,0.0,0.0,0.0,0.0,0.0,1.0,0.0,0.0,0.0,0.0,1.0,0.0,0.0,0.0,0.0,1.0,1
-1.0714433666651155,0.702088221217682,-0.5572516155028905,0.8990444602056752,0.3214747302701286,0.9048060886031429,-1.248718098074671,0.18351876501910097,0.8965872272800399,0.0,1.0,0.0,0.0,0.0,0.0,0.0,0.0,0.0,0.0,0.0,0.0,0.0,0.0,0.0,1.0,0.0,0.0,0.0,0.0,0.0,0.0,1.0,0.0,1.0,0.0,0.0,0.0,0.0,0.0,1.0,0.0,0.0,0.0,0.0,0.0,1.0,0.0,0.0,0.0,0.0,1.0,0
0.11848712417317295,-1.302984290916106,0.8579905825996883,-0.8534788540354068,-0.3138508236234064,-0.6915349286924517,0.39875596777505645,-1.5348217314144295,-0.9604559029992412,0.0,0.0,0.0,0.0,0.0,1.0,0.0,0.0,0.0,0.0,0.0,0.0,0.0,1.0,0.0,0.0,0.0,0.0,1.0,0.0,0.0,0.0,0.0,1.0,0.0,0.0,0.0,0.0,0.0,0.0,0.0,0.0,0.0,1.0,0.0,0.0,0.0,1.0,0.0,1.0,0.0,0.0,1
0.24124319878752243,-1.6078016742644383,0.15036948354839894,0.5485397973574588,-0.6315136005701739,0.26626968168490506,-1.6185592148980792,-1.5348217314144295,0.5105352503761034,0.0,0.0,0.0,0.0,1.0,0.0,0.0,0.0,0.0,0.0,0.0,0.0,0.0,1.0,0.0,0.0,0.0,0.0,0.0,0.0,0.0,1.0,0.0,0.0,1.0,0.0,0.0,0.0,0.0,0.0,1.0,0.0,0.0,0.0,0.0,0.0,1.0,0.0,0.0,0.0,0.0,1.0,1
-0.3310713136852931,0.808777963731003,0.8579905825996883,0.8990444602056752,0.639137507216896,-1.3300713356106897,-1.4168276966307656,1.2145230628792192,1.619880011594312,0.0,0.0,0.0,0.0,0.0,0.0,1.0,0.0,0.0,1.0,0.0,0.0,0.0,0.0,0.0,0.0,0.0,0.0,1.0,0.0,0.0,0.0,0.0,0.0,1.0,0.0,0.0,1.0,0.0,0.0,0.0,0.0,0.0,0.0,0.0,0.0,0.0,0.0,1.0,0.0,1.0,0.0,0
-1.0793592207306197,0.6964768883245099,-0.9110621650285352,-1.5544881797318397,1.274463061110431,-1.3300713356106897,-1.0133646600961386,-0.1601493342676051,-0.9804241087011691,0.0,1.0,0.0,0.0,0.0,0.0,0.0,0.0,0.0,0.0,0.0,0.0,1.0,0.0,0.0,0.0,0.0,1.0,0.0,0.0,0.0,0.0,0.0,0.0,1.0,0.0,0.0,0.0,0.0,0.0,0.0,0.0,1.0,0.0,0.0,0.0,0.0,0.0,1.0,0.0,1.0,0.0,1
-0.32008213966466503,0.8024731093646867,-1.6186832640798245,-0.152469528338974,-0.9491763775169414,0.585537885144024,-0.24006050673810317,-0.8474855328410172,-0.8524796795740027,0.0,0.0,0.0,0.0,0.0,0.0,1.0,0.0,0.0,0.0,0.0,0.0,0.0,0.0,0.0,1.0,0.0,0.0,0.0,0.0,1.0,0.0,0.0,1.0,0.0,0.0,0.0,0.0,0.0,0.0,0.0,0.0,0.0,1.0,0.0,0.0,0.0,1.0,0.0,1.0,0.0,0.0,1
-1.094597893727962,-0.1185202801835486,-1.6186832640798245,1.2495491230538915,1.5921258380571985,1.5433424955213808,1.3065477999779675,-1.1911536321277234,0.5556486039989772,1.0,0.0,0.0,0.0,0.0,0.0,0.0,0.0,0.0,0.0,1.0,0.0,0.0,0.0,0.0,0.0,0.0,0.0,1.0,0.0,0.0,0.0,0.0,0.0,1.0,0.0,0.0,0.0,1.0,0.0,0.0,0.0,0.0,0.0,0.0,1.0,0.0,0.0,0.0,0.0,0.0,1.0,1
-0.06571270958117713,1.6274284707837958,0.5041800330740437,-0.5029741911871904,-0.6315136005701739,-0.05299852177421386,-0.7443893024063871,-0.5038174335543112,0.2043560962798778,0.0,0.0,0.0,0.0,0.0,0.0,0.0,1.0,0.0,0.0,0.0,1.0,0.0,0.0,0.0,0.0,0.0,0.0,1.0,0.0,0.0,0.0,0.0,1.0,0.0,0.0,0.0,0.0,0.0,0.0,0.0,0.0,0.0,1.0,0.0,0.0,0.0,1.0,0.0,1.0,0.0,0.0,1
-0.057337462102269386,1.6159206419751353,-0.5572516155028905,-1.2039835168836233,-0.6315136005701739,-1.3300713356106897,1.104816281710654,-0.8474855328410172,-2.129705281323233,0.0,0.0,0.0,0.0,0.0,0.0,0.0,1.0,0.0,1.0,0.0,0.0,0.0,0.0,0.0,0.0,0.0,0.0,1.0,0.0,0.0,0.0,0.0,1.0,0.0,0.0,0.0,0.0,0.0,0.0,0.0,0.0,0.0,1.0,0.0,0.0,0.0,1.0,0.0,1.0,0.0,0.0,1
-0.13429091437297436,0.1368719727500263,0.15036948354839894,1.2495491230538915,1.5921258380571985,-0.6915349286924517,0.9030847634433404,-0.5038174335543112,0.7908296933772369,0.0,0.0,0.0,1.0,0.0,0.0,0.0,0.0,0.0,1.0,0.0,0.0,0.0,0.0,0.0,0.0,0.0,0.0,0.0,0.0,1.0,0.0,0.0,0.0,1.0,1.0,0.0,0.0,0.0,0.0,0.0,0.0,0.0,0.0,0.0,0.0,0.0,0.0,1.0,0.0,1.0,0.0,1
-0.12189300715306194,0.13976831603485024,-0.5572516155028905,-1.2039835168836233,0.003811953323361072,-0.05299852177421386,-1.0133646600961386,-1.5348217314144295,-0.3495767211550817,0.0,0.0,0.0,1.0,0.0,0.0,0.0,0.0,1.0,0.0,0.0,0.0,0.0,0.0,0.0,0.0,0.0,0.0,1.0,0.0,0.0,0.0,0.0,0.0,1.0,0.0,1.0,0.0,0.0,0.0,0.0,0.0,0.0,0.0,0.0,0.0,0.0,0.0,1.0,0.0,1.0,0.0,1
-1.1209305879508094,-0.10857052959882203,-0.5572516155028905,-1.2039835168836233,1.5921258380571985,-0.3722667252333328,1.0375724422882162,1.5581911621659252,0.4136524745630464,1.0,0.0,0.0,0.0,0.0,0.0,0.0,0.0,0.0,0.0,1.0,0.0,0.0,0.0,0.0,0.0,0.0,0.0,1.0,0.0,0.0,0.0,0.0,1.0,0.0,0.0,0.0,0.0,0.0,0.0,0.0,0.0,0.0,1.0,0.0,0.0,0.0,1.0,0.0,1.0,0.0,0.0,1
-1.0983836031820529,-0.1368707708128998,-0.20344106597724576,1.600053785902108,0.639137507216896,-1.3300713356106897,1.3065477999779675,1.2145230628792192,-0.15285291683238522,1.0,0.0,0.0,0.0,0.0,0.0,0.0,0.0,0.0,0.0,0.0,0.0,0.0,1.0,0.0,0.0,0.0,0.0,1.0,0.0,0.0,0.0,0.0,0.0,1.0,0.0,0.0,0.0,0.0,0.0,0.0,1.0,0.0,0.0,0.0,0.0,1.0,0.0,0.0,0.0,0.0,1.0,1
-0.12477795382814408,0.11078987460649987,0.5041800330740437,-0.8534788540354068,0.003811953323361072,-1.0108031321515707,0.9703286028657783,0.18351876501910097,-0.6306107273303609,0.0,0.0,0.0,1.0,0.0,0.0,0.0,0.0,0.0,1.0,0.0,0.0,0.0,0.0,0.0,0.0,0.0,0.0,1.0,0.0,0.0,0.0,0.0,0.0,1.0,0.0,0.0,0.0,0.0,0.0,1.0,0.0,0.0,0.0,0.0,0.0,1.0,0.0,0.0,0.0,0.0,1.0,1
0.25652671209889977,-1.618618483029973,1.211801132125333,-0.5029741911871904,0.9568002841636635,1.2240742920622618,1.2729258802667487,-1.5348217314144295,0.3944238320352637,0.0,0.0,0.0,0.0,1.0,0.0,0.0,0.0,0.0,0.0,0.0,0.0,0.0,1.0,0.0,0.0,0.0,0.0,0.0,0.0,0.0,0.0,1.0,1.0,0.0,0.0,0.0,0.0,0.0,0.0,0.0,0.0,0.0,1.0,0.0,0.0,0.0,1.0,0.0,1.0,0.0,0.0,1
-0.13214077735387644,0.1372865847758981,-0.5572516155028905,0.5485397973574588,-0.6315136005701739,1.2240742920622618,-1.4168276966307656,-1.5348217314144295,0.11856676807900327,0.0,0.0,0.0,1.0,0.0,0.0,0.0,0.0,0.0,0.0,0.0,0.0,0.0,0.0,1.0,0.0,0.0,0.0,1.0,0.0,0.0,0.0,0.0,0.0,1.0,0.0,1.0,0.0,0.0,0.0,0.0,0.0,0.0,0.0,0.0,0.0,0.0,0.0,1.0,0.0,1.0,0.0,1
-1.0905846856217785,-0.118208539467262,0.5041800330740437,-0.5029741911871904,1.5921258380571985,-1.6493395390698085,-0.7443893024063871,1.5581911621659252,0.13335803156191187,1.0,0.0,0.0,0.0,0.0,0.0,0.0,0.0,0.0,0.0,0.0,0.0,1.0,0.0,0.0,0.0,0.0,0.0,1.0,0.0,0.0,0.0,0.0,0.0,1.0,0.0,1.0,0.0,0.0,0.0,0.0,0.0,0.0,0.0,0.0,0.0,0.0,0.0,1.0,0.0,1.0,0.0,0
0.11132476322783477,-1.3124140567353526,1.211801132125333,0.5485397973574588,1.5921258380571985,-0.3722667252333328,1.474657398534062,-1.5348217314144295,0.15480536361213104,0.0,0.0,0.0,0.0,0.0,1.0,0.0,0.0,0.0,0.0,0.0,1.0,0.0,0.0,0.0,0.0,0.0,0.0,1.0,0.0,0.0,0.0,0.0,0.0,1.0,0.0,1.0,0.0,0.0,0.0,0.0,0.0,0.0,0.0,0.0,0.0,0.0,0.0,1.0,0.0,1.0,0.0,1
-1.1001785345762412,-0.1470084413279068,-0.5572516155028905,-0.5029741911871904,1.274463061110431,0.26626968168490506,0.46599980719749434,0.18351876501910097,0.23245949689740542,1.0,0.0,0.0,0.0,0.0,0.0,0.0,0.0,0.0,0.0,0.0,1.0,0.0,0.0,0.0,0.0,0.0,0.0,0.0,0.0,0.0,1.0,0.0,0.0,1.0,0.0,0.0,1.0,0.0,0.0,0.0,0.0,0.0,0.0,0.0,0.0,0.0,0.0,1.0,0.0,1.0,0.0,1
-0.13307824764486517,0.1444831989444735,-1.2648727145541798,-0.5029741911871904,-1.5845019314104762,1.5433424955213808,-1.1478523389410142,-0.5038174335543112,-0.5034058613773398,0.0,0.0,0.0,1.0,0.0,0.0,0.0,0.0,0.0,0.0,1.0,0.0,0.0,0.0,0.0,0.0,0.0,0.0,1.0,0.0,0.0,0.0,0.0,0.0,1.0,0.0,0.0,0.0,0.0,0.0,1.0,0.0,0.0,0.0,0.0,0.0,1.0,0.0,0.0,0.0,0.0,1.0,1
-1.1002438167981459,-0.1439219893615357,1.211801132125333,-1.2039835168836233,0.3214747302701286,0.585537885144024,-0.44179202500541676,-0.8474855328410172,0.5016604922863575,1.0,0.0,0.0,0.0,0.0,0.0,0.0,0.0,1.0,0.0,0.0,0.0,0.0,0.0,0.0,0.0,0.0,0.0,1.0,0.0,0.0,0.0,0.0,0.0,1.0,0.0,0.0,0.0,0.0,0.0,0.0,0.0,0.0,0.0,1.0,0.0,1.0,0.0,0.0,0.0,0.0,1.0,1
-1.0954982168960483,-0.12127122784843748,-0.20344106597724576,1.600053785902108,0.639137507216896,1.5433424955213808,-0.9124989009624818,-0.1601493342676051,2.0118484938914123,1.0,0.0,0.0,0.0,0.0,0.0,0.0,0.0,0.0,0.0,0.0,0.0,0.0,0.0,1.0,0.0,1.0,0.0,0.0,0.0,0.0,0.0,0.0,0.0,1.0,0.0,0.0,0.0,0.0,0.0,1.0,0.0,0.0,0.0,0.0,0.0,1.0,0.0,0.0,0.0,0.0,1.0,0
0.11652843771057084,-1.2882367975523321,0.5041800330740437,-0.8534788540354068,0.639137507216896,0.585537885144024,0.06253677066286718,1.2145230628792192,0.28053110321686153,0.0,0.0,0.0,0.0,0.0,1.0,0.0,0.0,0.0,0.0,0.0,0.0,0.0,1.0,0.0,0.0,0.0,1.0,0.0,0.0,0.0,0.0,0.0,0.0,1.0,1.0,0.0,0.0,0.0,0.0,0.0,0.0,0.0,0.0,0.0,0.0,0.0,0.0,1.0,0.0,1.0,0.0,1
0.23120820027291517,-1.6153788184748596,0.5041800330740437,0.5485397973574588,-1.2668391544637088,-0.3722667252333328,0.8022190043096836,1.2145230628792192,-0.34144152623948154,0.0,0.0,0.0,0.0,1.0,0.0,0.0,0.0,0.0,0.0,0.0,1.0,0.0,0.0,0.0,0.0,0.0,1.0,0.0,0.0,0.0,0.0,0.0,0.0,1.0,0.0,0.0,0.0,0.0,0.0,0.0,0.0,1.0,0.0,0.0,0.0,0.0,0.0,1.0,0.0,1.0,0.0,1
-1.081639482582605,0.6909158967104994,0.8579905825996883,-0.152469528338974,0.639137507216896,-0.3722667252333328,-0.1391947476044464,1.2145230628792192,0.9106389275888037,0.0,1.0,0.0,0.0,0.0,0.0,0.0,0.0,0.0,0.0,0.0,0.0,0.0,1.0,0.0,0.0,0.0,0.0,1.0,0.0,0.0,0.0,0.0,0.0,1.0,0.0,0.0,1.0,0.0,0.0,0.0,0.0,0.0,0.0,0.0,0.0,0.0,0.0,1.0,0.0,1.0,0.0,0
-0.3383075292655135,0.8208539298330337,-0.5572516155028905,-0.8534788540354068,-0.6315136005701739,-1.6493395390698085,-1.719424974031736,1.2145230628792192,-0.4923124137651573,0.0,0.0,0.0,0.0,0.0,0.0,1.0,0.0,0.0,0.0,1.0,0.0,0.0,0.0,0.0,0.0,0.0,0.0,1.0,0.0,0.0,0.0,0.0,0.0,1.0,0.0,0.0,1.0,0.0,0.0,0.0,0.0,0.0,0.0,0.0,0.0,0.0,0.0,1.0,0.0,1.0,0.0,1
2.329747865659636,-0.26289938149236347,0.15036948354839894,0.5485397973574588,0.639137507216896,-0.3722667252333328,1.0039505225769971,1.5581911621659252,-0.879843517017385,0.0,0.0,1.0,0.0,0.0,0.0,0.0,0.0,0.0,0.0,0.0,0.0,0.0,1.0,0.0,0.0,0.0,0.0,0.0,0.0,1.0,0.0,0.0,0.0,1.0,1.0,0.0,0.0,0.0,0.0,0.0,0.0,0.0,0.0,0.0,0.0,0.0,0.0,1.0,0.0,1.0,0.0,1
-0.12998888189109142,0.12227956804750967,1.5656116816509777,-0.8534788540354068,-0.6315136005701739,0.26626968168490506,-0.6771454629839493,0.18351876501910097,0.27831241369442505,0.0,0.0,0.0,1.0,0.0,0.0,0.0,0.0,0.0,0.0,0.0,0.0,0.0,1.0,0.0,0.0,0.0,0.0,0.0,0.0,0.0,1.0,0.0,0.0,1.0,0.0,0.0,1.0,0.0,0.0,0.0,0.0,0.0,0.0,0.0,0.0,0.0,0.0,1.0,0.0,1.0,0.0,1
0.11554129138540514,-1.3164054010115878,0.5041800330740437,0.5485397973574588,-0.6315136005701739,-0.6915349286924517,0.2978902086413997,-1.5348217314144295,-1.1564401441477918,0.0,0.0,0.0,0.0,0.0,1.0,0.0,0.0,0.0,0.0,0.0,1.0,0.0,0.0,0.0,0.0,0.0,0.0,0.0,0.0,0.0,1.0,0.0,1.0,0.0,0.0,0.0,0.0,0.0,0.0,0.0,0.0,0.0,1.0,0.0,0.0,0.0,1.0,0.0,1.0,0.0,0.0,1
-0.3343334465313807,0.8524329204462965,1.5656116816509777,0.8990444602056752,1.5921258380571985,-1.0108031321515707,-0.6771454629839493,-0.5038174335543112,1.531871993871001,0.0,0.0,0.0,0.0,0.0,0.0,1.0,0.0,0.0,0.0,0.0,0.0,0.0,0.0,1.0,0.0,1.0,0.0,0.0,0.0,0.0,0.0,0.0,0.0,1.0,0.0,0.0,0.0,0.0,1.0,0.0,0.0,0.0,0.0,0.0,0.0,0.0,0.0,1.0,0.0,1.0,0.0,0
-0.3226004508308684,0.8201328926296685,-1.2648727145541798,-1.2039835168836233,1.5921258380571985,0.26626968168490506,-0.07195090818200853,1.5581911621659252,-0.04117887753641957,0.0,0.0,0.0,0.0,0.0,0.0,1.0,0.0,0.0,0.0,0.0,1.0,0.0,0.0,0.0,0.0,0.0,0.0,0.0,0.0,1.0,0.0,0.0,0.0,1.0,0.0,0.0,0.0,0.0,0.0,0.0,0.0,1.0,0.0,0.0,0.0,0.0,0.0,1.0,0.0,1.0,0.0,1
2.347911489925955,-0.26775590787689185,0.5041800330740437,-0.152469528338974,-0.3138508236234064,0.9048060886031429,0.5332436466199322,0.5271868643058071,0.4321415539166832,0.0,0.0,1.0,0.0,0.0,0.0,0.0,0.0,0.0,0.0,0.0,0.0,1.0,0.0,0.0,0.0,0.0,1.0,0.0,0.0,0.0,0.0,0.0,0.0,1.0,0.0,0.0,0.0,1.0,0.0,0.0,0.0,0.0,0.0,0.0,1.0,0.0,0.0,0.0,0.0,0.0,1.0,1
-0.12109335488609461,0.13681131307203023,1.5656116816509777,0.1980351345092424,-0.9491763775169414,-0.3722667252333328,1.4410354788228432,-0.5038174335543112,0.21470998071791447,0.0,0.0,0.0,1.0,0.0,0.0,0.0,0.0,0.0,0.0,0.0,0.0,0.0,0.0,0.0,1.0,0.0,0.0,1.0,0.0,0.0,0.0,0.0,0.0,1.0,0.0,0.0,0.0,1.0,0.0,0.0,0.0,0.0,0.0,0.0,1.0,0.0,0.0,0.0,0.0,0.0,1.0,1
-0.3450935832616902,0.8030709511395537,-1.6186832640798245,-1.2039835168836233,-1.2668391544637088,0.26626968168490506,0.49962172690871326,0.5271868643058071,-2.0771962959589048,0.0,0.0,0.0,0.0,0.0,0.0,1.0,0.0,0.0,0.0,1.0,0.0,0.0,0.0,0.0,0.0,0.0,0.0,1.0,0.0,0.0,0.0,0.0,0.0,1.0,1.0,0.0,0.0,0.0,0.0,0.0,0.0,0.0,0.0,0.0,0.0,0.0,0.0,1.0,0.0,1.0,0.0,1
0.1274881577994306,-1.2917750703161273,-0.9110621650285352,-0.5029741911871904,0.639137507216896,-1.0108031321515707,0.39875596777505645,-1.1911536321277234,-0.5233740670792673,0.0,0.0,0.0,0.0,0.0,1.0,0.0,0.0,0.0,0.0,0.0,0.0,1.0,0.0,0.0,0.0,0.0,0.0,0.0,1.0,0.0,0.0,0.0,0.0,1.0,0.0,0.0,0.0,0.0,1.0,0.0,0.0,0.0,0.0,0.0,0.0,0.0,0.0,1.0,0.0,1.0,0.0,1
-0.33000635622694846,0.8301655030838191,-1.6186832640798245,-0.8534788540354068,-0.6315136005701739,-0.3722667252333328,-0.004707068759570669,0.8708549635925131,-1.3894025440036155,0.0,0.0,0.0,0.0,0.0,0.0,1.0,0.0,1.0,0.0,0.0,0.0,0.0,0.0,0.0,0.0,0.0,0.0,0.0,0.0,1.0,0.0,0.0,0.0,1.0,0.0,0.0,0.0,0.0,0.0,1.0,0.0,0.0,0.0,0.0,0.0,1.0,0.0,0.0,0.0,0.0,1.0,1
-0.3212952460036958,0.8137392374976316,-0.20344106597724576,-1.2039835168836233,0.3214747302701286,-1.3300713356106897,-0.5762797038502925,-1.1911536321277234,-0.6187777165440337,0.0,0.0,0.0,0.0,0.0,0.0,1.0,0.0,0.0,0.0,0.0,0.0,0.0,0.0,0.0,1.0,0.0,0.0,0.0,0.0,0.0,0.0,1.0,1.0,0.0,0.0,0.0,0.0,0.0,0.0,0.0,0.0,0.0,1.0,0.0,0.0,0.0,1.0,0.0,1.0,0.0,0.0,1
0.23660552336675497,-1.6145843017646409,-1.2648727145541798,-1.5544881797318397,-1.5845019314104762,-0.3722667252333328,1.474657398534062,-1.5348217314144295,-2.5956300810348805,0.0,0.0,0.0,0.0,1.0,0.0,0.0,0.0,0.0,0.0,1.0,0.0,0.0,0.0,0.0,0.0,0.0,0.0,1.0,0.0,0.0,0.0,0.0,1.0,0.0,0.0,0.0,0.0,0.0,0.0,0.0,0.0,0.0,1.0,0.0,0.0,0.0,1.0,0.0,1.0,0.0,0.0,2
-0.07580661595932095,1.6478082465171628,1.5656116816509777,1.2495491230538915,-0.3138508236234064,0.585537885144024,0.26426828893018073,0.18351876501910097,1.0393229198901155,0.0,0.0,0.0,0.0,0.0,0.0,0.0,1.0,0.0,0.0,0.0,0.0,0.0,1.0,0.0,0.0,0.0,0.0,1.0,0.0,0.0,0.0,0.0,0.0,1.0,1.0,0.0,0.0,0.0,0.0,0.0,0.0,0.0,0.0,0.0,0.0,0.0,0.0,1.0,0.0,1.0,0.0,0
0.11295879702460145,-1.3110604704155866,-0.5572516155028905,0.1980351345092424,1.5921258380571985,0.26626968168490506,-0.1391947476044464,1.5581911621659252,0.9232115015492769,0.0,0.0,0.0,0.0,0.0,1.0,0.0,0.0,0.0,1.0,0.0,0.0,0.0,0.0,0.0,0.0,0.0,0.0,0.0,0.0,1.0,0.0,0.0,0.0,1.0,0.0,1.0,0.0,0.0,0.0,0.0,0.0,0.0,0.0,0.0,0.0,0.0,0.0,1.0,0.0,1.0,0.0,0
-0.13083249525025037,0.13003118700185054,0.8579905825996883,0.5485397973574588,-0.9491763775169414,-1.6493395390698085,0.8358409240209025,-1.1911536321277234,-0.10330218416463845,0.0,0.0,0.0,1.0,0.0,0.0,0.0,0.0,0.0,0.0,0.0,1.0,0.0,0.0,0.0,0.0,1.0,0.0,0.0,0.0,0.0,0.0,0.0,0.0,1.0,0.0,0.0,0.0,1.0,0.0,0.0,0.0,0.0,0.0,0.0,1.0,0.0,0.0,0.0,0.0,0.0,1.0,1
-1.0949599133221608,-0.1342624046591713,0.8579905825996883,1.600053785902108,1.5921258380571985,1.5433424955213808,0.26426828893018073,1.2145230628792192,2.038472768160649,1.0,0.0,0.0,0.0,0.0,0.0,0.0,0.0,0.0,1.0,0.0,0.0,0.0,0.0,0.0,0.0,0.0,0.0,1.0,0.0,0.0,0.0,0.0,0.0,1.0,0.0,0.0,0.0,0.0,0.0,0.0,0.0,0.0,0.0,1.0,0.0,1.0,0.0,0.0,0.0,0.0,1.0,0
0.10367487377009126,-1.3145940529980964,0.15036948354839894,-1.5544881797318397,0.003811953323361072,1.5433424955213808,0.12978061008530503,-0.5038174335543112,0.6259071055427973,0.0,0.0,0.0,0.0,0.0,1.0,0.0,0.0,0.0,0.0,0.0,1.0,0.0,0.0,0.0,0.0,0.0,0.0,1.0,0.0,0.0,0.0,0.0,0.0,1.0,0.0,0.0,1.0,0.0,0.0,0.0,0.0,0.0,0.0,0.0,0.0,0.0,0.0,1.0,0.0,1.0,0.0,1
-0.1294925611602465,0.12615740993657318,0.5041800330740437,0.8990444602056752,1.5921258380571985,-1.3300713356106897,1.3737916394004053,0.5271868643058071,1.1465595801412092,0.0,0.0,0.0,1.0,0.0,0.0,0.0,0.0,0.0,1.0,0.0,0.0,0.0,0.0,0.0,0.0,0.0,0.0,1.0,0.0,0.0,0.0,0.0,0.0,1.0,0.0,0.0,0.0,0.0,1.0,0.0,0.0,0.0,0.0,0.0,0.0,0.0,0.0,1.0,0.0,1.0,0.0,1
-0.3136163422251048,0.8220005228186178,-0.9110621650285352,0.8990444602056752,-1.2668391544637088,-0.3722667252333328,1.1384382014218728,1.2145230628792192,-0.6609328174703251,0.0,0.0,0.0,0.0,0.0,0.0,1.0,0.0,0.0,0.0,0.0,1.0,0.0,0.0,0.0,0.0,0.0,0.0,0.0,0.0,1.0,0.0,0.0,0.0,1.0,0.0,0.0,0.0,0.0,0.0,0.0,1.0,0.0,0.0,0.0,0.0,1.0,0.0,0.0,0.0,0.0,1.0,1
-0.14075341473061995,0.1472669778783767,1.211801132125333,-0.5029741911871904,-0.6315136005701739,-0.6915349286924517,-1.0469865798073574,-1.1911536321277234,0.3685391209401726,0.0,0.0,0.0,1.0,0.0,0.0,0.0,0.0,0.0,0.0,1.0,0.0,0.0,0.0,0.0,0.0,1.0,0.0,0.0,0.0,0.0,0.0,0.0,0.0,1.0,1.0,0.0,0.0,0.0,0.0,0.0,0.0,0.0,0.0,0.0,0.0,0.0,0.0,1.0,0.0,1.0,0.0,1
-0.054548790219086936,1.6191140300748734,0.15036948354839894,0.5485397973574588,-0.3138508236234064,-0.6915349286924517,1.3401697196891864,-0.1601493342676051,0.1022963782478019,0.0,0.0,0.0,0.0,0.0,0.0,0.0,1.0,0.0,0.0,0.0,0.0,1.0,0.0,0.0,0.0,0.0,0.0,0.0,0.0,0.0,1.0,0.0,0.0,1.0,0.0,0.0,0.0,0.0,0.0,1.0,0.0,0.0,0.0,0.0,0.0,1.0,0.0,0.0,0.0,0.0,1.0,1
0.23213468029085638,-1.5974632639902977,0.15036948354839894,-0.5029741911871904,1.274463061110431,1.2240742920622618,-1.4840715360532035,0.18351876501910097,1.2611918721337572,0.0,0.0,0.0,0.0,1.0,0.0,0.0,0.0,0.0,0.0,0.0,0.0,0.0,0.0,0.0,1.0,0.0,0.0,0.0,0.0,0.0,1.0,0.0,0.0,1.0,1.0,0.0,0.0,0.0,0.0,0.0,0.0,0.0,0.0,0.0,0.0,0.0,0.0,1.0,0.0,1.0,0.0,0
2.329193516287099,-0.2573746606136498,-0.5572516155028905,-0.152469528338974,-1.2668391544637088,-0.3722667252333328,-1.3832057769195467,-1.1911536321277234,-0.7770442358111642,0.0,0.0,1.0,0.0,0.0,0.0,0.0,0.0,1.0,0.0,0.0,0.0,0.0,0.0,0.0,0.0,0.0,1.0,0.0,0.0,0.0,0.0,0.0,0.0,1.0,0.0,1.0,0.0,0.0,0.0,0.0,0.0,0.0,0.0,0.0,0.0,0.0,0.0,1.0,0.0,1.0,0.0,1
-1.1229822521233974,-0.13500001383642402,1.5656116816509777,0.1980351345092424,-0.9491763775169414,-0.05299852177421386,-0.1391947476044464,1.5581911621659252,0.23985512863886077,1.0,0.0,0.0,0.0,0.0,0.0,0.0,0.0,0.0,0.0,0.0,0.0,0.0,0.0,0.0,1.0,0.0,0.0,1.0,0.0,0.0,0.0,0.0,0.0,1.0,0.0,0.0,0.0,1.0,0.0,0.0,0.0,0.0,0.0,0.0,1.0,0.0,0.0,0.0,0.0,0.0,1.0,0
-1.0989100372610487,-0.11936638888793594,0.5041800330740437,0.1980351345092424,0.003811953323361072,1.5433424955213808,-1.2150961783634522,1.2145230628792192,1.7419079353283142,1.0,0.0,0.0,0.0,0.0,0.0,0.0,0.0,0.0,0.0,0.0,0.0,0.0,1.0,0.0,0.0,0.0,0.0,1.0,0.0,0.0,0.0,0.0,0.0,1.0,0.0,0.0,0.0,0.0,1.0,0.0,0.0,0.0,0.0,0.0,0.0,0.0,0.0,1.0,0.0,1.0,0.0,0
2.3422152314052123,-0.24459110249460586,1.211801132125333,0.8990444602056752,0.003811953323361072,-1.0108031321515707,-0.5090358644278546,-0.5038174335543112,0.3966425215577002,0.0,0.0,1.0,0.0,0.0,0.0,0.0,0.0,0.0,0.0,0.0,1.0,0.0,0.0,0.0,0.0,0.0,0.0,1.0,0.0,0.0,0.0,0.0,0.0,1.0,0.0,0.0,1.0,0.0,0.0,0.0,0.0,0.0,0.0,0.0,0.0,0.0,0.0,1.0,0.0,1.0,0.0,0
-1.0628819439607757,0.7059135330763129,-1.6186832640798245,1.600053785902108,0.003811953323361072,-0.3722667252333328,0.39875596777505645,-1.1911536321277234,-1.4929413883839815,0.0,1.0,0.0,0.0,0.0,0.0,0.0,0.0,0.0,0.0,0.0,0.0,1.0,0.0,0.0,0.0,0.0,0.0,1.0,0.0,0.0,0.0,0.0,0.0,1.0,0.0,0.0,0.0,0.0,1.0,0.0,0.0,0.0,0.0,0.0,0.0,0.0,0.0,1.0,0.0,1.0,0.0,1
-1.0993784426983517,-0.14389478631006633,-0.20344106597724576,0.5485397973574588,-1.5845019314104762,-0.05299852177421386,-1.1142304192297954,-0.5038174335543112,-0.5174575616861036,1.0,0.0,0.0,0.0,0.0,0.0,0.0,0.0,0.0,0.0,1.0,0.0,0.0,0.0,0.0,0.0,0.0,0.0,0.0,0.0,1.0,0.0,0.0,1.0,0.0,0.0,0.0,0.0,0.0,0.0,0.0,0.0,0.0,1.0,0.0,0.0,0.0,1.0,0.0,1.0,0.0,0.0,1
-0.3249031328398715,0.8336099722218521,0.5041800330740437,-0.152469528338974,1.5921258380571985,-1.0108031321515707,-1.6858030543205171,1.2145230628792192,1.628754769684057,0.0,0.0,0.0,0.0,0.0,0.0,1.0,0.0,0.0,0.0,1.0,0.0,0.0,0.0,0.0,0.0,0.0,0.0,1.0,0.0,0.0,0.0,0.0,0.0,1.0,0.0,1.0,0.0,0.0,0.0,0.0,0.0,0.0,0.0,0.0,0.0,0.0,0.0,1.0,0.0,1.0,0.0,0
0.24212198102043497,-1.622107352550871,0.5041800330740437,0.5485397973574588,-1.2668391544637088,0.9048060886031429,1.3737916394004053,-0.1601493342676051,-0.22902792376936898,0.0,0.0,0.0,0.0,1.0,0.0,0.0,0.0,0.0,1.0,0.0,0.0,0.0,0.0,0.0,0.0,0.0,0.0,0.0,0.0,0.0,1.0,0.0,0.0,1.0,0.0,0.0,0.0,0.0,0.0,0.0,0.0,0.0,0.0,1.0,0.0,1.0,0.0,0.0,0.0,0.0,1.0,1
2.34322369886009,-0.26952598229504465,-0.9110621650285352,0.1980351345092424,1.274463061110431,-1.6493395390698085,1.2729258802667487,-0.1601493342676051,-0.6801614599981072,0.0,0.0,1.0,0.0,0.0,0.0,0.0,0.0,0.0,0.0,0.0,0.0,0.0,0.0,0.0,1.0,0.0,0.0,0.0,0.0,0.0,0.0,1.0,0.0,1.0,0.0,0.0,0.0,0.0,0.0,0.0,1.0,0.0,0.0,0.0,0.0,1.0,0.0,0.0,0.0,0.0,1.0,1
0.22424937918442545,-1.6157524695841494,-0.20344106597724576,-0.8534788540354068,-0.6315136005701739,-0.6915349286924517,1.4410354788228432,-0.5038174335543112,-1.0950564006937171,0.0,0.0,0.0,0.0,1.0,0.0,0.0,0.0,0.0,0.0,1.0,0.0,0.0,0.0,0.0,0.0,0.0,1.0,0.0,0.0,0.0,0.0,0.0,0.0,1.0,0.0,1.0,0.0,0.0,0.0,0.0,0.0,0.0,0.0,0.0,0.0,0.0,0.0,1.0,0.0,1.0,0.0,1
-0.1308810722571222,0.12830363689403862,0.5041800330740437,0.5485397973574588,1.5921258380571985,-1.0108031321515707,-1.5176934557644224,-1.1911536321277234,1.037104230367679,0.0,0.0,0.0,1.0,0.0,0.0,0.0,0.0,0.0,0.0,0.0,0.0,1.0,0.0,0.0,0.0,0.0,0.0,1.0,0.0,0.0,0.0,0.0,0.0,1.0,0.0,0.0,1.0,0.0,0.0,0.0,0.0,0.0,0.0,0.0,0.0,0.0,0.0,1.0,0.0,1.0,0.0,0
-0.06556324186772544,1.6234674563465565,1.211801132125333,0.1980351345092424,1.274463061110431,0.26626968168490506,-1.1142304192297954,0.5271868643058071,1.6509416649084219,0.0,0.0,0.0,0.0,0.0,0.0,0.0,1.0,0.0,0.0,0.0,0.0,0.0,0.0,0.0,1.0,0.0,0.0,1.0,0.0,0.0,0.0,0.0,1.0,0.0,0.0,0.0,0.0,0.0,0.0,0.0,0.0,0.0,1.0,0.0,0.0,0.0,1.0,0.0,1.0,0.0,0.0,0
2.3372309227725134,-0.2666709126055591,-0.20344106597724576,1.600053785902108,-0.9491763775169414,1.5433424955213808,1.4410354788228432,0.5271868643058071,-0.005679845177436602,0.0,0.0,1.0,0.0,0.0,0.0,0.0,0.0,0.0,0.0,1.0,0.0,0.0,0.0,0.0,0.0,0.0,0.0,0.0,0.0,1.0,0.0,0.0,0.0,1.0,0.0,0.0,1.0,0.0,0.0,0.0,0.0,0.0,0.0,0.0,0.0,0.0,0.0,1.0,0.0,1.0,0.0,1
2.3407700104994085,-0.2775655783804765,0.8579905825996883,0.1980351345092424,-1.5845019314104762,-1.3300713356106897,-1.28234001778589,-1.1911536321277234,-0.04117887753641957,0.0,0.0,1.0,0.0,0.0,0.0,0.0,0.0,0.0,0.0,0.0,0.0,0.0,0.0,1.0,0.0,0.0,0.0,0.0,0.0,0.0,1.0,0.0,0.0,1.0,0.0,0.0,1.0,0.0,0.0,0.0,0.0,0.0,0.0,0.0,0.0,0.0,0.0,1.0,0.0,1.0,0.0,1
-1.0954617291895292,-0.1580628859453756,1.5656116816509777,1.600053785902108,1.274463061110431,0.585537885144024,-0.5762797038502925,-1.1911536321277234,1.818082942265298,1.0,0.0,0.0,0.0,0.0,0.0,0.0,0.0,0.0,0.0,0.0,1.0,0.0,0.0,0.0,0.0,0.0,0.0,1.0,0.0,0.0,0.0,0.0,0.0,1.0,0.0,0.0,0.0,0.0,0.0,0.0,1.0,0.0,0.0,0.0,0.0,1.0,0.0,0.0,0.0,0.0,1.0,0
2.333916036615795,-0.2642876751536632,1.5656116816509777,-0.8534788540354068,-1.2668391544637088,-0.05299852177421386,-1.4840715360532035,1.2145230628792192,0.8418595523932743,0.0,0.0,1.0,0.0,0.0,0.0,0.0,0.0,0.0,0.0,0.0,0.0,0.0,0.0,1.0,0.0,0.0,0.0,0.0,1.0,0.0,0.0,0.0,0.0,1.0,1.0,0.0,0.0,0.0,0.0,0.0,0.0,0.0,0.0,0.0,0.0,0.0,0.0,1.0,0.0,1.0,0.0,0
-0.06610638116175427,1.6230512809269215,1.211801132125333,1.2495491230538915,0.9568002841636635,0.585537885144024,-1.4840715360532035,1.2145230628792192,2.038472768160649,0.0,0.0,0.0,0.0,0.0,0.0,0.0,1.0,0.0,0.0,0.0,0.0,0.0,1.0,0.0,0.0,0.0,0.0,0.0,0.0,0.0,1.0,0.0,0.0,1.0,0.0,0.0,0.0,0.0,0.0,0.0,0.0,1.0,0.0,0.0,0.0,0.0,0.0,1.0,0.0,1.0,0.0,0
-0.14918888890583057,0.13625693364376826,-1.2648727145541798,-0.8534788540354068,1.274463061110431,-1.0108031321515707,-1.7530468937429549,1.2145230628792192,-1.0011318775772424,0.0,0.0,0.0,1.0,0.0,0.0,0.0,0.0,1.0,0.0,0.0,0.0,0.0,0.0,0.0,0.0,0.0,0.0,1.0,0.0,0.0,0.0,0.0,0.0,1.0,0.0,1.0,0.0,0.0,0.0,0.0,0.0,0.0,0.0,0.0,0.0,0.0,0.0,1.0,0.0,1.0,0.0,1
-0.3221175382331425,0.833350448857242,-0.9110621650285352,-1.2039835168836233,0.9568002841636635,-0.3722667252333328,1.474657398534062,-1.5348217314144295,-1.2266986456916114,0.0,0.0,0.0,0.0,0.0,0.0,1.0,0.0,1.0,0.0,0.0,0.0,0.0,0.0,0.0,0.0,0.0,0.0,0.0,0.0,0.0,0.0,1.0,0.0,1.0,0.0,0.0,0.0,0.0,0.0,1.0,0.0,0.0,0.0,0.0,0.0,1.0,0.0,0.0,0.0,0.0,1.0,1
0.10943619470727871,-1.3048159630485145,0.5041800330740437,-1.5544881797318397,-0.6315136005701739,-0.3722667252333328,-1.5849372951868603,1.2145230628792192,-0.2978072989648984,0.0,0.0,0.0,0.0,0.0,1.0,0.0,0.0,0.0,0.0,0.0,0.0,1.0,0.0,0.0,0.0,0.0,0.0,1.0,0.0,0.0,0.0,0.0,0.0,1.0,0.0,0.0,0.0,0.0,0.0,0.0,0.0,1.0,0.0,0.0,0.0,0.0,0.0,1.0,0.0,1.0,0.0,1
0.2617266498887988,-1.59441620954675,1.211801132125333,0.1980351345092424,1.274463061110431,0.9048060886031429,0.43237788748627537,-0.5038174335543112,1.183537738848483,0.0,0.0,0.0,0.0,1.0,0.0,0.0,0.0,0.0,1.0,0.0,0.0,0.0,0.0,0.0,0.0,0.0,0.0,1.0,0.0,0.0,0.0,0.0,1.0,0.0,0.0,0.0,0.0,0.0,0.0,0.0,0.0,0.0,1.0,0.0,0.0,0.0,1.0,0.0,1.0,0.0,0.0,0
-1.0931942160542798,-0.13938283191084327,-0.20344106597724576,-0.5029741911871904,-0.9491763775169414,1.2240742920622618,0.60048748604237,-0.5038174335543112,-0.8539588059222933,1.0,0.0,0.0,0.0,0.0,0.0,0.0,0.0,0.0,0.0,0.0,0.0,1.0,0.0,0.0,0.0,0.0,0.0,1.0,0.0,0.0,0.0,0.0,0.0,1.0,0.0,1.0,0.0,0.0,0.0,0.0,0.0,0.0,0.0,0.0,0.0,0.0,0.0,1.0,0.0,1.0,0.0,1
2.3387680223609966,-0.2645543901295859,1.211801132125333,-0.152469528338974,-0.3138508236234064,0.26626968168490506,1.0375724422882162,-0.8474855328410172,0.2982806193963525,0.0,0.0,1.0,0.0,0.0,0.0,0.0,0.0,0.0,0.0,0.0,0.0,0.0,0.0,0.0,1.0,0.0,0.0,1.0,0.0,0.0,0.0,0.0,0.0,1.0,0.0,0.0,1.0,0.0,0.0,0.0,0.0,0.0,0.0,0.0,0.0,0.0,0.0,1.0,0.0,1.0,0.0,1
-1.0679179068767997,0.7031985434679647,-0.9110621650285352,1.2495491230538915,-0.6315136005701739,-1.3300713356106897,0.9367066831545593,-0.1601493342676051,-1.6859673768359498,0.0,1.0,0.0,0.0,0.0,0.0,0.0,0.0,0.0,0.0,0.0,0.0,0.0,1.0,0.0,0.0,0.0,0.0,0.0,0.0,0.0,0.0,1.0,0.0,1.0,0.0,1.0,0.0,0.0,0.0,0.0,0.0,0.0,0.0,0.0,0.0,0.0,0.0,1.0,0.0,1.0,0.0,1
-0.32020171383542684,0.8153426541406811,-0.9110621650285352,0.1980351345092424,0.3214747302701286,0.26626968168490506,-1.652181134609298,1.5581911621659252,0.6599270115534885,0.0,0.0,0.0,0.0,0.0,0.0,1.0,0.0,0.0,0.0,0.0,0.0,0.0,1.0,0.0,0.0,0.0,0.0,1.0,0.0,0.0,0.0,0.0,0.0,1.0,0.0,0.0,0.0,0.0,0.0,1.0,0.0,0.0,0.0,0.0,0.0,1.0,0.0,0.0,0.0,0.0,1.0,0
-0.12100850997816404,0.15250684841352585,-1.2648727145541798,0.1980351345092424,1.5921258380571985,-1.3300713356106897,-0.20643858702688425,0.18351876501910097,-0.5603522257865409,0.0,0.0,0.0,1.0,0.0,0.0,0.0,0.0,0.0,0.0,0.0,0.0,0.0,1.0,0.0,0.0,0.0,0.0,0.0,0.0,1.0,0.0,0.0,0.0,1.0,0.0,0.0,0.0,0.0,0.0,0.0,1.0,0.0,0.0,0.0,0.0,1.0,0.0,0.0,0.0,0.0,1.0,1
-1.0944602955094018,-0.13651025221121496,-1.6186832640798245,-1.2039835168836233,0.3214747302701286,-0.6915349286924517,-0.1391947476044464,-1.1911536321277234,-1.3908816703519062,1.0,0.0,0.0,0.0,0.0,0.0,0.0,0.0,0.0,0.0,0.0,0.0,0.0,0.0,1.0,0.0,0.0,0.0,0.0,0.0,0.0,0.0,1.0,0.0,1.0,0.0,0.0,0.0,0.0,0.0,0.0,1.0,0.0,0.0,0.0,0.0,1.0,0.0,0.0,0.0,0.0,1.0,1
-1.0867846888127253,0.6870461844690081,-1.2648727145541798,1.2495491230538915,0.003811953323361072,1.2240742920622618,-0.5426577841390735,1.2145230628792192,0.7368415816646181,0.0,1.0,0.0,0.0,0.0,0.0,0.0,0.0,0.0,0.0,1.0,0.0,0.0,0.0,0.0,0.0,0.0,0.0,1.0,0.0,0.0,0.0,0.0,0.0,1.0,0.0,0.0,0.0,0.0,1.0,0.0,0.0,0.0,0.0,0.0,0.0,0.0,0.0,1.0,0.0,1.0,0.0,1
-0.057133702439960535,1.625889465963768,0.15036948354839894,0.5485397973574588,-0.9491763775169414,-0.05299852177421386,1.4074135591116244,1.2145230628792192,0.026860934484964013,0.0,0.0,0.0,0.0,0.0,0.0,0.0,1.0,0.0,0.0,0.0,0.0,1.0,0.0,0.0,0.0,0.0,0.0,0.0,0.0,1.0,0.0,0.0,0.0,1.0,0.0,0.0,0.0,0.0,1.0,0.0,0.0,0.0,0.0,0.0,0.0,0.0,0.0,1.0,0.0,1.0,0.0,1
2.3471788783245806,-0.25377510281435506,1.5656116816509777,-0.8534788540354068,-0.3138508236234064,-1.6493395390698085,1.1720601211330919,1.2145230628792192,-0.7282330663175628,0.0,0.0,1.0,0.0,0.0,0.0,0.0,0.0,0.0,0.0,1.0,0.0,0.0,0.0,0.0,0.0,0.0,0.0,1.0,0.0,0.0,0.0,0.0,0.0,1.0,0.0,0.0,0.0,0.0,0.0,0.0,1.0,0.0,0.0,0.0,0.0,1.0,0.0,0.0,0.0,0.0,1.0,1
-1.0777509041727853,0.7063506579723733,0.15036948354839894,-0.5029741911871904,1.5921258380571985,1.2240742920622618,0.02891485095164826,0.8708549635925131,1.3233151787619772,0.0,1.0,0.0,0.0,0.0,0.0,0.0,0.0,0.0,0.0,0.0,1.0,0.0,0.0,0.0,0.0,1.0,0.0,0.0,0.0,0.0,0.0,0.0,0.0,1.0,0.0,0.0,1.0,0.0,0.0,0.0,0.0,0.0,0.0,0.0,0.0,0.0,0.0,1.0,0.0,1.0,0.0,0
0.23746342408087684,-1.614639333225092,-0.20344106597724576,0.5485397973574588,0.9568002841636635,-0.6915349286924517,-0.44179202500541676,-1.1911536321277234,0.4321415539166832,0.0,0.0,0.0,0.0,1.0,0.0,0.0,0.0,0.0,0.0,0.0,0.0,0.0,0.0,1.0,0.0,0.0,1.0,0.0,0.0,0.0,0.0,0.0,0.0,1.0,1.0,0.0,0.0,0.0,0.0,0.0,0.0,0.0,0.0,0.0,0.0,0.0,0.0,1.0,0.0,1.0,0.0,1
-0.1365648018665919,0.15149470729153428,-1.2648727145541798,-0.5029741911871904,-1.2668391544637088,-1.0108031321515707,0.7013532451760268,-1.5348217314144295,-2.720616257465466,0.0,0.0,0.0,1.0,0.0,0.0,0.0,0.0,0.0,0.0,0.0,0.0,0.0,0.0,0.0,1.0,0.0,0.0,0.0,0.0,0.0,0.0,1.0,0.0,1.0,0.0,0.0,0.0,1.0,0.0,0.0,0.0,0.0,0.0,0.0,1.0,0.0,0.0,0.0,0.0,0.0,1.0,2
0.24840687856562613,-1.6165610568382283,0.5041800330740437,1.2495491230538915,-0.9491763775169414,0.585537885144024,0.36513404806383754,1.2145230628792192,0.16441968487602182,0.0,0.0,0.0,0.0,1.0,0.0,0.0,0.0,0.0,0.0,0.0,1.0,0.0,0.0,0.0,0.0,0.0,0.0,1.0,0.0,0.0,0.0,0.0,0.0,1.0,0.0,0.0,0.0,0.0,0.0,1.0,0.0,0.0,0.0,0.0,0.0,1.0,0.0,0.0,0.0,0.0,1.0,1
-1.08765248077259,-0.13103274582413632,0.5041800330740437,1.2495491230538915,0.003811953323361072,-0.6915349286924517,1.4074135591116244,1.2145230628792192,-0.1151351949509668,1.0,0.0,0.0,0.0,0.0,0.0,0.0,0.0,0.0,0.0,0.0,1.0,0.0,0.0,0.0,0.0,0.0,0.0,0.0,0.0,0.0,0.0,1.0,1.0,0.0,0.0,0.0,0.0,0.0,0.0,0.0,0.0,0.0,1.0,0.0,0.0,0.0,1.0,0.0,1.0,0.0,0.0,1
-0.3203859108117098,0.8153082594778991,-0.9110621650285352,-1.2039835168836233,0.003811953323361072,-1.0108031321515707,0.43237788748627537,0.18351876501910097,-1.8353591380133354,0.0,0.0,0.0,0.0,0.0,0.0,1.0,0.0,1.0,0.0,0.0,0.0,0.0,0.0,0.0,0.0,0.0,0.0,1.0,0.0,0.0,0.0,0.0,0.0,1.0,1.0,0.0,0.0,0.0,0.0,0.0,0.0,0.0,0.0,0.0,0.0,0.0,0.0,1.0,0.0,1.0,0.0,1
-0.31923149253075517,0.8281962523002915,-1.2648727145541798,0.1980351345092424,1.5921258380571985,-0.6915349286924517,0.5668655663311511,-1.1911536321277234,-0.5211553775568307,0.0,0.0,0.0,0.0,0.0,0.0,1.0,0.0,0.0,1.0,0.0,0.0,0.0,0.0,0.0,0.0,0.0,0.0,1.0,0.0,0.0,0.0,0.0,0.0,1.0,0.0,0.0,0.0,1.0,0.0,0.0,0.0,0.0,0.0,0.0,1.0,0.0,0.0,0.0,0.0,0.0,1.0,1
-1.0715163420781537,0.7146888622664824,-1.6186832640798245,1.600053785902108,0.3214747302701286,-0.6915349286924517,-0.44179202500541676,1.2145230628792192,0.14519104234824023,0.0,1.0,0.0,0.0,0.0,0.0,0.0,0.0,1.0,0.0,0.0,0.0,0.0,0.0,0.0,0.0,0.0,0.0,0.0,0.0,1.0,0.0,0.0,0.0,1.0,0.0,0.0,1.0,0.0,0.0,0.0,0.0,0.0,0.0,0.0,0.0,0.0,0.0,1.0,0.0,1.0,0.0,1
0.22551304077947634,-1.5996873479571503,0.15036948354839894,-1.5544881797318397,1.274463061110431,0.585537885144024,-0.34092626587175995,-0.1601493342676051,0.9616687866048411,0.0,0.0,0.0,0.0,1.0,0.0,0.0,0.0,0.0,0.0,0.0,1.0,0.0,0.0,0.0,0.0,0.0,0.0,1.0,0.0,0.0,0.0,0.0,0.0,1.0,0.0,0.0,0.0,0.0,0.0,1.0,0.0,0.0,0.0,0.0,0.0,1.0,0.0,0.0,0.0,0.0,1.0,1
-0.3124454385345785,0.8015879158162322,0.15036948354839894,-1.5544881797318397,-1.2668391544637088,0.26626968168490506,0.3315121283526186,-0.5038174335543112,-1.047724357548407,0.0,0.0,0.0,0.0,0.0,0.0,1.0,0.0,0.0,0.0,0.0,0.0,0.0,1.0,0.0,0.0,0.0,0.0,0.0,0.0,0.0,0.0,1.0,0.0,1.0,0.0,0.0,0.0,0.0,0.0,0.0,0.0,1.0,0.0,0.0,0.0,0.0,0.0,1.0,0.0,1.0,0.0,1
-0.32392082223484714,0.8104142116430668,-1.2648727145541798,0.8990444602056752,-1.5845019314104762,-1.0108031321515707,1.5419012379565,-0.1601493342676051,-1.2015534977706657,0.0,0.0,0.0,0.0,0.0,0.0,1.0,0.0,0.0,0.0,0.0,0.0,0.0,1.0,0.0,0.0,0.0,0.0,1.0,0.0,0.0,0.0,0.0,0.0,1.0,0.0,0.0,1.0,0.0,0.0,0.0,0.0,0.0,0.0,0.0,0.0,0.0,0.0,1.0,0.0,1.0,0.0,1
-1.0525622973742275,0.7012202250006141,0.5041800330740437,-0.8534788540354068,0.9568002841636635,-0.3722667252333328,-1.3159619374971088,0.8708549635925131,0.7087381810470894,0.0,1.0,0.0,0.0,0.0,0.0,0.0,0.0,0.0,1.0,0.0,0.0,0.0,0.0,0.0,0.0,0.0,0.0,1.0,0.0,0.0,0.0,0.0,0.0,1.0,0.0,0.0,0.0,0.0,0.0,0.0,1.0,0.0,0.0,0.0,0.0,1.0,0.0,0.0,0.0,0.0,1.0,0
2.3236405709269006,-0.25982762542736487,0.15036948354839894,-0.5029741911871904,-1.2668391544637088,-0.6915349286924517,-0.5426577841390735,-1.5348217314144295,-0.5529565940450866,0.0,0.0,1.0,0.0,0.0,0.0,0.0,0.0,0.0,0.0,0.0,1.0,0.0,0.0,0.0,0.0,0.0,0.0,1.0,0.0,0.0,0.0,0.0,0.0,1.0,1.0,0.0,0.0,0.0,0.0,0.0,0.0,0.0,0.0,0.0,0.0,0.0,0.0,1.0,0.0,1.0,0.0,1
0.12132283442500048,-1.3088038678584715,-0.9110621650285352,-0.5029741911871904,0.639137507216896,1.5433424955213808,-0.6099016235615113,-1.1911536321277234,-0.23346530281424197,0.0,0.0,0.0,0.0,0.0,1.0,0.0,0.0,0.0,0.0,0.0,1.0,0.0,0.0,0.0,0.0,0.0,0.0,0.0,0.0,0.0,0.0,1.0,0.0,1.0,0.0,0.0,1.0,0.0,0.0,0.0,0.0,0.0,0.0,0.0,0.0,0.0,0.0,1.0,0.0,1.0,0.0,1
-0.3208255217336269,0.8009381693684449,0.5041800330740437,1.2495491230538915,0.3214747302701286,-1.0108031321515707,-1.28234001778589,-1.1911536321277234,0.5068374345053762,0.0,0.0,0.0,0.0,0.0,0.0,1.0,0.0,0.0,1.0,0.0,0.0,0.0,0.0,0.0,0.0,0.0,0.0,1.0,0.0,0.0,0.0,0.0,0.0,1.0,0.0,0.0,0.0,0.0,0.0,0.0,1.0,0.0,0.0,0.0,0.0,1.0,0.0,0.0,0.0,0.0,1.0,0
-0.05343987166854991,1.616421553336714,-1.6186832640798245,0.1980351345092424,0.3214747302701286,1.2240742920622618,1.4074135591116244,-1.5348217314144295,-1.245187725045248,0.0,0.0,0.0,0.0,0.0,0.0,0.0,1.0,1.0,0.0,0.0,0.0,0.0,0.0,0.0,0.0,0.0,0.0,1.0,0.0,0.0,0.0,0.0,0.0,1.0,0.0,0.0,1.0,0.0,0.0,0.0,0.0,0.0,0.0,0.0,0.0,0.0,0.0,1.0,0.0,1.0,0.0,1
0.25471771315520975,-1.6083288506412308,0.5041800330740437,-0.5029741911871904,1.274463061110431,-1.0108031321515707,1.3737916394004053,1.2145230628792192,-0.22976748694351481,0.0,0.0,0.0,0.0,1.0,0.0,0.0,0.0,0.0,0.0,0.0,0.0,0.0,0.0,0.0,1.0,0.0,0.0,1.0,0.0,0.0,0.0,0.0,0.0,1.0,0.0,0.0,0.0,0.0,0.0,0.0,0.0,0.0,0.0,1.0,0.0,1.0,0.0,0.0,0.0,0.0,1.0,1
-0.12321755486079851,0.11899550310953151,-0.5572516155028905,0.5485397973574588,-0.6315136005701739,0.585537885144024,1.2729258802667487,-1.1911536321277234,-1.0181418305825882,0.0,0.0,0.0,1.0,0.0,0.0,0.0,0.0,0.0,0.0,0.0,0.0,0.0,0.0,1.0,0.0,0.0,0.0,1.0,0.0,0.0,0.0,0.0,0.0,1.0,0.0,0.0,0.0,0.0,1.0,0.0,0.0,0.0,0.0,0.0,0.0,0.0,0.0,1.0,0.0,1.0,0.0,1
-0.3189529990117201,0.8216162406317373,-1.2648727145541798,-0.8534788540354068,0.3214747302701286,-1.6493395390698085,-0.5762797038502925,-0.5038174335543112,-1.4359950239747798,0.0,0.0,0.0,0.0,0.0,0.0,1.0,0.0,1.0,0.0,0.0,0.0,0.0,0.0,0.0,0.0,0.0,0.0,1.0,0.0,0.0,0.0,0.0,0.0,1.0,1.0,0.0,0.0,0.0,0.0,0.0,0.0,0.0,0.0,0.0,0.0,0.0,0.0,1.0,0.0,1.0,0.0,1
-1.11006956051392,-0.14536875394956034,-1.6186832640798245,0.5485397973574588,0.3214747302701286,0.9048060886031429,-0.44179202500541676,-0.5038174335543112,-0.30150511483562553,1.0,0.0,0.0,0.0,0.0,0.0,0.0,0.0,0.0,0.0,0.0,0.0,0.0,0.0,0.0,1.0,0.0,0.0,1.0,0.0,0.0,0.0,0.0,0.0,1.0,0.0,1.0,0.0,0.0,0.0,0.0,0.0,0.0,0.0,0.0,0.0,0.0,0.0,1.0,0.0,1.0,0.0,1
-0.05136600714440498,1.6307919561249198,-1.6186832640798245,-0.152469528338974,-1.2668391544637088,-0.3722667252333328,-0.20643858702688425,-0.1601493342676051,-1.3686947751275422,0.0,0.0,0.0,0.0,0.0,0.0,0.0,1.0,0.0,0.0,0.0,0.0,0.0,1.0,0.0,0.0,0.0,0.0,1.0,0.0,0.0,0.0,0.0,0.0,1.0,1.0,0.0,0.0,0.0,0.0,0.0,0.0,0.0,0.0,0.0,0.0,0.0,0.0,1.0,0.0,1.0,0.0,1
-0.07054491283489228,1.6109490498096721,-1.6186832640798245,-1.5544881797318397,-1.5845019314104762,1.5433424955213808,1.4410354788228432,0.18351876501910097,-1.874555986243045,0.0,0.0,0.0,0.0,0.0,0.0,0.0,1.0,0.0,0.0,0.0,0.0,1.0,0.0,0.0,0.0,0.0,0.0,1.0,0.0,0.0,0.0,0.0,0.0,1.0,0.0,0.0,0.0,1.0,0.0,0.0,0.0,0.0,0.0,0.0,1.0,0.0,0.0,0.0,0.0,0.0,1.0,2
-0.13259093893792023,0.1398258489253154,-0.9110621650285352,-0.152469528338974,0.639137507216896,-0.05299852177421386,-0.34092626587175995,-0.1601493342676051,-0.3022446780097714,0.0,0.0,0.0,1.0,0.0,0.0,0.0,0.0,0.0,0.0,0.0,0.0,0.0,1.0,0.0,0.0,0.0,0.0,0.0,0.0,0.0,1.0,0.0,0.0,1.0,0.0,0.0,0.0,0.0,0.0,1.0,0.0,0.0,0.0,0.0,0.0,1.0,0.0,0.0,0.0,0.0,1.0,1
-0.3286818085192119,0.8088376853727393,0.15036948354839894,0.1980351345092424,1.274463061110431,0.9048060886031429,0.8358409240209025,0.18351876501910097,0.7301855130973086,0.0,0.0,0.0,0.0,0.0,0.0,1.0,0.0,0.0,1.0,0.0,0.0,0.0,0.0,0.0,0.0,0.0,0.0,1.0,0.0,0.0,0.0,0.0,0.0,1.0,0.0,0.0,0.0,1.0,0.0,0.0,0.0,0.0,0.0,0.0,1.0,0.0,0.0,0.0,0.0,0.0,1.0,1
2.3211339094501273,-0.25771360438141017,-1.2648727145541798,-0.8534788540354068,1.5921258380571985,1.2240742920622618,-1.248718098074671,-1.5348217314144295,0.6806347804295618,0.0,0.0,1.0,0.0,0.0,0.0,0.0,0.0,0.0,0.0,0.0,0.0,0.0,0.0,0.0,1.0,0.0,0.0,1.0,0.0,0.0,0.0,0.0,0.0,1.0,0.0,0.0,0.0,0.0,0.0,0.0,0.0,0.0,0.0,1.0,0.0,1.0,0.0,0.0,0.0,0.0,1.0,1
0.23028589655873255,-1.6265208131430422,-1.2648727145541798,1.2495491230538915,1.274463061110431,-0.05299852177421386,-0.4754139447166357,0.8708549635925131,0.8729212057073843,0.0,0.0,0.0,0.0,1.0,0.0,0.0,0.0,0.0,0.0,0.0,0.0,0.0,0.0,0.0,1.0,0.0,1.0,0.0,0.0,0.0,0.0,0.0,0.0,1.0,0.0,0.0,0.0,0.0,0.0,0.0,0.0,1.0,0.0,0.0,0.0,0.0,0.0,1.0,0.0,1.0,0.0,0
-0.07560065824240259,1.623778259026588,-0.5572516155028905,0.5485397973574588,0.9568002841636635,-0.3722667252333328,1.5082793182452812,1.2145230628792192,-0.43240779665937384,0.0,0.0,0.0,0.0,0.0,0.0,0.0,1.0,0.0,0.0,0.0,0.0,1.0,0.0,0.0,0.0,0.0,0.0,1.0,0.0,0.0,0.0,0.0,0.0,1.0,0.0,1.0,0.0,0.0,0.0,0.0,0.0,0.0,0.0,0.0,0.0,0.0,0.0,1.0,0.0,1.0,0.0,1
-0.11445720821429124,0.13199230813781024,-1.2648727145541798,0.8990444602056752,0.3214747302701286,0.9048060886031429,0.39875596777505645,-1.5348217314144295,-0.822157589434038,0.0,0.0,0.0,1.0,0.0,0.0,0.0,0.0,0.0,0.0,0.0,0.0,0.0,1.0,0.0,0.0,0.0,0.0,1.0,0.0,0.0,0.0,0.0,0.0,1.0,0.0,0.0,0.0,0.0,1.0,0.0,0.0,0.0,0.0,0.0,0.0,0.0,0.0,1.0,0.0,1.0,0.0,1
-0.3159871639270048,0.8130801106872649,-1.6186832640798245,1.600053785902108,-1.5845019314104762,-0.6915349286924517,1.4074135591116244,0.5271868643058071,-2.4070414716277853,0.0,0.0,0.0,0.0,0.0,0.0,1.0,0.0,0.0,0.0,0.0,0.0,0.0,0.0,1.0,0.0,0.0,0.0,0.0,0.0,1.0,0.0,0.0,0.0,1.0,0.0,0.0,0.0,0.0,0.0,0.0,0.0,1.0,0.0,0.0,0.0,0.0,0.0,1.0,0.0,1.0,0.0,1
-0.1376036024750821,0.14413299874162325,0.8579905825996883,1.2495491230538915,0.3214747302701286,0.9048060886031429,1.5755231576677189,0.5271868643058071,0.931346696464877,0.0,0.0,0.0,1.0,0.0,0.0,0.0,0.0,0.0,0.0,0.0,0.0,1.0,0.0,0.0,0.0,0.0,0.0,1.0,0.0,0.0,0.0,0.0,0.0,1.0,0.0,0.0,0.0,0.0,1.0,0.0,0.0,0.0,0.0,0.0,0.0,0.0,0.0,1.0,0.0,1.0,0.0,1
-0.3204613040848188,0.8312642562202601,-0.9110621650285352,1.600053785902108,-0.6315136005701739,1.2240742920622618,1.2393039605555296,-1.5348217314144295,-0.5781017419660318,0.0,0.0,0.0,0.0,0.0,0.0,1.0,0.0,0.0,0.0,0.0,1.0,0.0,0.0,0.0,0.0,0.0,0.0,0.0,0.0,0.0,0.0,1.0,0.0,1.0,0.0,0.0,1.0,0.0,0.0,0.0,0.0,0.0,0.0,0.0,0.0,0.0,0.0,1.0,0.0,1.0,0.0,1
-1.082755654713353,0.6969627911059642,-0.5572516155028905,-0.152469528338974,-0.3138508236234064,0.9048060886031429,-1.248718098074671,-0.8474855328410172,0.5719189938301775,0.0,1.0,0.0,0.0,0.0,0.0,0.0,0.0,0.0,0.0,0.0,0.0,0.0,0.0,1.0,0.0,0.0,0.0,0.0,0.0,0.0,0.0,1.0,1.0,0.0,0.0,0.0,0.0,0.0,0.0,0.0,0.0,0.0,1.0,0.0,0.0,0.0,1.0,0.0,1.0,0.0,0.0,1
-1.0764303129633457,0.6978339141105542,-0.9110621650285352,-0.152469528338974,-0.9491763775169414,-0.3722667252333328,-1.5513153754756415,-0.5038174335543112,-0.4531155655354472,0.0,1.0,0.0,0.0,0.0,0.0,0.0,0.0,0.0,0.0,0.0,1.0,0.0,0.0,0.0,0.0,0.0,0.0,1.0,0.0,0.0,0.0,0.0,0.0,1.0,0.0,0.0,0.0,0.0,0.0,0.0,0.0,1.0,0.0,0.0,0.0,0.0,0.0,1.0,0.0,1.0,0.0,1
0.12504194282442158,-1.3187658129145476,0.15036948354839894,-1.2039835168836233,0.9568002841636635,-0.3722667252333328,1.3401697196891864,-0.8474855328410172,-0.1136560686026751,0.0,0.0,0.0,0.0,0.0,1.0,0.0,0.0,0.0,1.0,0.0,0.0,0.0,0.0,0.0,0.0,0.0,0.0,1.0,0.0,0.0,0.0,0.0,0.0,1.0,0.0,0.0,0.0,0.0,1.0,0.0,0.0,0.0,0.0,0.0,0.0,0.0,0.0,1.0,0.0,1.0,0.0,1
-0.06982373111748665,1.6122638639641227,0.15036948354839894,-0.5029741911871904,-0.3138508236234064,-1.0108031321515707,-0.6771454629839493,-1.5348217314144295,-0.7422847666263271,0.0,0.0,0.0,0.0,0.0,0.0,0.0,1.0,0.0,0.0,0.0,1.0,0.0,0.0,0.0,0.0,0.0,0.0,1.0,0.0,0.0,0.0,0.0,0.0,1.0,0.0,0.0,0.0,0.0,1.0,0.0,0.0,0.0,0.0,0.0,0.0,0.0,0.0,1.0,0.0,1.0,0.0,1
2.338562504255001,-0.2711250214355608,1.5656116816509777,1.2495491230538915,-0.6315136005701739,0.585537885144024,-0.811633141828825,0.18351876501910097,0.9601896602565505,0.0,0.0,1.0,0.0,0.0,0.0,0.0,0.0,0.0,0.0,0.0,0.0,0.0,0.0,1.0,0.0,0.0,0.0,0.0,0.0,0.0,0.0,1.0,0.0,1.0,0.0,0.0,0.0,0.0,0.0,0.0,0.0,0.0,0.0,1.0,0.0,1.0,0.0,0.0,0.0,0.0,1.0,0
2.3303888183837915,-0.25592633263186193,0.8579905825996883,-0.5029741911871904,0.3214747302701286,-0.05299852177421386,-1.1478523389410142,0.8708549635925131,1.1502573960119364,0.0,0.0,1.0,0.0,0.0,0.0,0.0,0.0,0.0,0.0,0.0,0.0,1.0,0.0,0.0,0.0,0.0,0.0,1.0,0.0,0.0,0.0,0.0,0.0,1.0,0.0,0.0,1.0,0.0,0.0,0.0,0.0,0.0,0.0,0.0,0.0,0.0,0.0,1.0,0.0,1.0,0.0,0
-0.3315023521942333,0.8202617162757161,-0.5572516155028905,1.600053785902108,0.639137507216896,-1.0108031321515707,1.0039505225769971,-0.1601493342676051,-0.45533425505788366,0.0,0.0,0.0,0.0,0.0,0.0,1.0,0.0,0.0,0.0,0.0,0.0,1.0,0.0,0.0,0.0,0.0,0.0,1.0,0.0,0.0,0.0,0.0,0.0,1.0,0.0,0.0,0.0,1.0,0.0,0.0,0.0,0.0,0.0,0.0,1.0,0.0,0.0,0.0,0.0,0.0,1.0,1
-0.3350766087948821,0.8219833254872269,1.5656116816509777,-0.5029741911871904,-1.2668391544637088,-1.0108031321515707,-1.4504496163419847,0.5271868643058071,-0.01751285596376391,0.0,0.0,0.0,0.0,0.0,0.0,1.0,0.0,0.0,0.0,0.0,0.0,0.0,1.0,0.0,0.0,0.0,0.0,0.0,0.0,1.0,0.0,0.0,0.0,1.0,0.0,0.0,1.0,0.0,0.0,0.0,0.0,0.0,0.0,0.0,0.0,0.0,0.0,1.0,0.0,1.0,0.0,1
2.3420248798760213,-0.24514641995912753,1.211801132125333,-0.8534788540354068,-1.5845019314104762,1.2240742920622618,-1.3495838572083279,0.5271868643058071,0.7324042026197451,0.0,0.0,1.0,0.0,0.0,0.0,0.0,0.0,0.0,0.0,0.0,0.0,0.0,0.0,0.0,1.0,0.0,0.0,1.0,0.0,0.0,0.0,0.0,1.0,0.0,0.0,0.0,0.0,0.0,0.0,0.0,0.0,0.0,1.0,0.0,0.0,0.0,1.0,0.0,1.0,0.0,0.0,1
-0.06263433410045088,1.6255445812997107,-0.9110621650285352,-0.5029741911871904,-1.2668391544637088,-0.3722667252333328,-1.1478523389410142,1.5581911621659252,0.010590544653763707,0.0,0.0,0.0,0.0,0.0,0.0,0.0,1.0,0.0,0.0,0.0,1.0,0.0,0.0,0.0,0.0,1.0,0.0,0.0,0.0,0.0,0.0,0.0,1.0,0.0,0.0,0.0,0.0,0.0,0.0,0.0,0.0,0.0,1.0,0.0,0.0,0.0,1.0,0.0,1.0,0.0,0.0,1
-0.12989458534834006,0.11509577370779625,-1.2648727145541798,-0.5029741911871904,-0.9491763775169414,0.585537885144024,1.5082793182452812,1.5581911621659252,-1.078786010862517,0.0,0.0,0.0,1.0,0.0,0.0,0.0,0.0,0.0,1.0,0.0,0.0,0.0,0.0,0.0,0.0,0.0,0.0,1.0,0.0,0.0,0.0,0.0,0.0,1.0,0.0,0.0,0.0,0.0,0.0,0.0,1.0,0.0,0.0,0.0,0.0,1.0,0.0,0.0,0.0,0.0,1.0,1
0.24634290528722358,-1.6170791655311978,-0.5572516155028905,-1.5544881797318397,0.9568002841636635,-0.3722667252333328,0.9367066831545593,1.2145230628792192,-1.0861816426039717,0.0,0.0,0.0,0.0,1.0,0.0,0.0,0.0,0.0,0.0,0.0,0.0,1.0,0.0,0.0,0.0,0.0,0.0,0.0,1.0,0.0,0.0,0.0,1.0,0.0,0.0,0.0,0.0,0.0,0.0,0.0,0.0,0.0,1.0,0.0,0.0,0.0,1.0,0.0,1.0,0.0,0.0,1
-0.13306352067898145,0.12101415713596084,-1.2648727145541798,1.2495491230538915,0.3214747302701286,-1.0108031321515707,-1.7530468937429549,-0.5038174335543112,0.4735570916688298,0.0,0.0,0.0,1.0,0.0,0.0,0.0,0.0,0.0,0.0,0.0,0.0,0.0,0.0,1.0,0.0,0.0,0.0,1.0,0.0,0.0,0.0,0.0,0.0,1.0,0.0,0.0,0.0,0.0,0.0,0.0,0.0,0.0,0.0,1.0,0.0,1.0,0.0,0.0,0.0,0.0,1.0,1
-0.31237180370515744,0.8235804885552235,-0.20344106597724576,-0.5029741911871904,1.5921258380571985,0.26626968168490506,1.1720601211330919,-1.1911536321277234,0.08158860937172964,0.0,0.0,0.0,0.0,0.0,0.0,1.0,0.0,0.0,1.0,0.0,0.0,0.0,0.0,0.0,0.0,1.0,0.0,0.0,0.0,0.0,0.0,0.0,0.0,1.0,0.0,0.0,0.0,0.0,0.0,0.0,1.0,0.0,0.0,0.0,0.0,1.0,0.0,0.0,0.0,0.0,1.0,1
-1.0986291258819438,-0.1416803953845449,-0.20344106597724576,0.1980351345092424,-1.2668391544637088,1.2240742920622618,-0.34092626587175995,-1.1911536321277234,-0.30890074657707983,1.0,0.0,0.0,0.0,0.0,0.0,0.0,0.0,0.0,0.0,0.0,0.0,0.0,0.0,0.0,1.0,0.0,0.0,0.0,0.0,1.0,0.0,0.0,0.0,1.0,0.0,0.0,0.0,0.0,0.0,1.0,0.0,0.0,0.0,0.0,0.0,1.0,0.0,0.0,0.0,0.0,1.0,1
-0.3295911437111979,0.8338188416285535,0.5041800330740437,1.2495491230538915,0.003811953323361072,1.2240742920622618,-0.9797427403849196,0.5271868643058071,0.6458753112447247,0.0,0.0,0.0,0.0,0.0,0.0,1.0,0.0,0.0,0.0,0.0,0.0,1.0,0.0,0.0,0.0,0.0,0.0,0.0,0.0,0.0,1.0,0.0,0.0,1.0,0.0,0.0,0.0,1.0,0.0,0.0,0.0,0.0,0.0,0.0,1.0,0.0,0.0,0.0,0.0,0.0,1.0,0
-1.0666913924046504,0.7140544370775712,-1.2648727145541798,-0.152469528338974,0.639137507216896,1.5433424955213808,-0.1728166673156653,-0.1601493342676051,0.11265026268583855,0.0,1.0,0.0,0.0,0.0,0.0,0.0,0.0,0.0,1.0,0.0,0.0,0.0,0.0,0.0,0.0,0.0,0.0,0.0,0.0,1.0,0.0,0.0,1.0,0.0,0.0,0.0,0.0,0.0,0.0,0.0,0.0,0.0,1.0,0.0,0.0,0.0,1.0,0.0,1.0,0.0,0.0,1
-0.3187879251105407,0.8267276001995907,0.15036948354839894,-0.8534788540354068,0.3214747302701286,0.585537885144024,1.3401697196891864,0.8708549635925131,-0.31777550466682586,0.0,0.0,0.0,0.0,0.0,0.0,1.0,0.0,0.0,0.0,0.0,0.0,1.0,0.0,0.0,0.0,0.0,0.0,0.0,0.0,0.0,0.0,1.0,0.0,1.0,0.0,0.0,0.0,0.0,0.0,1.0,0.0,0.0,0.0,0.0,0.0,1.0,0.0,0.0,0.0,0.0,1.0,1
-1.068549627771595,0.7002230924587511,-1.2648727145541798,0.1980351345092424,-0.9491763775169414,-1.0108031321515707,1.5419012379565,0.5271868643058071,-1.810213990092389,0.0,1.0,0.0,0.0,0.0,0.0,0.0,0.0,0.0,0.0,0.0,0.0,1.0,0.0,0.0,0.0,0.0,0.0,1.0,0.0,0.0,0.0,0.0,0.0,1.0,0.0,1.0,0.0,0.0,0.0,0.0,0.0,0.0,0.0,0.0,0.0,0.0,0.0,1.0,0.0,1.0,0.0,1
0.2484073181765477,-1.616500084481485,1.5656116816509777,0.1980351345092424,-0.9491763775169414,1.5433424955213808,-0.7107673826951681,0.5271868643058071,1.4638321818496174,0.0,0.0,0.0,0.0,1.0,0.0,0.0,0.0,0.0,0.0,0.0,0.0,0.0,1.0,0.0,0.0,0.0,0.0,1.0,0.0,0.0,0.0,0.0,0.0,1.0,0.0,0.0,0.0,0.0,0.0,0.0,0.0,1.0,0.0,0.0,0.0,0.0,0.0,1.0,0.0,1.0,0.0,0
0.2537114437549413,-1.600096957122985,0.5041800330740437,-1.2039835168836233,1.274463061110431,0.26626968168490506,0.49962172690871326,1.5581911621659252,0.6236884160203607,0.0,0.0,0.0,0.0,1.0,0.0,0.0,0.0,1.0,0.0,0.0,0.0,0.0,0.0,0.0,0.0,0.0,0.0,1.0,0.0,0.0,0.0,0.0,0.0,1.0,0.0,0.0,0.0,0.0,0.0,1.0,0.0,0.0,0.0,0.0,0.0,1.0,0.0,0.0,0.0,0.0,1.0,1
-0.07230445554986652,1.6226022742382633,-1.6186832640798245,0.1980351345092424,0.9568002841636635,0.585537885144024,-1.181474258652233,-1.1911536321277234,-0.6424437381166883,0.0,0.0,0.0,0.0,0.0,0.0,0.0,1.0,1.0,0.0,0.0,0.0,0.0,0.0,0.0,0.0,0.0,0.0,1.0,0.0,0.0,0.0,0.0,0.0,1.0,0.0,1.0,0.0,0.0,0.0,0.0,0.0,0.0,0.0,0.0,0.0,0.0,0.0,1.0,0.0,1.0,0.0,1
-0.3122403600395041,0.8100311801712022,0.8579905825996883,-0.8534788540354068,0.9568002841636635,0.26626968168490506,-0.7107673826951681,-0.5038174335543112,0.9328258228131677,0.0,0.0,0.0,0.0,0.0,0.0,1.0,0.0,0.0,0.0,0.0,0.0,0.0,0.0,1.0,0.0,0.0,1.0,0.0,0.0,0.0,0.0,0.0,1.0,0.0,0.0,0.0,0.0,0.0,0.0,0.0,0.0,0.0,1.0,0.0,0.0,0.0,1.0,0.0,1.0,0.0,0.0,0
-0.12415678359547515,0.14857272434900418,0.5041800330740437,-1.5544881797318397,0.3214747302701286,-0.05299852177421386,-1.5513153754756415,-1.1911536321277234,0.21766823341449576,0.0,0.0,0.0,1.0,0.0,0.0,0.0,0.0,0.0,0.0,0.0,0.0,1.0,0.0,0.0,0.0,0.0,0.0,1.0,0.0,0.0,0.0,0.0,0.0,1.0,0.0,0.0,0.0,0.0,0.0,1.0,0.0,0.0,0.0,0.0,0.0,1.0,0.0,0.0,0.0,0.0,1.0,1
-0.3152132288989695,0.8213654722721986,-0.9110621650285352,0.1980351345092424,-0.9491763775169414,-1.3300713356106897,-0.7107673826951681,-1.1911536321277234,-0.6712867019083617,0.0,0.0,0.0,0.0,0.0,0.0,1.0,0.0,0.0,0.0,0.0,1.0,0.0,0.0,0.0,0.0,0.0,0.0,0.0,1.0,0.0,0.0,0.0,0.0,1.0,0.0,0.0,0.0,0.0,1.0,0.0,0.0,0.0,0.0,0.0,0.0,0.0,0.0,1.0,0.0,1.0,0.0,1
2.32126051739564,-0.2412629498525191,-0.9110621650285352,0.8990444602056752,-0.9491763775169414,0.9048060886031429,1.2393039605555296,-0.1601493342676051,-0.17356068570845853,0.0,0.0,1.0,0.0,0.0,0.0,0.0,0.0,0.0,0.0,0.0,0.0,1.0,0.0,0.0,0.0,0.0,1.0,0.0,0.0,0.0,0.0,0.0,0.0,1.0,1.0,0.0,0.0,0.0,0.0,0.0,0.0,0.0,0.0,0.0,0.0,0.0,0.0,1.0,0.0,1.0,0.0,1
0.24773119657863887,-1.6070909554599075,-0.20344106597724576,-1.2039835168836233,-0.9491763775169414,-1.6493395390698085,1.0039505225769971,-1.5348217314144295,-2.347136854522002,0.0,0.0,0.0,0.0,1.0,0.0,0.0,0.0,0.0,0.0,0.0,1.0,0.0,0.0,0.0,0.0,0.0,0.0,0.0,0.0,0.0,0.0,1.0,0.0,1.0,0.0,0.0,0.0,0.0,0.0,0.0,1.0,0.0,0.0,0.0,0.0,1.0,0.0,0.0,0.0,0.0,1.0,2
-0.055988955599287904,1.6128476351951253,0.5041800330740437,0.8990444602056752,0.9568002841636635,-0.3722667252333328,0.7013532451760268,1.2145230628792192,0.7597680400631269,0.0,0.0,0.0,0.0,0.0,0.0,0.0,1.0,0.0,0.0,0.0,0.0,0.0,1.0,0.0,0.0,0.0,0.0,1.0,0.0,0.0,0.0,0.0,0.0,1.0,0.0,0.0,0.0,0.0,0.0,0.0,0.0,0.0,0.0,1.0,0.0,1.0,0.0,0.0,0.0,0.0,1.0,0
-0.32411578967871724,0.8400605348868507,-1.2648727145541798,1.2495491230538915,0.3214747302701286,-1.0108031321515707,1.4410354788228432,-0.5038174335543112,-1.1431280070131733,0.0,0.0,0.0,0.0,0.0,0.0,1.0,0.0,0.0,0.0,0.0,0.0,0.0,0.0,1.0,0.0,0.0,0.0,1.0,0.0,0.0,0.0,0.0,0.0,1.0,0.0,0.0,0.0,0.0,1.0,0.0,0.0,0.0,0.0,0.0,0.0,0.0,0.0,1.0,0.0,1.0,0.0,1
2.338702520333632,-0.27417176320035674,1.211801132125333,1.600053785902108,-1.2668391544637088,0.585537885144024,0.2978902086413997,0.18351876501910097,1.346241637160487,0.0,0.0,1.0,0.0,0.0,0.0,0.0,0.0,0.0,0.0,0.0,0.0,1.0,0.0,0.0,0.0,0.0,0.0,1.0,0.0,0.0,0.0,0.0,0.0,1.0,1.0,0.0,0.0,0.0,0.0,0.0,0.0,0.0,0.0,0.0,0.0,0.0,0.0,1.0,0.0,1.0,0.0,1
0.12057197897036617,-1.320976451695039,-0.5572516155028905,-0.152469528338974,-1.2668391544637088,-1.3300713356106897,-1.4504496163419847,0.18351876501910097,-1.3221022951563772,0.0,0.0,0.0,0.0,0.0,1.0,0.0,0.0,0.0,0.0,0.0,0.0,0.0,1.0,0.0,0.0,0.0,0.0,1.0,0.0,0.0,0.0,0.0,0.0,1.0,0.0,1.0,0.0,0.0,0.0,0.0,0.0,0.0,0.0,0.0,0.0,0.0,0.0,1.0,0.0,1.0,0.0,1
-1.0676660098185409,0.6937644001461847,1.211801132125333,-1.2039835168836233,-1.2668391544637088,-0.6915349286924517,0.8022190043096836,-1.5348217314144295,-1.5476690632707466,0.0,1.0,0.0,0.0,0.0,0.0,0.0,0.0,0.0,0.0,0.0,0.0,1.0,0.0,0.0,0.0,0.0,0.0,0.0,0.0,0.0,0.0,1.0,0.0,1.0,0.0,0.0,0.0,0.0,0.0,0.0,0.0,0.0,0.0,1.0,0.0,1.0,0.0,0.0,0.0,0.0,1.0,1
-0.0593003248686301,1.6023738350211325,-0.20344106597724576,-1.2039835168836233,1.274463061110431,1.2240742920622618,-1.5849372951868603,1.5581911621659252,0.7723406140236,0.0,0.0,0.0,0.0,0.0,0.0,0.0,1.0,1.0,0.0,0.0,0.0,0.0,0.0,0.0,0.0,0.0,0.0,1.0,0.0,0.0,0.0,0.0,1.0,0.0,0.0,0.0,0.0,0.0,0.0,0.0,0.0,0.0,1.0,0.0,0.0,0.0,1.0,0.0,1.0,0.0,0.0,0
-0.13595286346328259,0.1287861002092147,-1.6186832640798245,0.1980351345092424,-0.3138508236234064,0.26626968168490506,0.39875596777505645,-0.5038174335543112,-1.5077326518668912,0.0,0.0,0.0,1.0,0.0,0.0,0.0,0.0,0.0,0.0,0.0,0.0,0.0,0.0,1.0,0.0,0.0,1.0,0.0,0.0,0.0,0.0,0.0,0.0,1.0,1.0,0.0,0.0,0.0,0.0,0.0,0.0,0.0,0.0,0.0,0.0,0.0,0.0,1.0,0.0,1.0,0.0,1
-0.3275258516000298,0.8267741893337177,0.15036948354839894,0.5485397973574588,0.9568002841636635,-1.3300713356106897,0.39875596777505645,-0.8474855328410172,-0.13288471113045777,0.0,0.0,0.0,0.0,0.0,0.0,1.0,0.0,0.0,0.0,0.0,0.0,0.0,0.0,0.0,1.0,0.0,0.0,0.0,1.0,0.0,0.0,0.0,0.0,1.0,0.0,0.0,0.0,0.0,1.0,0.0,0.0,0.0,0.0,0.0,0.0,0.0,0.0,1.0,0.0,1.0,0.0,1
0.24285832931464596,-1.6088647820230904,-0.20344106597724576,-0.8534788540354068,-0.9491763775169414,1.5433424955213808,0.23064636921896184,-1.1911536321277234,-0.811064141821856,0.0,0.0,0.0,0.0,1.0,0.0,0.0,0.0,0.0,0.0,0.0,1.0,0.0,0.0,0.0,0.0,0.0,0.0,0.0,0.0,1.0,0.0,0.0,0.0,1.0,0.0,0.0,0.0,0.0,0.0,0.0,0.0,0.0,0.0,1.0,0.0,1.0,0.0,0.0,0.0,0.0,1.0,1
-0.3209356442695671,0.8236083169642008,1.211801132125333,1.2495491230538915,1.274463061110431,1.5433424955213808,0.46599980719749434,0.18351876501910097,1.4749256294617987,0.0,0.0,0.0,0.0,0.0,0.0,1.0,0.0,0.0,0.0,0.0,0.0,1.0,0.0,0.0,0.0,0.0,0.0,1.0,0.0,0.0,0.0,0.0,0.0,1.0,0.0,0.0,0.0,0.0,0.0,0.0,1.0,0.0,0.0,0.0,0.0,1.0,0.0,0.0,0.0,0.0,1.0,0
0.10880755108893653,-1.313880207406035,-1.6186832640798245,0.5485397973574588,-0.6315136005701739,-0.6915349286924517,0.8694628437321215,1.5581911621659252,-1.0662134369020437,0.0,0.0,0.0,0.0,0.0,1.0,0.0,0.0,0.0,0.0,0.0,0.0,0.0,1.0,0.0,0.0,0.0,0.0,0.0,0.0,0.0,0.0,1.0,0.0,1.0,0.0,0.0,0.0,0.0,0.0,0.0,1.0,0.0,0.0,0.0,0.0,1.0,0.0,0.0,0.0,0.0,1.0,1
0.24392064910745948,-1.6006084995621455,-1.6186832640798245,-0.8534788540354068,-0.3138508236234064,0.9048060886031429,1.609145077378938,-1.1911536321277234,-1.418245507795289,0.0,0.0,0.0,0.0,1.0,0.0,0.0,0.0,0.0,0.0,0.0,0.0,0.0,0.0,0.0,1.0,0.0,0.0,1.0,0.0,0.0,0.0,0.0,0.0,1.0,0.0,0.0,0.0,0.0,0.0,1.0,0.0,0.0,0.0,0.0,0.0,1.0,0.0,0.0,0.0,0.0,1.0,1
-0.32627581794355826,0.8214336362402546,-0.9110621650285352,-1.2039835168836233,-0.3138508236234064,1.2240742920622618,-0.20643858702688425,0.18351876501910097,-0.4900937242427208,0.0,0.0,0.0,0.0,0.0,0.0,1.0,0.0,0.0,0.0,0.0,0.0,0.0,0.0,1.0,0.0,0.0,0.0,1.0,0.0,0.0,0.0,0.0,0.0,1.0,0.0,0.0,0.0,0.0,0.0,1.0,0.0,0.0,0.0,0.0,0.0,1.0,0.0,0.0,0.0,0.0,1.0,1
0.23808217645347587,-1.5962703945493384,0.8579905825996883,-0.152469528338974,0.639137507216896,1.5433424955213808,-1.181474258652233,-1.1911536321277234,1.019354714188188,0.0,0.0,0.0,0.0,1.0,0.0,0.0,0.0,0.0,0.0,0.0,0.0,0.0,0.0,1.0,0.0,0.0,0.0,1.0,0.0,0.0,0.0,0.0,0.0,1.0,0.0,0.0,1.0,0.0,0.0,0.0,0.0,0.0,0.0,0.0,0.0,0.0,0.0,1.0,0.0,1.0,0.0,0
-1.0802826234721072,0.6841323311740414,0.5041800330740437,1.600053785902108,1.5921258380571985,-1.0108031321515707,0.12978061008530503,0.18351876501910097,0.4129129113889005,0.0,1.0,0.0,0.0,0.0,0.0,0.0,0.0,0.0,0.0,0.0,0.0,0.0,1.0,0.0,0.0,1.0,0.0,0.0,0.0,0.0,0.0,0.0,0.0,1.0,0.0,0.0,0.0,0.0,1.0,0.0,0.0,0.0,0.0,0.0,0.0,0.0,0.0,1.0,0.0,1.0,0.0,0
0.11561031030014604,-1.305222445426823,0.5041800330740437,1.2495491230538915,0.639137507216896,-0.3722667252333328,1.1720601211330919,-1.5348217314144295,0.5364199614711945,0.0,0.0,0.0,0.0,0.0,1.0,0.0,0.0,0.0,0.0,0.0,0.0,0.0,0.0,0.0,1.0,0.0,1.0,0.0,0.0,0.0,0.0,0.0,1.0,0.0,0.0,0.0,0.0,0.0,0.0,0.0,0.0,0.0,1.0,0.0,0.0,0.0,1.0,0.0,1.0,0.0,0.0,1
