id,location,city,latitude,longitude,road_type,lighting_score,crowd_density_score,police_presence_score,cctv_coverage_score,historical_crime_count,emergency_access_score,crime_type,risk_score,risk_level,safe_route_score,safe_route_path,voice_detected,voice_phrase,voice_event_type,recommended_action
1,"Main Road, Hyderabad",Hyderabad,17.402385,78.481861,Main Road,5,4,3,2,94,2,Theft,56.32,Medium,53.82,"17.406193,78.481276 -> 17.4018,78.485809 -> 17.404304,78.480687 -> 17.403741,78.480702 -> 17.401221,78.482466 -> 17.397602,78.477549 -> 17.400979,78.479329",True,help,Help,Trigger emergency alert and share location
2,"Main Road, Visakhapatnam",Visakhapatnam,17.697799,83.186719,Main Road,2,4,3,8,77,1,Stalking,54.52,Medium,47.12,"17.701463,83.186155 -> 17.697968,83.183157 -> 17.696438,83.186996 -> 17.694922,83.187658 -> 17.696297,83.18599 -> 17.696295,83.19135 -> 17.697765,83.184075",True,save me,Help,Trigger emergency alert and share location
3,"Bus Stop Area, Delhi",Delhi,28.642689,77.16627,Bus Stop Area,8,10,4,0,97,3,None,42.7,Medium,66.74,"28.63779,77.16295 -> 28.643181,77.168116 -> 28.643117,77.165981 -> 28.641936,77.162574 -> 28.640889,77.165118 -> 28.645332,77.167129",True,call my mother,Relative,Notify selected relative
4,"College Road, Bengaluru",Bengaluru,12.909894,77.605943,College Road,2,2,6,1,45,6,Robbery,49.89,Medium,53.49,"12.908202,77.607472 -> 12.912471,77.608271 -> 12.907796,77.60517 -> 12.910722,77.608382 -> 12.908696,77.605479 -> 12.907128,77.602952 -> 12.911925,77.609334",True,call police,Emergency,Trigger emergency alert and share location
5,"Residential Street, Mumbai",Mumbai,19.07348,72.912824,Residential Street,7,2,8,4,80,10,None,37.27,Medium,76.94,"19.071867,72.913727 -> 19.077325,72.912734 -> 19.077392,72.906275 -> 19.075535,72.913042 -> 19.072732,72.913053",True,dad,Relative,Notify selected relative
6,"Main Road, Hyderabad",Hyderabad,17.315435,78.479011,Main Road,4,5,1,3,12,7,Stalking,41.0,Medium,66.59,"17.31913,78.477715 -> 17.313414,78.477757 -> 17.317724,78.479833 -> 17.314111,78.480294 -> 17.315678,78.481433",True,call my sister,Relative,Notify selected relative
7,"Market Road, Pune",Pune,18.495828,73.845232,Market Road,6,6,3,10,34,2,Theft,34.95,Medium,76.38,"18.492169,73.845972 -> 18.496481,73.845245 -> 18.495242,73.841694 -> 18.494776,73.844375 -> 18.493822,73.844829 -> 18.496838,73.849947 -> 18.496264,73.845876",True,help me,Help,Trigger emergency alert and share location
8,"Market Road, Bengaluru",Bengaluru,12.968994,77.527443,Market Road,8,7,4,10,88,9,Sexual Harassment,30.82,Medium,84.45,"12.969145,77.533601 -> 12.968513,77.528197 -> 12.968907,77.524521 -> 12.971851,77.529323",True,call my mother,Relative,Notify selected relative
9,"Bus Stop Area, Visakhapatnam",Visakhapatnam,17.714486,83.186671,Bus Stop Area,1,6,6,4,8,4,None,39.45,Medium,74.16,"17.710981,83.188138 -> 17.719962,83.184195 -> 17.71307,83.18692 -> 17.713227,83.182794 -> 17.714657,83.184015 -> 17.71567,83.184372 -> 17.718361,83.184713",True,call my mother,Relative,Notify selected relative
10,"Park Road, Mumbai",Mumbai,19.064728,72.906173,Park Road,8,3,4,2,31,9,Assault,34.48,Medium,69.17,"19.065297,72.909441 -> 19.060709,72.906635 -> 19.065378,72.908128 -> 19.061636,72.902872 -> 19.066033,72.906915 -> 19.065354,72.907039 -> 19.063028,72.906754",True,call police,Emergency,Trigger emergency alert and share location
11,"Park Road, Delhi",Delhi,28.624158,77.183998,Park Road,6,4,2,8,63,2,None,45.48,Medium,75.25,"28.625343,77.18102 -> 28.625799,77.181561 -> 28.626126,77.186894",True,help,Help,Trigger emergency alert and share location
12,"Park Road, Vijayawada",Vijayawada,16.477476,80.681718,Park Road,10,2,6,6,76,8,Abduction,33.91,Medium,83.35,"16.479531,80.68646 -> 16.476863,80.679834 -> 16.475252,80.679678 -> 16.477283,80.682571 -> 16.478168,80.683786 -> 16.477509,80.685352 -> 16.476814,80.688518",True,call police,Emergency,Trigger emergency alert and share location
13,"Residential Street, Visakhapatnam",Visakhapatnam,17.708698,83.188499,Residential Street,9,5,10,5,14,5,Harassment,19.95,Low,90.39,"17.709904,83.18794 -> 17.710483,83.189682 -> 17.708516,83.186382 -> 17.704911,83.187383 -> 17.710839,83.189034 -> 17.705584,83.188932",True,help me,Help,Trigger emergency alert and share location
14,"Market Road, Chennai",Chennai,13.096186,80.239765,Market Road,9,2,10,4,81,9,None,31.98,Medium,83.79,"13.096332,80.236908 -> 13.09708,80.241167 -> 13.098894,80.2424 -> 13.092742,80.23742 -> 13.097474,80.241049 -> 13.097474,80.249397 -> 13.097613,80.242604",True,save me,Help,Trigger emergency alert and share location
15,"Main Road, Vijayawada",Vijayawada,16.53959,80.670799,Main Road,10,6,7,0,14,6,None,24.5,Low,85.42,"16.541487,80.668867 -> 16.538998,80.669586 -> 16.539795,80.676586 -> 16.534922,80.672515 -> 16.535558,80.669619",True,save me,Help,Trigger emergency alert and share location
16,"Residential Street, Hyderabad",Hyderabad,17.423113,78.48895,Residential Street,8,2,8,2,16,8,None,28.91,Low,77.5,"17.421325,78.490649 -> 17.421287,78.489491 -> 17.423227,78.487321 -> 17.428473,78.490535 -> 17.41805,78.489416 -> 17.421459,78.491081 -> 17.421132,78.488663",True,help me,Help,Trigger emergency alert and share location
17,"Bus Stop Area, Delhi",Delhi,28.631575,77.239301,Bus Stop Area,9,4,4,6,85,6,Harassment,38.98,Medium,68.42,"28.630739,77.238114 -> 28.629942,77.243715 -> 28.632587,77.236149 -> 28.63387,77.244606 -> 28.634156,77.235503 -> 28.630364,77.242468",True,mom,Relative,Notify selected relative
18,"Bus Stop Area, Bengaluru",Bengaluru,12.946832,77.610134,Bus Stop Area,2,6,0,9,70,4,None,51.14,Medium,60.64,"12.944515,77.609985 -> 12.938729,77.607573 -> 12.946201,77.607015 -> 12.950913,77.606559 -> 12.945732,77.610461 -> 12.950435,77.606544 -> 12.94974,77.61016",True,save me,Help,Trigger emergency alert and share location
19,"Bus Stop Area, Visakhapatnam",Visakhapatnam,17.652447,83.234674,Bus Stop Area,2,1,5,1,65,4,None,57.61,Medium,48.18,"17.650946,83.234849 -> 17.651484,83.234958 -> 17.654102,83.238639 -> 17.649352,83.240007 -> 17.647567,83.234295",True,call my sister,Relative,Notify selected relative
20,"Industrial Road, Vijayawada",Vijayawada,16.526791,80.657835,Industrial Road,4,8,6,3,12,2,Harassment,34.64,Medium,70.55,"16.526271,80.656602 -> 16.525318,80.659959 -> 16.527684,80.656103 -> 16.52904,80.658603 -> 16.528823,80.659409 -> 16.524719,80.656435",True,call my mother,Relative,Notify selected relative
21,"Main Road, Mumbai",Mumbai,19.102155,72.899063,Main Road,2,1,6,5,13,4,Theft,44.34,Medium,63.65,"19.102448,72.902257 -> 19.100676,72.900431 -> 19.10165,72.898519 -> 19.104902,72.901127",True,save me,Help,Trigger emergency alert and share location
22,"Park Road, Vijayawada",Vijayawada,16.534673,80.693692,Park Road,3,5,7,3,9,8,None,33.25,Medium,74.86,"16.536378,80.692916 -> 16.535483,80.693367 -> 16.534915,80.69518 -> 16.532627,80.698923 -> 16.532158,80.690657 -> 16.537568,80.695671 -> 16.536233,80.695263",True,help,Help,Trigger emergency alert and share location
23,"Residential Street, Visakhapatnam",Visakhapatnam,17.686371,83.187096,Residential Street,4,3,6,7,61,4,None,43.8,Medium,67.68,"17.684678,83.189534 -> 17.686003,83.185032 -> 17.685568,83.188128 -> 17.684962,83.18504 -> 17.68698,83.187708 -> 17.685104,83.185918",False,none,No Alert,No action
24,"Park Road, Visakhapatnam",Visakhapatnam,17.694922,83.167817,Park Road,5,8,4,6,89,9,None,38.7,Medium,64.46,"17.693126,83.167283 -> 17.695699,83.171505 -> 17.697066,83.167417 -> 17.694874,83.165311 -> 17.694876,83.167095 -> 17.695729,83.165749",True,help me,Help,Trigger emergency alert and share location
25,"Main Road, Bengaluru",Bengaluru,12.989777,77.648246,Main Road,10,9,0,5,7,1,Theft,28.84,Low,82.12,"12.990781,77.649971 -> 12.988774,77.648806 -> 12.989808,77.64849 -> 12.987844,77.648307 -> 12.991022,77.651874 -> 12.992175,77.653629 -> 12.987859,77.650427",True,call my sister,Relative,Notify selected relative
26,"Main Road, Vijayawada",Vijayawada,16.512617,80.724643,Main Road,9,2,2,1,76,2,None,51.18,Medium,53.68,"16.510518,80.723145 -> 16.507307,80.723329 -> 16.510719,80.725019 -> 16.513471,80.729333",True,call my father,Relative,Notify selected relative
27,"Main Road, Bengaluru",Bengaluru,13.004865,77.574408,Main Road,10,2,6,10,74,10,Sexual Harassment,28.14,Low,85.37,"13.006095,77.571107 -> 13.009444,77.577357 -> 13.003692,77.570125 -> 13.00825,77.574122 -> 13.00796,77.570422 -> 13.003367,77.574421 -> 13.004982,77.573283",True,call my mother,Relative,Notify selected relative
28,"College Road, Bengaluru",Bengaluru,12.9934,77.557233,College Road,4,5,6,2,85,5,Sexual Harassment,48.52,Medium,58.37,"12.993701,77.558519 -> 12.995179,77.554421 -> 12.989565,77.560427 -> 12.994231,77.555362 -> 12.997278,77.557522 -> 12.996348,77.557402",True,call my mother,Relative,Notify selected relative
29,"Main Road, Hyderabad",Hyderabad,17.457126,78.548137,Main Road,8,10,9,1,9,9,None,15.52,Low,94.83,"17.459555,78.54975 -> 17.460548,78.545725 -> 17.458841,78.550783 -> 17.452729,78.545179",True,mom,Relative,Notify selected relative
30,"Residential Street, Pune",Pune,18.449027,73.847271,Residential Street,4,6,4,2,56,9,Abduction,41.64,Medium,68.55,"18.452783,73.847456 -> 18.453099,73.843821 -> 18.444769,73.847132 -> 18.449987,73.847189 -> 18.443858,73.847048",True,dad,Relative,Notify selected relative
31,"Railway Station Road, Visakhapatnam",Visakhapatnam,17.641144,83.241939,Railway Station Road,2,3,4,1,13,9,None,43.43,Medium,62.7,"17.638794,83.240654 -> 17.638496,83.241782 -> 17.643532,83.239475 -> 17.642404,83.240613",True,call police,Emergency,Trigger emergency alert and share location
32,"College Road, Bengaluru",Bengaluru,12.943849,77.590854,College Road,4,5,8,7,32,1,Robbery,36.45,Medium,70.47,"12.942465,77.587859 -> 12.948761,77.590942 -> 12.9421,77.591389",True,call my father,Relative,Notify selected relative
33,"Main Road, Visakhapatnam",Visakhapatnam,17.682869,83.210766,Main Road,6,3,10,4,20,8,Theft,27.27,Low,88.4,"17.684763,83.20944 -> 17.681429,83.210078 -> 17.677114,83.206978 -> 17.686286,83.214878 -> 17.682246,83.212207 -> 17.683647,83.218463 -> 17.685668,83.210446",True,call my father,Relative,Notify selected relative
34,"Residential Street, Hyderabad",Hyderabad,17.351556,78.430474,Residential Street,3,9,0,5,74,9,None,44.95,Medium,61.96,"17.349665,78.426918 -> 17.34994,78.42777 -> 17.355774,78.432678 -> 17.351536,78.434174",True,call my father,Relative,Notify selected relative
35,"College Road, Chennai",Chennai,13.085408,80.240555,College Road,1,6,3,10,31,2,Sexual Harassment,43.57,Medium,73.35,"13.086755,80.237962 -> 13.084932,80.238366 -> 13.081951,80.24287 -> 13.090182,80.237059 -> 13.086815,80.238928",True,mom,Relative,Notify selected relative
36,"Market Road, Delhi",Delhi,28.596851,77.188266,Market Road,4,3,2,6,3,3,Robbery,41.84,Medium,62.24,"28.596972,77.186189 -> 28.597527,77.18814 -> 28.596254,77.185997 -> 28.595409,77.190154 -> 28.598103,77.185822",True,call my father,Relative,Notify selected relative
37,"Railway Station Road, Bengaluru",Bengaluru,12.975077,77.620899,Railway Station Road,3,2,6,0,60,4,None,53.18,Medium,43.87,"12.976435,77.619242 -> 12.976503,77.618991 -> 12.970565,77.61683 -> 12.975197,77.621548",True,call my sister,Relative,Notify selected relative
38,"Bus Stop Area, Bengaluru",Bengaluru,12.939949,77.616951,Bus Stop Area,1,4,6,5,35,2,Stalking,47.39,Medium,51.61,"12.939784,77.613923 -> 12.938319,77.617069 -> 12.937798,77.61599 -> 12.942465,77.615509 -> 12.942038,77.614127",True,call my mother,Relative,Notify selected relative
39,"College Road, Delhi",Delhi,28.632443,77.259455,College Road,1,2,4,2,74,5,Theft,59.05,Medium,32.8,"28.630451,77.260898 -> 28.631935,77.260383 -> 28.630933,77.259671",True,help,Help,Trigger emergency alert and share location
40,"College Road, Pune",Pune,18.514951,73.897572,College Road,7,10,8,1,49,10,None,24.16,Low,87.41,"18.515795,73.896542 -> 18.513732,73.896491 -> 18.515937,73.89652 -> 18.515675,73.902761",True,call police,Emergency,Trigger emergency alert and share location
41,"Main Road, Delhi",Delhi,28.644389,77.197589,Main Road,9,9,10,10,25,6,Abduction,10.8,Low,100.0,"28.643369,77.192494 -> 28.641869,77.192912 -> 28.64351,77.197635 -> 28.64858,77.198406 -> 28.643841,77.199663 -> 28.638861,77.198178",True,help,Help,Trigger emergency alert and share location
42,"College Road, Pune",Pune,18.54738,73.804949,College Road,2,5,8,4,85,7,Stalking,45.8,Medium,68.32,"18.548226,73.803911 -> 18.548962,73.810626 -> 18.547835,73.80557 -> 18.546232,73.802824 -> 18.549456,73.802809",True,call my father,Relative,Notify selected relative
43,"Bus Stop Area, Vijayawada",Vijayawada,16.508705,80.631282,Bus Stop Area,7,7,10,2,78,10,Theft,29.23,Low,85.17,"16.509539,80.633876 -> 16.50743,80.630607 -> 16.506258,80.630171 -> 16.509648,80.633174 -> 16.5064,80.633456",True,call my father,Relative,Notify selected relative
44,"Railway Station Road, Visakhapatnam",Visakhapatnam,17.734247,83.23297,Railway Station Road,5,4,6,9,77,6,Harassment,39.52,Medium,83.16,"17.732313,83.229858 -> 17.7298,83.23671 -> 17.735883,83.232831 -> 17.734947,83.230156 -> 17.740361,83.233293 -> 17.73452,83.234784",True,call my sister,Relative,Notify selected relative
45,"Industrial Road, Bengaluru",Bengaluru,12.988435,77.602436,Industrial Road,3,2,4,8,84,10,Robbery,47.0,Medium,59.05,"12.989614,77.607141 -> 12.991799,77.606419 -> 12.987157,77.599962 -> 12.988121,77.602575 -> 12.99117,77.598205",True,help,Help,Trigger emergency alert and share location
46,"Railway Station Road, Bengaluru",Bengaluru,13.025134,77.58907,Railway Station Road,4,4,2,0,5,4,Sexual Harassment,45.34,Medium,56.72,"13.022604,77.584933 -> 13.027192,77.589253 -> 13.021909,77.585832 -> 13.024295,77.593243 -> 13.024485,77.585312 -> 13.02452,77.588388",True,dad,Relative,Notify selected relative
47,"Industrial Road, Hyderabad",Hyderabad,17.290609,78.4848,Industrial Road,7,10,3,6,63,7,Stalking,31.39,Medium,78.76,"17.29235,78.489422 -> 17.293425,78.484128 -> 17.287843,78.491233 -> 17.290757,78.484835",True,help me,Help,Trigger emergency alert and share location
48,"Residential Street, Visakhapatnam",Visakhapatnam,17.685956,83.225433,Residential Street,7,4,2,8,59,1,Sexual Harassment,43.93,Medium,67.55,"17.684522,83.224066 -> 17.685874,83.224074 -> 17.684174,83.225699 -> 17.685319,83.229193 -> 17.679329,83.228162 -> 17.689071,83.22025 -> 17.685099,83.224504",True,save me,Help,Trigger emergency alert and share location
49,"Industrial Road, Hyderabad",Hyderabad,17.335737,78.459476,Industrial Road,3,8,10,8,71,10,Theft,28.57,Low,78.88,"17.340118,78.461815 -> 17.338916,78.46128 -> 17.332914,78.458165 -> 17.33696,78.456421 -> 17.337519,78.458875",True,call my sister,Relative,Notify selected relative
50,"Industrial Road, Delhi",Delhi,28.600781,77.233884,Industrial Road,3,8,7,4,96,4,Harassment,45.73,Medium,65.19,"28.599879,77.236782 -> 28.598078,77.235424 -> 28.602264,77.23311 -> 28.601596,77.230756 -> 28.603091,77.233422",True,mom,Relative,Notify selected relative
51,"Railway Station Road, Bengaluru",Bengaluru,12.953305,77.631315,Railway Station Road,8,2,4,3,34,6,None,38.14,Medium,68.84,"12.949784,77.627423 -> 12.95482,77.628114 -> 12.957692,77.62611 -> 12.957546,77.631843 -> 12.953063,77.629953",True,mom,Relative,Notify selected relative
52,"Bus Stop Area, Vijayawada",Vijayawada,16.52017,80.646683,Bus Stop Area,7,3,3,1,53,7,Harassment,43.89,Medium,69.43,"16.520456,80.647059 -> 16.519261,80.646541 -> 16.52094,80.642408 -> 16.5168,80.648541 -> 16.520597,80.646223",True,mom,Relative,Notify selected relative
53,"Bus Stop Area, Visakhapatnam",Visakhapatnam,17.687445,83.230665,Bus Stop Area,7,7,9,0,97,10,None,35.43,Medium,71.97,"17.685499,83.231155 -> 17.684999,83.231686 -> 17.683189,83.233238 -> 17.688626,83.231305 -> 17.689902,83.234829 -> 17.689981,83.226063",True,call my sister,Relative,Notify selected relative
54,"Railway Station Road, Pune",Pune,18.475615,73.834831,Railway Station Road,7,7,8,8,77,4,None,31.8,Medium,83.54,"18.476909,73.833017 -> 18.476082,73.832943 -> 18.474086,73.831314 -> 18.473307,73.831452 -> 18.473175,73.837465 -> 18.473242,73.841412",True,save me,Help,Trigger emergency alert and share location
55,"Main Road, Mumbai",Mumbai,19.093266,72.884169,Main Road,7,6,10,10,51,3,Abduction,25.39,Low,87.92,"19.095017,72.88273 -> 19.093571,72.890569 -> 19.093026,72.887042 -> 19.091508,72.884082 -> 19.097693,72.882602 -> 19.097797,72.885938",True,help me,Help,Trigger emergency alert and share location
56,"Park Road, Visakhapatnam",Visakhapatnam,17.667114,83.240634,Park Road,10,10,10,0,10,7,None,13.41,Low,100.0,"17.668669,83.236708 -> 17.665296,83.240015 -> 17.666928,83.242186 -> 17.667558,83.237296",True,call my sister,Relative,Notify selected relative
57,"Park Road, Chennai",Chennai,13.096007,80.292071,Park Road,6,4,7,5,43,7,None,33.66,Medium,80.94,"13.098709,80.294156 -> 13.097155,80.291896 -> 13.091855,80.293145 -> 13.096526,80.29275 -> 13.092815,80.289368",True,call my father,Relative,Notify selected relative
58,"Industrial Road, Hyderabad",Hyderabad,17.42186,78.485316,Industrial Road,1,9,0,5,28,2,Abduction,47.64,Medium,60.07,"17.421931,78.48539 -> 17.424206,78.484026 -> 17.4221,78.48416",False,none,No Alert,No action
59,"Main Road, Bengaluru",Bengaluru,12.956393,77.583779,Main Road,10,3,3,2,60,2,Harassment,43.18,Medium,68.83,"12.955196,77.586918 -> 12.954156,77.583312 -> 12.955294,77.587396 -> 12.956884,77.586359 -> 12.952679,77.584447 -> 12.958617,77.583985 -> 12.959057,77.582486",True,save me,Help,Trigger emergency alert and share location
60,"College Road, Chennai",Chennai,13.132027,80.351161,College Road,3,10,9,1,99,3,Theft,44.39,Medium,61.4,"13.130913,80.354794 -> 13.135976,80.349854 -> 13.130977,80.350457 -> 13.128666,80.348864 -> 13.129517,80.349242",True,help,Help,Trigger emergency alert and share location
61,"Park Road, Chennai",Chennai,13.081486,80.278898,Park Road,7,4,1,9,88,4,Sexual Harassment,46.27,Medium,73.88,"13.07899,80.281359 -> 13.080951,80.278774 -> 13.083173,80.276091",True,call police,Emergency,Trigger emergency alert and share location
62,"Main Road, Hyderabad",Hyderabad,17.398384,78.492526,Main Road,6,9,6,10,47,2,None,28.84,Low,88.42,"17.399107,78.498664 -> 17.39679,78.491199 -> 17.396826,78.491137 -> 17.396791,78.495499 -> 17.401935,78.491099 -> 17.396303,78.493705 -> 17.397003,78.494108",True,call my mother,Relative,Notify selected relative
63,"Industrial Road, Delhi",Delhi,28.621002,77.155949,Industrial Road,2,7,5,10,58,3,Assault,41.05,Medium,77.79,"28.625492,77.154417 -> 28.620033,77.156664 -> 28.621838,77.157595 -> 28.626028,77.155507 -> 28.619006,77.152501 -> 28.619175,77.155866",True,help me,Help,Trigger emergency alert and share location
64,"Industrial Road, Chennai",Chennai,13.14551,80.252584,Industrial Road,8,7,9,4,41,4,Sexual Harassment,26.52,Low,88.3,"13.145469,80.255555 -> 13.151827,80.251257 -> 13.144286,80.255194",True,call police,Emergency,Trigger emergency alert and share location
65,"Industrial Road, Bengaluru",Bengaluru,12.995466,77.659235,Industrial Road,10,10,10,6,43,1,None,18.66,Low,100.0,"12.994568,77.660712 -> 12.998238,77.661286 -> 12.996734,77.661902 -> 12.998389,77.66269 -> 12.997088,77.658817 -> 12.995833,77.662251",True,call my mother,Relative,Notify selected relative
66,"College Road, Bengaluru",Bengaluru,12.943007,77.607504,College Road,5,6,4,9,89,5,Theft,42.34,Medium,67.99,"12.943079,77.6107 -> 12.943485,77.60762 -> 12.939607,77.60937 -> 12.944621,77.612912 -> 12.942238,77.608052 -> 12.94363,77.611448 -> 12.942769,77.608202",False,none,No Alert,No action
67,"Residential Street, Bengaluru",Bengaluru,12.992876,77.601131,Residential Street,4,7,7,8,97,4,Harassment,41.8,Medium,68.27,"12.993361,77.603815 -> 12.99031,77.601463 -> 12.991126,77.604119 -> 12.989068,77.599734 -> 12.993819,77.605045 -> 12.992712,77.599743",True,call my sister,Relative,Notify selected relative
68,"Residential Street, Visakhapatnam",Visakhapatnam,17.75264,83.16782,Residential Street,5,4,6,3,39,10,Theft,35.3,Medium,62.81,"17.75374,83.166565 -> 17.750087,83.169591 -> 17.75325,83.16641 -> 17.749439,83.170001 -> 17.754266,83.167572",True,call my sister,Relative,Notify selected relative
69,"Park Road, Pune",Pune,18.585032,73.819247,Park Road,9,6,5,7,34,5,None,26.77,Low,80.2,"18.583302,73.819133 -> 18.58564,73.818644 -> 18.585912,73.816118 -> 18.588641,73.819042 -> 18.587825,73.820104",True,save me,Help,Trigger emergency alert and share location
70,"College Road, Bengaluru",Bengaluru,12.987586,77.614542,College Road,2,9,2,3,27,8,Abduction,39.3,Medium,67.64,"12.989193,77.617865 -> 12.988077,77.616315 -> 12.987362,77.618142 -> 12.985895,77.619044 -> 12.987486,77.610965",True,dad,Relative,Notify selected relative
71,"Residential Street, Chennai",Chennai,13.087184,80.246863,Residential Street,4,5,3,5,22,5,None,39.86,Medium,72.54,"13.085552,80.245748 -> 13.08246,80.245732 -> 13.081124,80.242903",True,mom,Relative,Notify selected relative
72,"Main Road, Visakhapatnam",Visakhapatnam,17.713415,83.246003,Main Road,9,5,2,10,96,8,Theft,36.64,Medium,80.69,"17.710998,83.245884 -> 17.713406,83.243107 -> 17.717173,83.248196",False,none,No Alert,No action
73,"Industrial Road, Mumbai",Mumbai,19.068266,72.878641,Industrial Road,8,6,2,0,32,8,Harassment,36.0,Medium,72.44,"19.063162,72.878023 -> 19.066561,72.876137 -> 19.067563,72.883135",True,help,Help,Trigger emergency alert and share location
74,"Main Road, Hyderabad",Hyderabad,17.40743,78.466709,Main Road,3,3,9,4,10,4,Assault,36.14,Medium,76.43,"17.410928,78.469021 -> 17.407579,78.465092 -> 17.409176,78.467693",True,mom,Relative,Notify selected relative
75,"Park Road, Bengaluru",Bengaluru,13.002932,77.616831,Park Road,8,8,4,9,54,5,None,28.59,Low,91.36,"13.001594,77.620124 -> 13.003426,77.622019 -> 13.001209,77.621171 -> 13.003427,77.615202 -> 13.001722,77.61603 -> 13.003992,77.618138 -> 13.001498,77.61677",True,dad,Relative,Notify selected relative
76,"Bus Stop Area, Hyderabad",Hyderabad,17.459979,78.547164,Bus Stop Area,4,5,10,1,20,4,None,34.55,Medium,76.54,"17.460074,78.547464 -> 17.461513,78.544607 -> 17.459336,78.542993 -> 17.460977,78.548782",True,mom,Relative,Notify selected relative
77,"Park Road, Visakhapatnam",Visakhapatnam,17.669888,83.27359,Park Road,8,10,7,4,4,4,Stalking,19.27,Low,87.3,"17.666227,83.274151 -> 17.672506,83.2778 -> 17.668741,83.276287 -> 17.669792,83.273158 -> 17.672097,83.275221",True,call police,Emergency,Trigger emergency alert and share location
78,"Residential Street, Mumbai",Mumbai,19.020826,72.929379,Residential Street,4,5,10,9,84,4,Theft,37.45,Medium,83.95,"19.019262,72.930369 -> 19.022061,72.930031 -> 19.01945,72.9277 -> 19.020762,72.932311 -> 19.022185,72.928452 -> 19.022755,72.922258",True,help,Help,Trigger emergency alert and share location
79,"Railway Station Road, Vijayawada",Vijayawada,16.546407,80.58711,Railway Station Road,3,2,0,2,39,10,Harassment,50.75,Medium,51.24,"16.543608,80.583873 -> 16.549309,80.585941 -> 16.547273,80.586993 -> 16.5476,80.587302 -> 16.5432,80.589601 -> 16.545173,80.583219 -> 16.545337,80.590862",True,call police,Emergency,Trigger emergency alert and share location
80,"Railway Station Road, Mumbai",Mumbai,19.105758,72.865497,Railway Station Road,7,5,8,8,63,8,None,28.66,Low,84.79,"19.104954,72.870689 -> 19.106713,72.866572 -> 19.108334,72.866094",True,dad,Relative,Notify selected relative
81,"College Road, Delhi",Delhi,28.604834,77.202128,College Road,10,5,0,1,29,10,Abduction,33.25,Medium,75.09,"28.604741,77.203947 -> 28.604964,77.20396 -> 28.604632,77.202325 -> 28.599838,77.204419 -> 28.6057,77.204623 -> 28.597593,77.207349 -> 28.604485,77.204898",False,none,No Alert,No action
82,"Main Road, Chennai",Chennai,13.046303,80.292147,Main Road,3,8,8,10,56,5,Harassment,31.64,Medium,76.5,"13.044744,80.296932 -> 13.045826,80.292691 -> 13.048478,80.293386 -> 13.046679,80.293059",True,dad,Relative,Notify selected relative
83,"Residential Street, Mumbai",Mumbai,19.16012,72.875683,Residential Street,8,6,6,5,41,2,Harassment,32.89,Medium,81.02,"19.162747,72.878447 -> 19.163088,72.87728 -> 19.157262,72.879767 -> 19.157254,72.87644",True,call my mother,Relative,Notify selected relative
84,"Railway Station Road, Mumbai",Mumbai,19.0496,72.875455,Railway Station Road,7,9,0,7,11,6,None,28.57,Low,83.58,"19.050403,72.87651 -> 19.053634,72.876589 -> 19.04899,72.877865 -> 19.052574,72.872386 -> 19.051094,72.877208",True,call my mother,Relative,Notify selected relative
85,"Main Road, Delhi",Delhi,28.603485,77.25715,Main Road,9,8,6,0,24,9,Assault,23.82,Low,85.63,"28.603799,77.256717 -> 28.603524,77.254409 -> 28.599885,77.261136 -> 28.601368,77.254672 -> 28.598102,77.255553",True,dad,Relative,Notify selected relative
86,"Main Road, Mumbai",Mumbai,19.029692,72.935171,Main Road,4,5,8,2,36,8,None,35.27,Medium,78.38,"19.027972,72.940802 -> 19.032146,72.934359 -> 19.023443,72.940898 -> 19.026218,72.931058 -> 19.032248,72.94127 -> 19.033153,72.936581",True,help,Help,Trigger emergency alert and share location
87,"Market Road, Bengaluru",Bengaluru,12.992416,77.62447,Market Road,5,9,0,8,52,2,Harassment,41.45,Medium,71.94,"12.993119,77.624731 -> 12.99226,77.622585 -> 12.991714,77.620238 -> 12.99217,77.621999",True,help,Help,Trigger emergency alert and share location
88,"Market Road, Hyderabad",Hyderabad,17.346374,78.492996,Market Road,8,5,8,4,53,8,Harassment,28.89,Low,91.27,"17.34867,78.48907 -> 17.3439,78.495348 -> 17.343918,78.492434 -> 17.347749,78.490575 -> 17.346637,78.489661 -> 17.344871,78.493795",True,save me,Help,Trigger emergency alert and share location
89,"Park Road, Vijayawada",Vijayawada,16.450445,80.663417,Park Road,4,10,8,2,8,5,Sexual Harassment,26.73,Low,81.77,"16.451826,80.663977 -> 16.453855,80.66373 -> 16.449371,80.663723 -> 16.451803,80.663539 -> 16.450546,80.661662 -> 16.448788,80.65991",True,call my mother,Relative,Notify selected relative
90,"Main Road, Chennai",Chennai,13.143935,80.227165,Main Road,5,5,9,9,84,8,Theft,33.36,Medium,77.97,"13.142139,80.229402 -> 13.143198,80.230284 -> 13.142251,80.227862 -> 13.141847,80.232528",True,call my sister,Relative,Notify selected relative
91,"College Road, Pune",Pune,18.478834,73.867544,College Road,9,9,6,7,41,4,Harassment,23.34,Low,94.93,"18.479868,73.867081 -> 18.478509,73.867654 -> 18.478466,73.869954 -> 18.48436,73.86615",True,dad,Relative,Notify selected relative
92,"Main Road, Delhi",Delhi,28.565957,77.20591,Main Road,6,8,6,6,84,3,None,38.82,Medium,86.08,"28.563948,77.210008 -> 28.570151,77.204526 -> 28.567379,77.209981 -> 28.565009,77.205401 -> 28.564503,77.203373 -> 28.564334,77.20285",False,none,No Alert,No action
93,"Residential Street, Pune",Pune,18.521593,73.829751,Residential Street,8,2,8,7,1,3,None,26.52,Low,89.95,"18.517703,73.830578 -> 18.523677,73.824767 -> 18.522528,73.83282 -> 18.518569,73.833932 -> 18.522641,73.827988 -> 18.521454,73.831147",True,help me,Help,Trigger emergency alert and share location
94,"College Road, Chennai",Chennai,13.08536,80.289556,College Road,10,7,10,1,42,9,Stalking,19.86,Low,89.23,"13.085783,80.286022 -> 13.085082,80.287296 -> 13.083521,80.292646 -> 13.088088,80.291079 -> 13.082629,80.288765 -> 13.088393,80.28991",True,call my mother,Relative,Notify selected relative
95,"Main Road, Mumbai",Mumbai,19.157177,72.891466,Main Road,10,2,3,10,87,5,Harassment,38.84,Medium,78.62,"19.156404,72.8918 -> 19.156796,72.893236 -> 19.159569,72.889501 -> 19.153849,72.886875",True,help,Help,Trigger emergency alert and share location
96,"Residential Street, Hyderabad",Hyderabad,17.40278,78.448082,Residential Street,8,3,4,0,5,6,Harassment,34.89,Medium,62.75,"17.403751,78.454314 -> 17.402765,78.450178 -> 17.402985,78.447835",True,call police,Emergency,Trigger emergency alert and share location
97,"Market Road, Delhi",Delhi,28.646068,77.19884,Market Road,4,9,6,9,87,3,None,38.84,Medium,75.0,"28.646872,77.19717 -> 28.648548,77.198403 -> 28.644179,77.200181 -> 28.643822,77.19891",True,help me,Help,Trigger emergency alert and share location
98,"Bus Stop Area, Delhi",Delhi,28.613581,77.247006,Bus Stop Area,8,10,2,3,59,5,Stalking,34.84,Medium,77.03,"28.613518,77.24905 -> 28.617057,77.248401 -> 28.613607,77.243726 -> 28.610918,77.246243 -> 28.612057,77.246539 -> 28.613723,77.24833",True,call police,Emergency,Trigger emergency alert and share location
99,"Railway Station Road, Mumbai",Mumbai,19.073533,72.894728,Railway Station Road,9,3,1,7,44,10,Stalking,33.36,Medium,79.56,"19.068594,72.89238 -> 19.073173,72.891704 -> 19.075033,72.898555 -> 19.07658,72.894194 -> 19.07726,72.8951",True,call my father,Relative,Notify selected relative
100,"Railway Station Road, Mumbai",Mumbai,19.064202,72.856231,Railway Station Road,4,7,7,1,30,7,Theft,34.77,Medium,71.11,"19.063232,72.856657 -> 19.064603,72.856239 -> 19.065294,72.859208 -> 19.066576,72.852519 -> 19.057817,72.858567 -> 19.060785,72.855669 -> 19.061277,72.851726",True,call my mother,Relative,Notify selected relative
101,"Main Road, Chennai",Chennai,13.101651,80.29727,Main Road,7,5,0,9,87,1,Robbery,48.84,Medium,60.18,"13.095173,80.295904 -> 13.102631,80.293573 -> 13.102109,80.297232 -> 13.103099,80.297569 -> 13.099218,80.300261 -> 13.101255,80.297202 -> 13.099318,80.296162",True,call my sister,Relative,Notify selected relative
102,"Bus Stop Area, Chennai",Chennai,13.051732,80.264647,Bus Stop Area,10,6,3,10,24,10,Stalking,18.82,Low,100.0,"13.048302,80.260613 -> 13.05541,80.264124 -> 13.050059,80.267247 -> 13.050218,80.269212 -> 13.053427,80.263427",True,help me,Help,Trigger emergency alert and share location
103,"Railway Station Road, Visakhapatnam",Visakhapatnam,17.762306,83.1973,Railway Station Road,8,1,9,5,93,3,None,42.98,Medium,75.13,"17.763054,83.200554 -> 17.76621,83.19738 -> 17.760422,83.19845",True,call police,Emergency,Trigger emergency alert and share location
104,"Market Road, Delhi",Delhi,28.59018,77.279469,Market Road,4,3,8,5,67,9,None,39.3,Medium,72.09,"28.589267,77.279931 -> 28.586812,77.27704 -> 28.593181,77.277827 -> 28.587563,77.280811 -> 28.593144,77.281266",True,help me,Help,Trigger emergency alert and share location
105,"Railway Station Road, Mumbai",Mumbai,19.110862,72.851212,Railway Station Road,6,2,7,1,18,4,Harassment,38.77,Medium,63.12,"19.114615,72.850405 -> 19.110235,72.854532 -> 19.112253,72.852352 -> 19.116275,72.849603 -> 19.113182,72.851355 -> 19.111533,72.855033",True,mom,Relative,Notify selected relative
106,"Main Road, Delhi",Delhi,28.631674,77.22784,Main Road,5,9,1,7,47,5,Robbery,37.48,Medium,77.29,"28.630762,77.225742 -> 28.629062,77.222924 -> 28.636815,77.225082 -> 28.631121,77.227148 -> 28.632443,77.229879 -> 28.633825,77.226382 -> 28.631256,77.228546",True,call my father,Relative,Notify selected relative
107,"Residential Street, Pune",Pune,18.511696,73.912957,Residential Street,4,8,0,9,71,6,Stalking,43.11,Medium,68.84,"18.513533,73.914614 -> 18.51463,73.91341 -> 18.508454,73.913956 -> 18.510068,73.911635 -> 18.513162,73.916053 -> 18.511749,73.913729 -> 18.515952,73.913559",True,save me,Help,Trigger emergency alert and share location
108,"Railway Station Road, Mumbai",Mumbai,19.167059,72.897493,Railway Station Road,7,2,2,0,4,5,None,41.55,Medium,56.25,"19.168942,72.898446 -> 19.170283,72.899176 -> 19.166713,72.894432 -> 19.166536,72.895367 -> 19.165608,72.898964 -> 19.171234,72.89848",True,help,Help,Trigger emergency alert and share location
109,"Park Road, Vijayawada",Vijayawada,16.464344,80.663561,Park Road,8,6,10,8,53,10,Stalking,19.34,Low,100.0,"16.46282,80.663226 -> 16.464381,80.661599 -> 16.465965,80.663259 -> 16.465393,80.661342",True,call my father,Relative,Notify selected relative
110,"Park Road, Mumbai",Mumbai,19.060689,72.902983,Park Road,5,1,5,3,56,8,None,45.27,Medium,61.46,"19.065006,72.901984 -> 19.061251,72.905314 -> 19.057143,72.898581 -> 19.056875,72.906139",True,call my mother,Relative,Notify selected relative
111,"College Road, Pune",Pune,18.501085,73.946237,College Road,1,7,4,3,15,8,Stalking,39.2,Medium,62.87,"18.501546,73.950092 -> 18.5061,73.951391 -> 18.504106,73.948797",True,save me,Help,Trigger emergency alert and share location
112,"Main Road, Visakhapatnam",Visakhapatnam,17.707538,83.245743,Main Road,6,4,2,9,26,2,Theft,38.68,Medium,70.66,"17.705493,83.245735 -> 17.707113,83.24461 -> 17.709279,83.248131 -> 17.707759,83.249437 -> 17.704684,83.245259 -> 17.705746,83.241077 -> 17.707331,83.245439",True,save me,Help,Trigger emergency alert and share location
113,"College Road, Bengaluru",Bengaluru,13.024571,77.616678,College Road,3,10,0,4,18,3,Robbery,41.05,Medium,59.03,"13.029206,77.619731 -> 13.026026,77.616112 -> 13.022172,77.615747 -> 13.027293,77.621389 -> 13.028429,77.615456 -> 13.021772,77.61703 -> 13.02015,77.617486",True,call police,Emergency,Trigger emergency alert and share location
114,"Main Road, Hyderabad",Hyderabad,17.379834,78.470389,Main Road,3,1,5,3,75,6,None,53.75,Medium,45.28,"17.381118,78.469057 -> 17.376909,78.463208 -> 17.379765,78.47482",True,help me,Help,Trigger emergency alert and share location
115,"Park Road, Vijayawada",Vijayawada,16.564344,80.632002,Park Road,9,2,1,7,57,6,None,40.43,Medium,69.16,"16.565516,80.629506 -> 16.565098,80.633917 -> 16.567411,80.631752 -> 16.563835,80.629807 -> 16.562277,80.631436 -> 16.565262,80.634286 -> 16.562336,80.635734",True,dad,Relative,Notify selected relative
116,"Main Road, Bengaluru",Bengaluru,12.962111,77.593852,Main Road,9,5,7,10,3,1,Harassment,21.39,Low,92.58,"12.95605,77.596062 -> 12.963953,77.593149 -> 12.962278,77.595142 -> 12.958205,77.592529 -> 12.964097,77.590716 -> 12.962845,77.590461",True,call my father,Relative,Notify selected relative
117,"Industrial Road, Hyderabad",Hyderabad,17.401325,78.485453,Industrial Road,8,2,1,5,77,3,None,49.98,Medium,52.35,"17.404237,78.483617 -> 17.399299,78.485954 -> 17.404197,78.482913",True,help me,Help,Trigger emergency alert and share location
118,"Park Road, Pune",Pune,18.522559,73.871709,Park Road,10,9,4,7,64,10,Robbery,22.45,Low,95.91,"18.523,73.870791 -> 18.52049,73.871924 -> 18.519879,73.864406 -> 18.52365,73.873969 -> 18.516652,73.869185 -> 18.524107,73.876853",True,help,Help,Trigger emergency alert and share location
119,"Bus Stop Area, Hyderabad",Hyderabad,17.385728,78.46122,Bus Stop Area,7,8,3,6,43,8,Assault,30.02,Medium,80.36,"17.389165,78.459605 -> 17.38373,78.460013 -> 17.383345,78.461527 -> 17.38979,78.462028 -> 17.385097,78.46049 -> 17.38182,78.463428",True,call my father,Relative,Notify selected relative
120,"Park Road, Pune",Pune,18.517676,73.850383,Park Road,6,5,5,2,87,8,Robbery,43.84,Medium,80.82,"18.518423,73.848504 -> 18.51661,73.853254 -> 18.517959,73.846787",True,help,Help,Trigger emergency alert and share location
121,"Park Road, Hyderabad",Hyderabad,17.417173,78.463315,Park Road,2,6,2,8,7,10,None,33.84,Medium,83.73,"17.419873,78.462197 -> 17.420376,78.463485 -> 17.419305,78.464527 -> 17.415057,78.461706 -> 17.419748,78.462478 -> 17.416164,78.460927 -> 17.418232,78.468471",True,mom,Relative,Notify selected relative
122,"Park Road, Hyderabad",Hyderabad,17.347636,78.487548,Park Road,6,7,0,4,76,5,Theft,47.09,Medium,67.57,"17.347437,78.488679 -> 17.34498,78.488619 -> 17.347168,78.490012 -> 17.350604,78.494022 -> 17.349085,78.488362",True,help,Help,Trigger emergency alert and share location
123,"Market Road, Bengaluru",Bengaluru,12.978403,77.582239,Market Road,8,4,1,5,71,6,Theft,43.57,Medium,68.52,"12.977664,77.58266 -> 12.981697,77.579723 -> 12.981253,77.585532",True,call police,Emergency,Trigger emergency alert and share location
124,"Main Road, Delhi",Delhi,28.609768,77.134735,Main Road,10,5,0,2,34,5,None,37.68,Medium,68.68,"28.61301,77.134678 -> 28.60727,77.133473 -> 28.61187,77.136102 -> 28.609171,77.133818 -> 28.608789,77.132429",True,call my mother,Relative,Notify selected relative
125,"Park Road, Vijayawada",Vijayawada,16.562738,80.636719,Park Road,2,3,10,0,11,9,Harassment,35.84,Medium,76.84,"16.566541,80.639215 -> 16.561659,80.637728 -> 16.562678,80.63446 -> 16.563549,80.633771",True,call my father,Relative,Notify selected relative
126,"Market Road, Pune",Pune,18.561969,73.840438,Market Road,6,5,5,9,76,2,None,41.18,Medium,73.42,"18.562677,73.839791 -> 18.563436,73.839251 -> 18.564147,73.837073",True,help me,Help,Trigger emergency alert and share location
127,"Residential Street, Visakhapatnam",Visakhapatnam,17.691223,83.286363,Residential Street,5,8,10,6,62,10,None,25.32,Low,82.88,"17.689529,83.287648 -> 17.691672,83.28724 -> 17.692446,83.28795 -> 17.693997,83.287388 -> 17.69062,83.288044 -> 17.695973,83.286031",True,call my father,Relative,Notify selected relative
128,"College Road, Hyderabad",Hyderabad,17.350891,78.525448,College Road,7,2,4,10,86,10,Stalking,38.23,Medium,75.77,"17.345459,78.527567 -> 17.349553,78.525222 -> 17.351721,78.525924 -> 17.352665,78.524359 -> 17.352174,78.524799 -> 17.352738,78.526986",True,mom,Relative,Notify selected relative
129,"Bus Stop Area, Visakhapatnam",Visakhapatnam,17.65406,83.256509,Bus Stop Area,7,10,0,0,26,5,Assault,36.86,Medium,66.06,"17.65608,83.257427 -> 17.658655,83.25595 -> 17.653187,83.25646 -> 17.653302,83.258509",True,help me,Help,Trigger emergency alert and share location
130,"College Road, Chennai",Chennai,13.026129,80.233821,College Road,2,1,7,6,22,3,Stalking,44.41,Medium,59.55,"13.028505,80.238098 -> 13.025868,80.233399 -> 13.026304,80.236726 -> 13.023811,80.234417 -> 13.028567,80.235074 -> 13.026603,80.236324",True,mom,Relative,Notify selected relative
131,"Residential Street, Pune",Pune,18.425787,73.880426,Residential Street,7,1,6,0,58,2,Harassment,48.77,Medium,56.56,"18.42121,73.881704 -> 18.429221,73.880082 -> 18.428169,73.884457 -> 18.429074,73.884526 -> 18.427642,73.880615",True,dad,Relative,Notify selected relative
132,"Park Road, Delhi",Delhi,28.557831,77.200388,Park Road,5,2,6,0,41,3,Robbery,47.43,Medium,55.35,"28.563258,77.199948 -> 28.558139,77.201767 -> 28.55794,77.204626 -> 28.556274,77.200875 -> 28.555975,77.197088 -> 28.556302,77.200295 -> 28.556758,77.198657",True,call my sister,Relative,Notify selected relative
133,"Residential Street, Pune",Pune,18.471179,73.853791,Residential Street,7,2,3,6,75,7,Harassment,44.2,Medium,59.57,"18.473079,73.853997 -> 18.467535,73.853018 -> 18.469299,73.854589 -> 18.47453,73.849103 -> 18.471467,73.853391 -> 18.472857,73.854324 -> 18.469299,73.852993",True,help,Help,Trigger emergency alert and share location
134,"College Road, Chennai",Chennai,13.054839,80.30836,College Road,4,6,2,1,65,2,None,53.07,Medium,51.94,"13.059592,80.308208 -> 13.053068,80.304576 -> 13.050331,80.3044 -> 13.055507,80.309632 -> 13.050886,80.310598 -> 13.053631,80.308727 -> 13.05887,80.310602",True,mom,Relative,Notify selected relative
135,"College Road, Pune",Pune,18.511001,73.825508,College Road,3,4,1,2,32,4,None,51.0,Medium,42.54,"18.509203,73.82498 -> 18.508533,73.82518 -> 18.511193,73.824946 -> 18.509376,73.82593",True,dad,Relative,Notify selected relative
136,"Market Road, Hyderabad",Hyderabad,17.400468,78.448536,Market Road,8,8,9,9,57,10,Sexual Harassment,17.7,Low,100.0,"17.400222,78.448583 -> 17.402239,78.449119 -> 17.402851,78.449254 -> 17.398937,78.44944 -> 17.397609,78.448807 -> 17.400385,78.448016 -> 17.400147,78.443831",True,call my mother,Relative,Notify selected relative
137,"Market Road, Pune",Pune,18.501195,73.85995,Market Road,8,2,7,7,80,5,None,38.64,Medium,76.96,"18.498626,73.863114 -> 18.49903,73.862374 -> 18.502263,73.858334 -> 18.505633,73.856966 -> 18.503493,73.862451",True,dad,Relative,Notify selected relative
138,"Railway Station Road, Hyderabad",Hyderabad,17.361528,78.535436,Railway Station Road,8,8,0,0,47,5,Theft,41.11,Medium,64.04,"17.36225,78.536087 -> 17.361192,78.537463 -> 17.363512,78.531065",True,help,Help,Trigger emergency alert and share location
139,"Industrial Road, Delhi",Delhi,28.659552,77.150813,Industrial Road,10,9,0,7,73,4,Harassment,34.8,Medium,83.27,"28.662369,77.148086 -> 28.658525,77.148049 -> 28.659015,77.150043 -> 28.661501,77.154089 -> 28.663041,77.149408",True,dad,Relative,Notify selected relative
140,"Main Road, Vijayawada",Vijayawada,16.498877,80.58908,Main Road,8,2,5,1,64,3,Stalking,46.09,Medium,59.48,"16.501289,80.593119 -> 16.495791,80.587599 -> 16.498811,80.58978",True,save me,Help,Trigger emergency alert and share location
141,"Market Road, Mumbai",Mumbai,19.047664,72.892542,Market Road,6,6,4,6,52,6,Robbery,36.45,Medium,72.18,"19.047628,72.893908 -> 19.04768,72.891451 -> 19.04739,72.892321 -> 19.046739,72.891895 -> 19.051661,72.893944 -> 19.046925,72.894284 -> 19.046829,72.895475",False,none,No Alert,No action
142,"Residential Street, Pune",Pune,18.533337,73.852944,Residential Street,6,2,8,10,49,5,Sexual Harassment,33.25,Medium,84.79,"18.52941,73.850127 -> 18.530352,73.853301 -> 18.537668,73.858522 -> 18.534932,73.854196 -> 18.528834,73.851587",True,dad,Relative,Notify selected relative
143,"Residential Street, Pune",Pune,18.492828,73.83497,Residential Street,10,3,5,4,83,7,Stalking,37.75,Medium,74.71,"18.491648,73.830022 -> 18.494698,73.832288 -> 18.493426,73.840155 -> 18.49053,73.828644",True,dad,Relative,Notify selected relative
144,"Railway Station Road, Hyderabad",Hyderabad,17.37499,78.525234,Railway Station Road,9,7,10,5,16,9,Theft,13.91,Low,100.0,"17.371916,78.526476 -> 17.373827,78.524969 -> 17.381601,78.521477",True,call my father,Relative,Notify selected relative
145,"College Road, Visakhapatnam",Visakhapatnam,17.695681,83.234869,College Road,5,3,3,5,98,8,Abduction,50.14,Medium,64.29,"17.695926,83.235639 -> 17.694702,83.235542 -> 17.694823,83.236423 -> 17.694757,83.235812",True,save me,Help,Trigger emergency alert and share location
146,"Residential Street, Vijayawada",Vijayawada,16.505176,80.687412,Residential Street,5,2,8,8,94,9,Sexual Harassment,40.41,Medium,72.93,"16.500743,80.690567 -> 16.502912,80.685778 -> 16.503687,80.690848",True,call my mother,Relative,Notify selected relative
147,"Park Road, Vijayawada",Vijayawada,16.431451,80.757821,Park Road,3,3,2,9,21,8,Harassment,39.25,Medium,75.73,"16.432009,80.757684 -> 16.432165,80.759124 -> 16.433064,80.75921",True,call my father,Relative,Notify selected relative
148,"Industrial Road, Bengaluru",Bengaluru,12.974735,77.587693,Industrial Road,10,5,7,3,68,4,Sexual Harassment,33.55,Medium,79.3,"12.974248,77.590527 -> 12.976219,77.580342 -> 12.976375,77.58818 -> 12.974688,77.586722 -> 12.977545,77.590062",True,call my sister,Relative,Notify selected relative
149,"College Road, Bengaluru",Bengaluru,12.944549,77.608847,College Road,10,8,7,4,99,7,Harassment,30.75,Medium,78.69,"12.9411,77.60728 -> 12.946705,77.61123 -> 12.945832,77.61066 -> 12.945839,77.607243 -> 12.945629,77.610848 -> 12.946435,77.611819 -> 12.94632,77.609726",True,mom,Relative,Notify selected relative
150,"Bus Stop Area, Vijayawada",Vijayawada,16.543655,80.647072,Bus Stop Area,10,3,4,0,82,8,Sexual Harassment,41.68,Medium,63.91,"16.543247,80.64521 -> 16.541967,80.646711 -> 16.541674,80.646302 -> 16.538921,80.647605 -> 16.543658,80.645029",True,mom,Relative,Notify selected relative
151,"Railway Station Road, Hyderabad",Hyderabad,17.408074,78.519515,Railway Station Road,2,3,4,7,65,3,Abduction,51.7,Medium,48.76,"17.406167,78.517592 -> 17.405724,78.521589 -> 17.407589,78.518854 -> 17.403064,78.521104 -> 17.404976,78.519665 -> 17.408767,78.522917",True,help,Help,Trigger emergency alert and share location
152,"Industrial Road, Bengaluru",Bengaluru,12.925791,77.488917,Industrial Road,6,1,6,0,50,9,Harassment,42.95,Medium,65.76,"12.930292,77.492014 -> 12.926315,77.487688 -> 12.927809,77.486483 -> 12.926982,77.490181 -> 12.928442,77.495816",True,save me,Help,Trigger emergency alert and share location
153,"College Road, Hyderabad",Hyderabad,17.398735,78.468886,College Road,4,1,5,1,91,6,None,56.3,Medium,49.98,"17.394312,78.467149 -> 17.397712,78.467576 -> 17.399116,78.46683 -> 17.401538,78.468887",True,help me,Help,Trigger emergency alert and share location
154,"Market Road, Mumbai",Mumbai,19.075674,72.866224,Market Road,8,8,9,0,10,1,Robbery,26.59,Low,85.09,"19.077737,72.864056 -> 19.074029,72.865465 -> 19.072309,72.864176 -> 19.074483,72.86841 -> 19.07633,72.866708",True,save me,Help,Trigger emergency alert and share location
155,"Residential Street, Delhi",Delhi,28.643681,77.204192,Residential Street,5,4,4,1,6,4,Harassment,40.05,Medium,68.61,"28.643423,77.204855 -> 28.642224,77.198095 -> 28.643345,77.207749 -> 28.645997,77.206605 -> 28.646771,77.204414 -> 28.644174,77.202648",True,dad,Relative,Notify selected relative
156,"Industrial Road, Hyderabad",Hyderabad,17.373937,78.508252,Industrial Road,10,9,0,10,65,10,None,25.34,Low,95.68,"17.373588,78.507127 -> 17.373938,78.509755 -> 17.370327,78.502512 -> 17.372561,78.5052",True,help me,Help,Trigger emergency alert and share location
157,"College Road, Visakhapatnam",Visakhapatnam,17.669015,83.213328,College Road,4,10,6,2,85,2,None,44.43,Medium,60.9,"17.672646,83.214145 -> 17.669766,83.214884 -> 17.666168,83.215926 -> 17.668826,83.215004 -> 17.666335,83.209444 -> 17.67106,83.214269 -> 17.66676,83.211154",True,call my mother,Relative,Notify selected relative
158,"Park Road, Visakhapatnam",Visakhapatnam,17.72619,83.176871,Park Road,8,1,10,6,47,5,Robbery,31.57,Medium,92.25,"17.723938,83.178467 -> 17.725368,83.178379 -> 17.72483,83.176464",True,call my mother,Relative,Notify selected relative
159,"Bus Stop Area, Pune",Pune,18.521832,73.821623,Bus Stop Area,2,10,5,2,5,6,Robbery,33.07,Medium,76.14,"18.520549,73.821052 -> 18.519346,73.815217 -> 18.521354,73.827655 -> 18.523794,73.821575 -> 18.521175,73.821679 -> 18.5232,73.818671 -> 18.524618,73.823411",True,call my mother,Relative,Notify selected relative
160,"Industrial Road, Vijayawada",Vijayawada,16.531337,80.663347,Industrial Road,8,3,2,1,91,8,None,48.57,Medium,59.63,"16.533019,80.664827 -> 16.530452,80.661913 -> 16.531592,80.66722",True,call police,Emergency,Trigger emergency alert and share location
161,"Main Road, Bengaluru",Bengaluru,12.928231,77.543237,Main Road,6,5,8,6,69,8,Assault,33.25,Medium,80.57,"12.928358,77.54367 -> 12.928841,77.542679 -> 12.931956,77.539235 -> 12.92616,77.542979 -> 12.924123,77.542797",False,none,No Alert,No action
162,"Railway Station Road, Bengaluru",Bengaluru,13.029751,77.595331,Railway Station Road,6,1,10,5,34,2,Sexual Harassment,36.77,Medium,77.68,"13.026601,77.59379 -> 13.028813,77.594537 -> 13.032955,77.596725 -> 13.026972,77.595947 -> 13.030997,77.598181",True,call my father,Relative,Notify selected relative
163,"Park Road, Mumbai",Mumbai,19.131319,72.842172,Park Road,6,3,7,7,47,9,Assault,32.02,Medium,77.12,"19.128175,72.841587 -> 19.132485,72.84464 -> 19.131129,72.841372 -> 19.131698,72.840084 -> 19.136543,72.838153",True,help,Help,Trigger emergency alert and share location
164,"Park Road, Hyderabad",Hyderabad,17.391466,78.557526,Park Road,10,3,8,4,41,2,Stalking,31.52,Medium,83.31,"17.390991,78.556632 -> 17.391015,78.560958 -> 17.385936,78.56136",True,call my mother,Relative,Notify selected relative
165,"Industrial Road, Chennai",Chennai,13.032861,80.261367,Industrial Road,10,7,2,7,44,8,Theft,26.55,Low,85.21,"13.034332,80.257372 -> 13.034016,80.266428 -> 13.029453,80.261841",True,call my mother,Relative,Notify selected relative
166,"Railway Station Road, Delhi",Delhi,28.590731,77.223906,Railway Station Road,1,2,10,10,51,6,Abduction,39.02,Medium,73.87,"28.589127,77.225126 -> 28.595242,77.223429 -> 28.59253,77.220673 -> 28.58834,77.225087 -> 28.594441,77.224795 -> 28.589948,77.223904 -> 28.587605,77.225417",True,help me,Help,Trigger emergency alert and share location
167,"Industrial Road, Vijayawada",Vijayawada,16.537082,80.632177,Industrial Road,1,3,1,3,99,6,Abduction,63.93,High,37.12,"16.537747,80.631085 -> 16.536917,80.637426 -> 16.536464,80.631281 -> 16.535463,80.634037 -> 16.536629,80.630554",True,call my father,Relative,Notify selected relative
168,"Market Road, Visakhapatnam",Visakhapatnam,17.733046,83.268186,Market Road,8,6,5,7,97,2,Theft,41.34,Medium,69.46,"17.72838,83.270705 -> 17.731334,83.270163 -> 17.728121,83.270417 -> 17.730018,83.270013 -> 17.733082,83.265801 -> 17.732028,83.269902 -> 17.733311,83.269647",True,help me,Help,Trigger emergency alert and share location
169,"College Road, Delhi",Delhi,28.683075,77.154252,College Road,5,4,1,0,94,3,Harassment,59.95,Medium,52.63,"28.683336,77.152005 -> 28.679749,77.153779 -> 28.685379,77.153933 -> 28.686853,77.150624 -> 28.683045,77.151121 -> 28.683984,77.156469",True,mom,Relative,Notify selected relative
170,"Railway Station Road, Hyderabad",Hyderabad,17.370273,78.395553,Railway Station Road,5,8,3,9,36,8,None,29.82,Low,82.98,"17.371365,78.396564 -> 17.373362,78.392875 -> 17.371974,78.398534 -> 17.365827,78.396352",True,help,Help,Trigger emergency alert and share location
171,"Industrial Road, Hyderabad",Hyderabad,17.367354,78.483847,Industrial Road,3,8,1,10,40,6,Theft,37.73,Medium,73.91,"17.366136,78.482158 -> 17.367439,78.481129 -> 17.364639,78.485545",True,mom,Relative,Notify selected relative
172,"Market Road, Chennai",Chennai,13.042492,80.294021,Market Road,3,6,8,3,15,4,Robbery,35.11,Medium,75.7,"13.038177,80.292327 -> 13.045477,80.291568 -> 13.041331,80.295176 -> 13.04445,80.293392",True,save me,Help,Trigger emergency alert and share location
173,"College Road, Visakhapatnam",Visakhapatnam,17.665887,83.268283,College Road,9,10,5,7,70,3,None,28.86,Low,94.43,"17.668334,83.268496 -> 17.663866,83.266207 -> 17.667193,83.269329 -> 17.669391,83.269909 -> 17.662129,83.270913 -> 17.663392,83.267323 -> 17.666513,83.273272",True,help,Help,Trigger emergency alert and share location
174,"Industrial Road, Delhi",Delhi,28.722747,77.230235,Industrial Road,9,7,6,9,9,3,Harassment,20.07,Low,95.52,"28.724083,77.232454 -> 28.721945,77.234723 -> 28.723322,77.231479 -> 28.724412,77.231289 -> 28.724844,77.228692",True,help,Help,Trigger emergency alert and share location
175,"Market Road, Pune",Pune,18.500859,73.818195,Market Road,9,10,2,2,55,9,Theft,29.66,Low,82.14,"18.502806,73.819339 -> 18.505045,73.818181 -> 18.502531,73.815466",True,help,Help,Trigger emergency alert and share location
176,"Market Road, Chennai",Chennai,13.069152,80.295044,Market Road,3,6,3,5,66,5,None,47.32,Medium,64.33,"13.068417,80.294865 -> 13.065357,80.294151 -> 13.071378,80.296482",True,call police,Emergency,Trigger emergency alert and share location
177,"Market Road, Chennai",Chennai,13.100223,80.272442,Market Road,5,10,8,1,64,3,None,36.55,Medium,72.19,"13.098572,80.274189 -> 13.101275,80.273672 -> 13.098908,80.267059 -> 13.102966,80.271245 -> 13.098066,80.274176 -> 13.099243,80.275092 -> 13.101766,80.274151",True,dad,Relative,Notify selected relative
178,"Main Road, Pune",Pune,18.472592,73.899118,Main Road,1,2,0,10,98,10,Assault,56.5,Medium,52.61,"18.471669,73.899476 -> 18.468151,73.90014 -> 18.470019,73.895736 -> 18.468786,73.9019 -> 18.471019,73.902952",True,save me,Help,Trigger emergency alert and share location
179,"Main Road, Delhi",Delhi,28.595147,77.149242,Main Road,8,9,4,10,38,8,None,21.05,Low,88.77,"28.598237,77.148852 -> 28.593776,77.149642 -> 28.596401,77.152035 -> 28.598768,77.148343",True,call my father,Relative,Notify selected relative
180,"Main Road, Hyderabad",Hyderabad,17.338588,78.472229,Main Road,3,8,6,7,59,4,None,38.48,Medium,73.12,"17.336179,78.469836 -> 17.339447,78.472107 -> 17.33867,78.470333 -> 17.338012,78.469918 -> 17.340813,78.474817",True,dad,Relative,Notify selected relative
181,"College Road, Pune",Pune,18.455783,73.824167,College Road,7,3,5,8,71,2,Harassment,42.2,Medium,64.01,"18.454158,73.823958 -> 18.452159,73.821862 -> 18.453273,73.824685 -> 18.455956,73.822363 -> 18.456225,73.8228",True,save me,Help,Trigger emergency alert and share location
182,"Industrial Road, Chennai",Chennai,13.073192,80.329271,Industrial Road,4,3,1,0,37,7,None,50.43,Medium,59.97,"13.069943,80.331345 -> 13.07522,80.3264 -> 13.075239,80.333116 -> 13.070386,80.326977 -> 13.075736,80.32995 -> 13.074571,80.330122 -> 13.074169,80.325955",True,call my father,Relative,Notify selected relative
183,"College Road, Vijayawada",Vijayawada,16.542856,80.688936,College Road,10,6,3,2,63,9,Sexual Harassment,33.2,Medium,76.55,"16.542747,80.685108 -> 16.544142,80.690366 -> 16.542701,80.691747 -> 16.542021,80.690348 -> 16.540307,80.688877 -> 16.54242,80.689499",True,call my sister,Relative,Notify selected relative
184,"Main Road, Mumbai",Mumbai,19.063067,72.873098,Main Road,2,7,8,7,30,4,None,34.32,Medium,80.31,"19.061975,72.869082 -> 19.067441,72.876552 -> 19.059836,72.874822 -> 19.06181,72.873757 -> 19.063803,72.872512 -> 19.061108,72.871372 -> 19.060777,72.871018",True,call my mother,Relative,Notify selected relative
185,"Industrial Road, Chennai",Chennai,13.080349,80.245648,Industrial Road,10,8,4,8,1,2,Sexual Harassment,20.16,Low,98.85,"13.084067,80.244198 -> 13.080948,80.246897 -> 13.081529,80.245838 -> 13.082206,80.246854 -> 13.077255,80.247821 -> 13.082567,80.24374",True,help me,Help,Trigger emergency alert and share location
186,"Park Road, Pune",Pune,18.521728,73.880617,Park Road,6,1,6,0,72,9,Theft,46.45,Medium,60.3,"18.52441,73.886527 -> 18.519763,73.877164 -> 18.522488,73.882421 -> 18.521151,73.88425",True,call my mother,Relative,Notify selected relative
187,"Park Road, Hyderabad",Hyderabad,17.338149,78.510952,Park Road,9,8,8,4,79,10,Abduction,25.3,Low,85.68,"17.342447,78.515933 -> 17.336232,78.509578 -> 17.340298,78.509984",True,help me,Help,Trigger emergency alert and share location
188,"College Road, Delhi",Delhi,28.612311,77.209889,College Road,6,9,5,2,25,10,Theft,26.7,Low,72.4,"28.612276,77.208165 -> 28.611078,77.213498 -> 28.60917,77.211922 -> 28.611614,77.20919 -> 28.614287,77.210739 -> 28.613738,77.212309 -> 28.611483,77.208358",True,call my father,Relative,Notify selected relative
189,"Main Road, Visakhapatnam",Visakhapatnam,17.64882,83.189611,Main Road,3,6,7,8,58,3,None,39.68,Medium,86.56,"17.651932,83.186233 -> 17.645514,83.190816 -> 17.650188,83.190983 -> 17.648183,83.189297 -> 17.64964,83.189826 -> 17.643272,83.189037 -> 17.646691,83.190049",True,mom,Relative,Notify selected relative
190,"Market Road, Pune",Pune,18.624884,73.869562,Market Road,7,10,4,9,43,9,Harassment,22.3,Low,90.04,"18.627189,73.870769 -> 18.625934,73.871079 -> 18.630025,73.866735 -> 18.626068,73.867246 -> 18.626273,73.867265 -> 18.623841,73.868824 -> 18.627324,73.871858",True,mom,Relative,Notify selected relative
191,"Industrial Road, Chennai",Chennai,13.0391,80.272623,Industrial Road,1,6,5,10,14,7,Robbery,33.59,Medium,73.16,"13.035954,80.27208 -> 13.038329,80.27869 -> 13.040182,80.269179 -> 13.037688,80.275176 -> 13.044321,80.268658 -> 13.0344,80.2773 -> 13.040074,80.270452",True,call police,Emergency,Trigger emergency alert and share location
192,"Industrial Road, Visakhapatnam",Visakhapatnam,17.705512,83.126249,Industrial Road,5,10,9,3,92,1,None,39.64,Medium,70.98,"17.706332,83.12856 -> 17.702977,83.126463 -> 17.703198,83.126887 -> 17.703274,83.125229 -> 17.703022,83.127877 -> 17.707658,83.125662 -> 17.705608,83.122628",True,call my sister,Relative,Notify selected relative
193,"Market Road, Delhi",Delhi,28.603411,77.207243,Market Road,4,1,9,1,24,1,Harassment,44.73,Medium,76.78,"28.600631,77.210903 -> 28.605903,77.207945 -> 28.607808,77.208173 -> 28.604384,77.20711 -> 28.60647,77.209984 -> 28.601847,77.203945",True,call my mother,Relative,Notify selected relative
194,"Bus Stop Area, Delhi",Delhi,28.606796,77.180999,Bus Stop Area,7,9,9,7,94,1,None,34.05,Medium,80.64,"28.60989,77.179856 -> 28.606689,77.181144 -> 28.608917,77.175382 -> 28.605279,77.181527",True,mom,Relative,Notify selected relative
195,"Industrial Road, Pune",Pune,18.562403,73.839483,Industrial Road,9,7,5,2,58,9,Harassment,30.14,Medium,71.58,"18.563952,73.837895 -> 18.559429,73.837922 -> 18.561942,73.837971 -> 18.556889,73.841726 -> 18.56559,73.841112",True,mom,Relative,Notify selected relative
196,"Industrial Road, Chennai",Chennai,13.042881,80.263648,Industrial Road,4,4,4,8,38,4,Stalking,40.59,Medium,70.18,"13.044378,80.265319 -> 13.041046,80.263853 -> 13.044024,80.267288 -> 13.044642,80.265621 -> 13.043091,80.267174",True,call police,Emergency,Trigger emergency alert and share location
197,"College Road, Mumbai",Mumbai,19.090342,72.847562,College Road,8,6,8,4,36,2,Harassment,30.27,Medium,89.94,"19.092087,72.846454 -> 19.089143,72.848303 -> 19.0915,72.848055 -> 19.09112,72.851812 -> 19.093021,72.848039 -> 19.092695,72.844981 -> 19.091337,72.852085",True,mom,Relative,Notify selected relative
198,"College Road, Delhi",Delhi,28.606268,77.179333,College Road,3,5,0,4,91,2,Stalking,60.39,High,41.55,"28.603544,77.177371 -> 28.605342,77.175819 -> 28.606307,77.181589 -> 28.603999,77.183131 -> 28.607545,77.181909",True,call my sister,Relative,Notify selected relative
199,"Bus Stop Area, Mumbai",Mumbai,19.052976,72.907608,Bus Stop Area,4,9,4,8,89,5,Theft,40.98,Medium,64.36,"19.055202,72.908038 -> 19.054359,72.904669 -> 19.050738,72.909101 -> 19.050605,72.908766",True,help,Help,Trigger emergency alert and share location
200,"Bus Stop Area, Bengaluru",Bengaluru,12.92375,77.624286,Bus Stop Area,1,9,3,10,29,1,None,40.07,Medium,63.07,"12.925131,77.62585 -> 12.922008,77.625741 -> 12.924401,77.622939",True,call my father,Relative,Notify selected relative
201,"Residential Street, Mumbai",Mumbai,19.040701,72.809008,Residential Street,3,1,8,2,52,8,Assault,45.09,Medium,64.46,"19.036789,72.809246 -> 19.040042,72.810706 -> 19.039946,72.808184 -> 19.042531,72.809846 -> 19.041491,72.810181 -> 19.036862,72.8109",True,save me,Help,Trigger emergency alert and share location
202,"College Road, Chennai",Chennai,13.104136,80.235116,College Road,5,1,1,10,73,4,Sexual Harassment,50.7,Medium,59.58,"13.104038,80.23478 -> 13.104971,80.238694 -> 13.10684,80.231835 -> 13.105691,80.238438 -> 13.105103,80.237843 -> 13.109167,80.237675 -> 13.104759,80.237729",False,none,No Alert,No action
203,"Park Road, Vijayawada",Vijayawada,16.511271,80.648837,Park Road,3,1,6,7,23,5,None,41.39,Medium,67.16,"16.51518,80.646791 -> 16.515102,80.650087 -> 16.507773,80.649756",False,none,No Alert,No action
204,"College Road, Hyderabad",Hyderabad,17.311499,78.508593,College Road,5,8,10,8,67,8,Harassment,26.11,Low,92.91,"17.310018,78.508902 -> 17.316384,78.507329 -> 17.308852,78.512297 -> 17.316405,78.508602",True,mom,Relative,Notify selected relative
205,"Residential Street, Bengaluru",Bengaluru,13.007001,77.641552,Residential Street,6,3,7,10,32,3,Robbery,32.36,Medium,79.22,"13.005788,77.644629 -> 13.011214,77.642959 -> 13.004801,77.64652",True,call my mother,Relative,Notify selected relative
206,"Market Road, Bengaluru",Bengaluru,12.953016,77.58287,Market Road,10,7,6,8,41,2,None,25.16,Low,93.15,"12.956901,77.585005 -> 12.954053,77.584028 -> 12.953125,77.584265 -> 12.946692,77.582128 -> 12.953619,77.579992 -> 12.953982,77.582359",True,help,Help,Trigger emergency alert and share location
207,"Industrial Road, Vijayawada",Vijayawada,16.567642,80.703056,Industrial Road,6,4,0,4,49,4,Abduction,47.8,Medium,57.48,"16.567265,80.702871 -> 16.566513,80.703544 -> 16.565746,80.700229 -> 16.569199,80.70463 -> 16.565631,80.705294 -> 16.566063,80.703689",True,call police,Emergency,Trigger emergency alert and share location
208,"Main Road, Chennai",Chennai,13.111412,80.269524,Main Road,5,6,3,0,85,2,None,53.98,Medium,53.8,"13.110121,80.269033 -> 13.110897,80.267658 -> 13.11097,80.265652 -> 13.110184,80.268812 -> 13.110772,80.26892 -> 13.111258,80.270723",True,call police,Emergency,Trigger emergency alert and share location
209,"Residential Street, Chennai",Chennai,13.113308,80.247958,Residential Street,5,6,9,3,28,3,Harassment,33.09,Medium,71.49,"13.110703,80.24674 -> 13.112428,80.246033 -> 13.110068,80.246818 -> 13.113762,80.249446 -> 13.111914,80.246926 -> 13.110991,80.247879",True,help me,Help,Trigger emergency alert and share location
210,"Park Road, Pune",Pune,18.490705,73.876759,Park Road,9,8,8,10,27,4,Theft,17.02,Low,92.25,"18.489806,73.877512 -> 18.491165,73.883492 -> 18.49158,73.874249 -> 18.490466,73.872318 -> 18.490504,73.874676 -> 18.492993,73.875385 -> 18.490413,73.87517",True,help,Help,Trigger emergency alert and share location
211,"Residential Street, Pune",Pune,18.58126,73.845457,Residential Street,10,2,0,8,64,4,None,42.0,Medium,80.76,"18.583295,73.846662 -> 18.582182,73.846441 -> 18.576441,73.84476 -> 18.583373,73.845335 -> 18.577747,73.845326 -> 18.58552,73.848574 -> 18.581105,73.847836",True,mom,Relative,Notify selected relative
212,"Industrial Road, Pune",Pune,18.507572,73.797064,Industrial Road,2,4,9,7,11,9,Harassment,29.48,Low,76.9,"18.511479,73.796379 -> 18.506964,73.796314 -> 18.512332,73.801129 -> 18.513119,73.796666 -> 18.508311,73.793272 -> 18.511264,73.794145",False,none,No Alert,No action
213,"Industrial Road, Delhi",Delhi,28.621487,77.170594,Industrial Road,10,1,8,7,86,5,None,35.95,Medium,78.0,"28.619394,77.169074 -> 28.620139,77.169223 -> 28.62357,77.167832",True,call my father,Relative,Notify selected relative
214,"Bus Stop Area, Visakhapatnam",Visakhapatnam,17.694519,83.261129,Bus Stop Area,10,2,0,6,44,2,Sexual Harassment,42.45,Medium,67.18,"17.692724,83.260553 -> 17.697468,83.261614 -> 17.693191,83.262339 -> 17.691763,83.262832 -> 17.695541,83.260359 -> 17.692423,83.258912 -> 17.695856,83.264201",False,none,No Alert,No action
215,"Industrial Road, Hyderabad",Hyderabad,17.362694,78.502744,Industrial Road,1,5,6,2,98,3,Abduction,57.86,Medium,36.9,"17.361232,78.502666 -> 17.36042,78.500403 -> 17.361025,78.503474 -> 17.362226,78.497148 -> 17.357392,78.501227 -> 17.363838,78.495875",True,call my mother,Relative,Notify selected relative
216,"Industrial Road, Delhi",Delhi,28.596409,77.190581,Industrial Road,7,7,1,10,84,9,None,36.09,Medium,83.95,"28.595446,77.191538 -> 28.596762,77.185255 -> 28.59833,77.191119 -> 28.59768,77.200397",True,call my mother,Relative,Notify selected relative
217,"Market Road, Delhi",Delhi,28.540956,77.269364,Market Road,4,1,0,4,59,9,Harassment,52.57,Medium,51.99,"28.541674,77.26925 -> 28.539895,77.267939 -> 28.54178,77.265571 -> 28.542832,77.268324 -> 28.538131,77.268239 -> 28.544099,77.268026",True,mom,Relative,Notify selected relative
218,"Bus Stop Area, Bengaluru",Bengaluru,12.984146,77.569017,Bus Stop Area,8,6,2,4,24,2,Theft,36.55,Medium,77.44,"12.98586,77.573639 -> 12.983707,77.570689 -> 12.984391,77.572257",True,call my father,Relative,Notify selected relative
219,"Bus Stop Area, Visakhapatnam",Visakhapatnam,17.661641,83.244575,Bus Stop Area,4,2,1,9,4,8,None,37.45,Medium,71.57,"17.661481,83.244804 -> 17.662272,83.244284 -> 17.662178,83.24852 -> 17.664105,83.246748 -> 17.660502,83.242352 -> 17.664029,83.246765 -> 17.665323,83.243065",False,none,No Alert,No action
220,"Park Road, Visakhapatnam",Visakhapatnam,17.678766,83.161118,Park Road,8,4,8,3,96,1,Abduction,44.36,Medium,66.17,"17.681257,83.159952 -> 17.680367,83.160642 -> 17.679576,83.158249 -> 17.678979,83.15364",True,mom,Relative,Notify selected relative
221,"College Road, Bengaluru",Bengaluru,12.965059,77.537533,College Road,10,10,10,5,30,5,None,13.86,Low,100.0,"12.967003,77.5387 -> 12.968862,77.535161 -> 12.969427,77.539863 -> 12.964468,77.540372",True,mom,Relative,Notify selected relative
222,"Railway Station Road, Chennai",Chennai,13.04398,80.241842,Railway Station Road,1,9,9,2,80,7,None,41.82,Medium,61.84,"13.042658,80.239201 -> 13.047038,80.241195 -> 13.044861,80.240416 -> 13.039428,80.242517 -> 13.039199,80.24167 -> 13.040559,80.24681 -> 13.046258,80.242106",True,call my sister,Relative,Notify selected relative
223,"Park Road, Pune",Pune,18.56463,73.827079,Park Road,9,6,6,6,19,5,Assault,23.93,Low,93.19,"18.56513,73.827739 -> 18.567811,73.82891 -> 18.565352,73.822942 -> 18.56223,73.826772 -> 18.564863,73.824253 -> 18.570659,73.83087",True,help me,Help,Trigger emergency alert and share location
224,"Bus Stop Area, Mumbai",Mumbai,19.097074,72.880221,Bus Stop Area,4,5,2,7,7,9,Theft,33.39,Medium,74.65,"19.094694,72.880415 -> 19.097718,72.877117 -> 19.097909,72.879833 -> 19.092304,72.87807 -> 19.09604,72.88494 -> 19.098465,72.876882",True,call my father,Relative,Notify selected relative
225,"Park Road, Vijayawada",Vijayawada,16.523211,80.593844,Park Road,4,5,3,5,82,2,None,52.14,Medium,61.48,"16.522033,80.59361 -> 16.526525,80.590626 -> 16.519718,80.592385 -> 16.525807,80.590046 -> 16.516131,80.592716 -> 16.52459,80.596845",True,call my mother,Relative,Notify selected relative
226,"Main Road, Bengaluru",Bengaluru,12.955389,77.5802,Main Road,5,7,10,9,77,1,Robbery,34.52,Medium,86.55,"12.950715,77.579229 -> 12.955865,77.581323 -> 12.954114,77.580286",True,save me,Help,Trigger emergency alert and share location
227,"Industrial Road, Bengaluru",Bengaluru,12.884509,77.571561,Industrial Road,4,6,4,0,27,4,Sexual Harassment,43.39,Medium,64.08,"12.882053,77.571708 -> 12.885626,77.570705 -> 12.884935,77.569154",True,call my sister,Relative,Notify selected relative
228,"Park Road, Bengaluru",Bengaluru,12.964369,77.615958,Park Road,4,9,5,4,48,8,None,34.0,Medium,75.28,"12.962903,77.616519 -> 12.966156,77.610833 -> 12.967267,77.615117 -> 12.965433,77.618951 -> 12.96094,77.614184 -> 12.963648,77.613999 -> 12.968706,77.613816",True,call my mother,Relative,Notify selected relative
229,"Industrial Road, Pune",Pune,18.500956,73.863854,Industrial Road,8,2,7,5,26,6,None,30.95,Medium,76.43,"18.499967,73.864648 -> 18.500124,73.863621 -> 18.499633,73.860068 -> 18.50176,73.868241 -> 18.501002,73.864417",True,call my father,Relative,Notify selected relative
230,"Market Road, Bengaluru",Bengaluru,12.995845,77.550173,Market Road,1,5,8,9,74,7,None,41.32,Medium,78.29,"12.996351,77.554253 -> 12.994012,77.554718 -> 12.997783,77.551556 -> 12.99643,77.549552 -> 12.998846,77.550524",True,help me,Help,Trigger emergency alert and share location
231,"Park Road, Bengaluru",Bengaluru,12.902753,77.555498,Park Road,10,4,7,8,83,6,Abduction,30.93,Medium,85.24,"12.903528,77.555357 -> 12.9058,77.55062 -> 12.903112,77.550953 -> 12.904652,77.555262 -> 12.903802,77.553338",True,call my sister,Relative,Notify selected relative
232,"Industrial Road, Mumbai",Mumbai,19.120781,72.91416,Industrial Road,3,6,2,2,92,9,Sexual Harassment,51.91,Medium,55.81,"19.120457,72.91561 -> 19.119014,72.916299 -> 19.124905,72.916837 -> 19.118957,72.915064 -> 19.117548,72.915591 -> 19.121908,72.909485",True,help me,Help,Trigger emergency alert and share location
233,"Main Road, Visakhapatnam",Visakhapatnam,17.646138,83.20859,Main Road,2,1,0,6,17,4,None,52.25,Medium,52.05,"17.643114,83.209562 -> 17.646767,83.208104 -> 17.644249,83.211212",True,help me,Help,Trigger emergency alert and share location
234,"College Road, Mumbai",Mumbai,19.133939,72.860775,College Road,1,10,10,10,78,8,None,30.59,Medium,79.15,"19.135167,72.85988 -> 19.133591,72.862624 -> 19.129166,72.864071 -> 19.134121,72.859746 -> 19.133716,72.860681 -> 19.129611,72.864512",False,none,No Alert,No action
235,"Main Road, Delhi",Delhi,28.615346,77.224505,Main Road,1,9,4,8,36,1,Robbery,41.64,Medium,71.52,"28.612793,77.225689 -> 28.614677,77.226622 -> 28.610028,77.224257 -> 28.613839,77.225586 -> 28.616521,77.222736 -> 28.613566,77.224228 -> 28.613104,77.22661",True,call my father,Relative,Notify selected relative
236,"Residential Street, Vijayawada",Vijayawada,16.493278,80.546255,Residential Street,2,9,2,3,24,10,Robbery,37.0,Medium,65.83,"16.490682,80.542177 -> 16.490184,80.546529 -> 16.4966,80.547038 -> 16.491762,80.547395 -> 16.49213,80.544518 -> 16.490392,80.541875 -> 16.492303,80.54665",True,call police,Emergency,Trigger emergency alert and share location
237,"Park Road, Chennai",Chennai,13.079318,80.256141,Park Road,2,6,6,7,72,4,Stalking,45.09,Medium,59.68,"13.080839,80.252848 -> 13.081258,80.253635 -> 13.077437,80.252474 -> 13.078064,80.258579",True,call police,Emergency,Trigger emergency alert and share location
238,"Main Road, Hyderabad",Hyderabad,17.403047,78.520945,Main Road,2,7,6,6,70,8,Stalking,40.68,Medium,70.73,"17.400288,78.520118 -> 17.401097,78.524271 -> 17.400055,78.523179",False,none,No Alert,No action
239,"Industrial Road, Hyderabad",Hyderabad,17.416253,78.550737,Industrial Road,7,6,9,1,67,1,Sexual Harassment,39.3,Medium,69.46,"17.418034,78.556441 -> 17.414709,78.546899 -> 17.411553,78.552519 -> 17.411545,78.549806",True,save me,Help,Trigger emergency alert and share location
240,"Railway Station Road, Mumbai",Mumbai,19.091306,72.884181,Railway Station Road,1,2,10,4,69,10,Sexual Harassment,43.7,Medium,67.02,"19.091862,72.887378 -> 19.088925,72.882489 -> 19.089374,72.886256",True,help me,Help,Trigger emergency alert and share location
241,"Main Road, Pune",Pune,18.551914,73.872493,Main Road,4,10,2,6,9,5,None,31.43,Medium,82.89,"18.548969,73.876661 -> 18.555722,73.874332 -> 18.556368,73.868351 -> 18.550603,73.870655",True,dad,Relative,Notify selected relative
242,"College Road, Delhi",Delhi,28.639152,77.172245,College Road,7,3,1,8,95,6,Harassment,47.84,Medium,67.65,"28.642578,77.173983 -> 28.639861,77.169775 -> 28.637035,77.175369",True,help,Help,Trigger emergency alert and share location
243,"College Road, Hyderabad",Hyderabad,17.412277,78.485334,College Road,10,10,9,6,99,6,Robbery,24.39,Low,90.22,"17.407212,78.482657 -> 17.417056,78.482133 -> 17.412751,78.487853",True,call police,Emergency,Trigger emergency alert and share location
244,"Industrial Road, Mumbai",Mumbai,19.032078,72.884165,Industrial Road,4,6,8,6,55,3,None,37.84,Medium,78.25,"19.032109,72.891336 -> 19.027907,72.886812 -> 19.031646,72.886095 -> 19.033181,72.882332 -> 19.03265,72.87952 -> 19.033586,72.88491 -> 19.033675,72.88681",True,call my father,Relative,Notify selected relative
245,"Bus Stop Area, Chennai",Chennai,13.095567,80.275883,Bus Stop Area,2,2,4,2,48,3,Harassment,54.91,Medium,45.69,"13.093786,80.27885 -> 13.099158,80.275288 -> 13.095682,80.273621 -> 13.098499,80.277547 -> 13.10042,80.273687 -> 13.094622,80.276462",True,call my mother,Relative,Notify selected relative
246,"Main Road, Hyderabad",Hyderabad,17.407627,78.479152,Main Road,5,8,5,4,13,3,Harassment,32.52,Medium,72.41,"17.409831,78.480955 -> 17.405336,78.482541 -> 17.410552,78.479488",True,help me,Help,Trigger emergency alert and share location
247,"Residential Street, Delhi",Delhi,28.616686,77.228392,Residential Street,1,2,5,8,11,10,Sexual Harassment,37.66,Medium,66.93,"28.616761,77.223011 -> 28.618877,77.224488 -> 28.620445,77.227567 -> 28.616157,77.226823 -> 28.615966,77.231938 -> 28.610466,77.231584 -> 28.617531,77.225374",True,call my mother,Relative,Notify selected relative
248,"Railway Station Road, Visakhapatnam",Visakhapatnam,17.649164,83.277174,Railway Station Road,7,7,1,8,31,10,Stalking,28.57,Low,78.4,"17.646281,83.280017 -> 17.65001,83.274829 -> 17.649706,83.27461 -> 17.651916,83.279827 -> 17.650494,83.278078 -> 17.653567,83.277173 -> 17.646209,83.278298",True,help me,Help,Trigger emergency alert and share location
249,"Market Road, Vijayawada",Vijayawada,16.579212,80.612483,Market Road,5,5,4,7,18,2,None,36.95,Medium,72.14,"16.580253,80.612348 -> 16.576756,80.615288 -> 16.585012,80.612973 -> 16.576952,80.608611",True,call my father,Relative,Notify selected relative
250,"Industrial Road, Chennai",Chennai,13.091729,80.309336,Industrial Road,2,6,4,3,92,8,None,51.0,Medium,57.08,"13.091723,80.307863 -> 13.088999,80.311423 -> 13.094013,80.305472 -> 13.095704,80.310771 -> 13.095228,80.305981 -> 13.088314,80.308964 -> 13.092986,80.313827",True,dad,Relative,Notify selected relative
251,"Market Road, Hyderabad",Hyderabad,17.409713,78.478206,Market Road,5,1,6,5,79,7,None,46.66,Medium,58.71,"17.412788,78.475794 -> 17.413784,78.477495 -> 17.413689,78.479903 -> 17.409371,78.476908 -> 17.408861,78.479277",True,call my sister,Relative,Notify selected relative
252,"Railway Station Road, Vijayawada",Vijayawada,16.5089,80.627217,Railway Station Road,6,10,3,7,40,3,None,32.27,Medium,78.1,"16.509096,80.621895 -> 16.510045,80.624768 -> 16.506017,80.622999 -> 16.504415,80.623828 -> 16.507127,80.6321 -> 16.507585,80.627661",True,call my mother,Relative,Notify selected relative
253,"Bus Stop Area, Mumbai",Mumbai,19.090017,72.882287,Bus Stop Area,6,7,4,6,46,2,Theft,37.77,Medium,72.84,"19.087029,72.885914 -> 19.094535,72.87808 -> 19.087457,72.881587 -> 19.087606,72.883552 -> 19.088196,72.8877 -> 19.092993,72.882818 -> 19.092584,72.885052",True,save me,Help,Trigger emergency alert and share location
254,"Main Road, Vijayawada",Vijayawada,16.486462,80.619432,Main Road,8,4,7,4,88,2,None,42.64,Medium,70.45,"16.488616,80.61978 -> 16.48252,80.617425 -> 16.486277,80.619243 -> 16.491393,80.615967 -> 16.487726,80.623155 -> 16.492141,80.618421",True,call my sister,Relative,Notify selected relative
255,"Bus Stop Area, Chennai",Chennai,13.0999,80.290642,Bus Stop Area,5,3,6,6,9,8,Theft,30.98,Medium,81.2,"13.099653,80.291732 -> 13.093569,80.292347 -> 13.100215,80.290086 -> 13.105017,80.288955 -> 13.098892,80.295621 -> 13.09782,80.289267 -> 13.099532,80.292744",True,call my sister,Relative,Notify selected relative
256,"Main Road, Delhi",Delhi,28.621173,77.163758,Main Road,6,9,9,10,10,2,None,18.86,Low,94.78,"28.619655,77.163565 -> 28.622238,77.164804 -> 28.616733,77.166418 -> 28.621804,77.167219",True,call my mother,Relative,Notify selected relative
257,"Park Road, Visakhapatnam",Visakhapatnam,17.702347,83.257046,Park Road,6,7,1,0,12,5,Assault,39.18,Medium,68.45,"17.705713,83.258352 -> 17.702102,83.262727 -> 17.70457,83.25848 -> 17.699156,83.253825",True,mom,Relative,Notify selected relative
258,"Industrial Road, Bengaluru",Bengaluru,12.981845,77.599693,Industrial Road,6,7,7,10,75,9,Abduction,28.3,Low,83.93,"12.982197,77.603665 -> 12.983584,77.59684 -> 12.981566,77.597681 -> 12.980876,77.598659",True,call my mother,Relative,Notify selected relative
259,"Residential Street, Mumbai",Mumbai,19.059282,72.83377,Residential Street,5,7,1,1,93,3,None,54.8,Medium,49.77,"19.05788,72.826446 -> 19.064414,72.836492 -> 19.058341,72.833817 -> 19.056353,72.838009 -> 19.064025,72.834162",True,call police,Emergency,Trigger emergency alert and share location
260,"Industrial Road, Bengaluru",Bengaluru,13.007424,77.600735,Industrial Road,6,8,1,7,92,8,None,41.45,Medium,62.06,"13.006394,77.601065 -> 13.006288,77.600188 -> 13.007196,77.600533 -> 13.007555,77.598083 -> 13.005631,77.597524",True,help,Help,Trigger emergency alert and share location
261,"Main Road, Hyderabad",Hyderabad,17.419224,78.413002,Main Road,6,2,10,2,94,4,Theft,45.86,Medium,71.1,"17.42269,78.412247 -> 17.412716,78.412099 -> 17.419064,78.410476 -> 17.417936,78.416827 -> 17.420886,78.410691 -> 17.41523,78.412184 -> 17.41869,78.414242",True,help me,Help,Trigger emergency alert and share location
262,"Park Road, Pune",Pune,18.501664,73.874602,Park Road,8,4,6,10,23,3,None,27.3,Low,98.78,"18.503703,73.874482 -> 18.501206,73.87371 -> 18.504616,73.873034 -> 18.501777,73.87473 -> 18.50041,73.871171 -> 18.502471,73.874449",True,call my father,Relative,Notify selected relative
263,"Industrial Road, Bengaluru",Bengaluru,12.989108,77.575924,Industrial Road,10,7,6,0,90,4,Assault,38.41,Medium,78.7,"12.986916,77.580204 -> 12.984739,77.577011 -> 12.990297,77.573935 -> 12.990169,77.579123",True,call police,Emergency,Trigger emergency alert and share location
264,"Residential Street, Hyderabad",Hyderabad,17.307411,78.504296,Residential Street,9,3,5,5,25,8,Stalking,28.52,Low,72.21,"17.304997,78.508369 -> 17.305957,78.501361 -> 17.306916,78.509466",True,call police,Emergency,Trigger emergency alert and share location
265,"College Road, Mumbai",Mumbai,19.011891,72.840904,College Road,10,7,9,6,75,2,Sexual Harassment,28.3,Low,95.89,"19.016535,72.840645 -> 19.008793,72.846144 -> 19.015877,72.842601 -> 19.00986,72.840781 -> 19.01149,72.841731",True,call my mother,Relative,Notify selected relative
266,"Railway Station Road, Vijayawada",Vijayawada,16.556985,80.67878,Railway Station Road,10,10,1,10,17,6,None,18.61,Low,91.5,"16.560426,80.679563 -> 16.558703,80.682446 -> 16.554206,80.67869",True,save me,Help,Trigger emergency alert and share location
267,"College Road, Vijayawada",Vijayawada,16.487599,80.593125,College Road,3,9,6,6,76,3,Harassment,41.64,Medium,69.7,"16.493878,80.588525 -> 16.487518,80.594726 -> 16.487907,80.592842 -> 16.484351,80.593707 -> 16.485707,80.58765 -> 16.490585,80.595521 -> 16.487728,80.593698",True,call my father,Relative,Notify selected relative
268,"Market Road, Mumbai",Mumbai,19.113601,72.885552,Market Road,9,3,7,4,17,3,Theft,29.98,Low,88.04,"19.112857,72.888832 -> 19.114403,72.886037 -> 19.110426,72.886269 -> 19.111521,72.883956 -> 19.111563,72.882886",True,call my sister,Relative,Notify selected relative
269,"Main Road, Pune",Pune,18.594767,73.903297,Main Road,8,3,3,6,71,9,Stalking,38.57,Medium,83.13,"18.59171,73.903475 -> 18.591533,73.901558 -> 18.592472,73.906396 -> 18.593776,73.905968 -> 18.596277,73.909056 -> 18.591068,73.906445",True,call my father,Relative,Notify selected relative
270,"Industrial Road, Delhi",Delhi,28.654025,77.174932,Industrial Road,8,3,1,9,3,4,None,32.3,Medium,85.94,"28.654865,77.174363 -> 28.651965,77.173134 -> 28.65915,77.174934 -> 28.65598,77.172955 -> 28.652075,77.177637",False,none,No Alert,No action
271,"Market Road, Chennai",Chennai,13.035465,80.256168,Market Road,8,10,7,8,65,2,None,27.16,Low,88.51,"13.035743,80.25572 -> 13.036455,80.2579 -> 13.037302,80.253703 -> 13.034755,80.259155 -> 13.037702,80.252736 -> 13.036344,80.251222 -> 13.035582,80.260912",True,help,Help,Trigger emergency alert and share location
272,"Main Road, Pune",Pune,18.487224,73.827499,Main Road,8,9,3,6,13,4,Harassment,25.7,Low,90.22,"18.483367,73.825917 -> 18.488715,73.825913 -> 18.486634,73.829359 -> 18.488278,73.828166 -> 18.486376,73.828424",False,none,No Alert,No action
273,"Residential Street, Pune",Pune,18.516069,73.872723,Residential Street,8,2,3,3,94,10,Stalking,45.41,Medium,62.11,"18.515613,73.870248 -> 18.515981,73.870695 -> 18.513284,73.87337 -> 18.516601,73.87468 -> 18.514991,73.873743",True,dad,Relative,Notify selected relative
274,"Market Road, Vijayawada",Vijayawada,16.525478,80.663567,Market Road,4,4,0,9,44,9,Theft,41.55,Medium,63.83,"16.525851,80.664477 -> 16.525496,80.658351 -> 16.525879,80.669098 -> 16.524578,80.661747 -> 16.526411,80.664348",True,dad,Relative,Notify selected relative
275,"Railway Station Road, Pune",Pune,18.562146,73.812675,Railway Station Road,5,10,4,8,86,2,Sexual Harassment,40.05,Medium,75.21,"18.563622,73.81232 -> 18.562993,73.815249 -> 18.564327,73.809817 -> 18.564196,73.812513",True,call my father,Relative,Notify selected relative
276,"Market Road, Chennai",Chennai,13.085251,80.273262,Market Road,3,4,2,5,31,7,Theft,44.02,Medium,62.13,"13.08823,80.273053 -> 13.082452,80.272278 -> 13.085698,80.276335 -> 13.086759,80.271136 -> 13.091464,80.273924 -> 13.088439,80.272883",True,help me,Help,Trigger emergency alert and share location
277,"Park Road, Chennai",Chennai,13.101368,80.300081,Park Road,7,8,1,10,98,2,Assault,43.32,Medium,75.87,"13.104011,80.302261 -> 13.10058,80.298652 -> 13.1022,80.302414 -> 13.100811,80.302744 -> 13.105,80.29779 -> 13.099276,80.29973",True,mom,Relative,Notify selected relative
278,"Industrial Road, Pune",Pune,18.531166,73.83834,Industrial Road,8,6,9,0,99,2,Sexual Harassment,42.57,Medium,75.09,"18.532226,73.838439 -> 18.527576,73.83505 -> 18.531869,73.833009 -> 18.533698,73.837945 -> 18.539274,73.84411 -> 18.530712,73.838074",True,call my mother,Relative,Notify selected relative
279,"Bus Stop Area, Delhi",Delhi,28.648745,77.268611,Bus Stop Area,7,4,7,4,41,5,Theft,34.25,Medium,69.46,"28.644279,77.267056 -> 28.650202,77.269853 -> 28.651419,77.265612 -> 28.642955,77.270756 -> 28.646675,77.263565",True,mom,Relative,Notify selected relative
280,"College Road, Mumbai",Mumbai,19.081077,72.905461,College Road,1,1,1,10,100,8,Sexual Harassment,58.64,Medium,49.05,"19.079932,72.905063 -> 19.080151,72.902091 -> 19.07929,72.906764",True,help,Help,Trigger emergency alert and share location
281,"Industrial Road, Vijayawada",Vijayawada,16.517459,80.653882,Industrial Road,8,1,6,3,88,3,Sexual Harassment,48.09,Medium,58.43,"16.517005,80.648439 -> 16.517905,80.657454 -> 16.513774,80.652417 -> 16.518282,80.657014 -> 16.516338,80.652151",True,help me,Help,Trigger emergency alert and share location
282,"Residential Street, Chennai",Chennai,13.013788,80.27432,Residential Street,6,5,1,5,85,3,Stalking,50.8,Medium,68.21,"13.014481,80.274264 -> 13.014593,80.274292 -> 13.011755,80.276378",True,call my father,Relative,Notify selected relative
283,"Park Road, Bengaluru",Bengaluru,12.979502,77.595216,Park Road,2,2,0,3,61,2,None,62.43,High,36.39,"12.982761,77.596878 -> 12.97812,77.597721 -> 12.978258,77.593261 -> 12.977603,77.590788",True,dad,Relative,Notify selected relative
284,"Main Road, Mumbai",Mumbai,19.092504,72.81361,Main Road,1,6,1,6,88,3,None,58.09,Medium,41.27,"19.087315,72.813395 -> 19.092128,72.812793 -> 19.089898,72.810679 -> 19.093665,72.812234 -> 19.093295,72.811397 -> 19.092957,72.816868",True,help,Help,Trigger emergency alert and share location
285,"Residential Street, Hyderabad",Hyderabad,17.405516,78.472266,Residential Street,2,6,5,4,17,7,None,37.7,Medium,70.48,"17.404914,78.472286 -> 17.404702,78.471855 -> 17.406046,78.469783 -> 17.402976,78.468795",True,help me,Help,Trigger emergency alert and share location
286,"Market Road, Visakhapatnam",Visakhapatnam,17.630791,83.175895,Market Road,8,6,3,10,95,3,Stalking,40.11,Medium,75.58,"17.628559,83.177179 -> 17.630878,83.170974 -> 17.632428,83.177922 -> 17.628306,83.176945 -> 17.62865,83.176139 -> 17.62763,83.171412",True,dad,Relative,Notify selected relative
287,"Residential Street, Bengaluru",Bengaluru,12.958201,77.590269,Residential Street,2,3,1,9,93,7,None,54.8,Medium,51.62,"12.955241,77.589269 -> 12.958874,77.590157 -> 12.958657,77.588594 -> 12.96113,77.587329 -> 12.95942,77.593224",True,call my father,Relative,Notify selected relative
288,"Bus Stop Area, Vijayawada",Vijayawada,16.523032,80.640912,Bus Stop Area,5,2,3,8,76,10,Assault,43.45,Medium,65.0,"16.525622,80.637355 -> 16.520607,80.639918 -> 16.526126,80.641861 -> 16.520612,80.640136 -> 16.521496,80.639138 -> 16.525479,80.637483 -> 16.527054,80.642983",True,call police,Emergency,Trigger emergency alert and share location
289,"Railway Station Road, Visakhapatnam",Visakhapatnam,17.72498,83.202297,Railway Station Road,4,9,9,8,24,7,Robbery,22.0,Low,90.55,"17.721397,83.200985 -> 17.726214,83.205537 -> 17.722212,83.201383 -> 17.724602,83.198808 -> 17.726458,83.200487",False,none,No Alert,No action
290,"Industrial Road, Bengaluru",Bengaluru,12.964761,77.578782,Industrial Road,7,2,3,7,81,10,Sexual Harassment,41.52,Medium,66.53,"12.964743,77.578243 -> 12.963831,77.576961 -> 12.96556,77.582916",True,mom,Relative,Notify selected relative
291,"College Road, Visakhapatnam",Visakhapatnam,17.691696,83.253364,College Road,6,3,6,9,53,6,Assault,35.25,Medium,71.9,"17.69209,83.250621 -> 17.688004,83.251516 -> 17.694676,83.255739 -> 17.692304,83.249532 -> 17.691205,83.254118 -> 17.692135,83.248755 -> 17.68947,83.253204",True,help me,Help,Trigger emergency alert and share location
292,"Main Road, Hyderabad",Hyderabad,17.40377,78.409836,Main Road,10,2,0,4,27,1,Theft,42.48,Medium,67.51,"17.404128,78.41196 -> 17.405502,78.411292 -> 17.40177,78.405066",True,call my father,Relative,Notify selected relative
293,"Park Road, Delhi",Delhi,28.600143,77.244057,Park Road,7,2,10,8,68,10,None,29.0,Low,94.17,"28.601919,77.24513 -> 28.601092,77.242667 -> 28.599818,77.24823 -> 28.597787,77.248094",True,call police,Emergency,Trigger emergency alert and share location
294,"Bus Stop Area, Hyderabad",Hyderabad,17.373729,78.53309,Bus Stop Area,3,9,5,6,75,2,Assault,43.75,Medium,58.32,"17.375194,78.531248 -> 17.370191,78.533636 -> 17.376253,78.530978 -> 17.369981,78.53286 -> 17.37351,78.534461",True,call my father,Relative,Notify selected relative
295,"Main Road, Bengaluru",Bengaluru,13.004836,77.59252,Main Road,4,2,6,1,58,10,None,44.68,Medium,71.5,"13.005397,77.591654 -> 13.000807,77.591863 -> 13.003995,77.594921 -> 13.005992,77.589572 -> 13.005267,77.594199 -> 13.008656,77.594739 -> 13.006738,77.59267",False,none,No Alert,No action
296,"Residential Street, Vijayawada",Vijayawada,16.519791,80.691733,Residential Street,1,3,0,2,63,6,Robbery,60.48,High,35.06,"16.518917,80.689802 -> 16.520739,80.694809 -> 16.518299,80.685757 -> 16.51876,80.694017 -> 16.521135,80.692803 -> 16.519091,80.688535 -> 16.521079,80.689647",True,mom,Relative,Notify selected relative
297,"Market Road, Chennai",Chennai,13.159143,80.290668,Market Road,6,3,4,1,98,1,None,56.95,Medium,47.64,"13.157615,80.290436 -> 13.158544,80.29346 -> 13.159609,80.288839 -> 13.163869,80.290791 -> 13.161065,80.289147",True,call my father,Relative,Notify selected relative
298,"Railway Station Road, Hyderabad",Hyderabad,17.397709,78.497589,Railway Station Road,10,2,7,7,65,6,Sexual Harassment,31.7,Medium,75.25,"17.402747,78.500816 -> 17.396716,78.494833 -> 17.398578,78.497806",True,call my sister,Relative,Notify selected relative
299,"College Road, Vijayawada",Vijayawada,16.518648,80.654705,College Road,3,5,1,9,86,2,None,53.68,Medium,58.05,"16.522266,80.656125 -> 16.516024,80.658111 -> 16.52275,80.662585 -> 16.515839,80.655312",True,mom,Relative,Notify selected relative
300,"Bus Stop Area, Visakhapatnam",Visakhapatnam,17.613927,83.23786,Bus Stop Area,1,8,5,6,19,3,Robbery,38.93,Medium,65.83,"17.618736,83.235923 -> 17.609704,83.236682 -> 17.608988,83.239738",True,mom,Relative,Notify selected relative
301,"Bus Stop Area, Delhi",Delhi,28.541622,77.209996,Bus Stop Area,6,4,6,5,34,2,None,38.14,Medium,62.77,"28.540821,77.214104 -> 28.542524,77.207837 -> 28.541544,77.210041 -> 28.542804,77.206579 -> 28.543103,77.203235 -> 28.540047,77.208775 -> 28.543205,77.210053",True,call my mother,Relative,Notify selected relative
302,"Market Road, Visakhapatnam",Visakhapatnam,17.637605,83.184025,Market Road,4,9,0,6,8,8,None,32.64,Medium,75.76,"17.637407,83.182577 -> 17.636403,83.185765 -> 17.636311,83.183805 -> 17.64303,83.180466 -> 17.632975,83.185984",True,call police,Emergency,Trigger emergency alert and share location
303,"Main Road, Mumbai",Mumbai,19.052247,72.866562,Main Road,6,4,4,9,100,5,Harassment,45.0,Medium,64.19,"19.051597,72.870558 -> 19.054252,72.868718 -> 19.048706,72.863684 -> 19.045149,72.864539 -> 19.054639,72.867854 -> 19.051693,72.866506 -> 19.050525,72.867074",True,save me,Help,Trigger emergency alert and share location
304,"Bus Stop Area, Mumbai",Mumbai,19.102806,72.821144,Bus Stop Area,9,4,2,0,52,1,None,46.45,Medium,63.24,"19.105137,72.820106 -> 19.104558,72.828181 -> 19.102545,72.822127 -> 19.100961,72.821597",True,mom,Relative,Notify selected relative
305,"College Road, Visakhapatnam",Visakhapatnam,17.70291,83.225319,College Road,1,7,4,1,26,9,Harassment,41.86,Medium,56.54,"17.703426,83.228974 -> 17.704032,83.227724 -> 17.702317,83.227194 -> 17.703608,83.222942",True,call my father,Relative,Notify selected relative
306,"Market Road, Visakhapatnam",Visakhapatnam,17.697948,83.183791,Market Road,5,2,0,3,66,7,Abduction,53.23,Medium,49.71,"17.698421,83.184534 -> 17.694975,83.186426 -> 17.699378,83.182029 -> 17.694104,83.183429 -> 17.696833,83.184074",True,call my sister,Relative,Notify selected relative
307,"Residential Street, Hyderabad",Hyderabad,17.372291,78.416439,Residential Street,9,3,10,6,9,10,Harassment,16.43,Low,98.03,"17.371527,78.418023 -> 17.370546,78.420636 -> 17.367512,78.419717 -> 17.37173,78.418588 -> 17.372491,78.419288 -> 17.371323,78.413692 -> 17.375842,78.416155",False,none,No Alert,No action
308,"Bus Stop Area, Vijayawada",Vijayawada,16.513955,80.691216,Bus Stop Area,5,5,5,6,89,6,None,44.16,Medium,61.38,"16.515444,80.689741 -> 16.513625,80.691397 -> 16.510204,80.689269 -> 16.517333,80.693431 -> 16.513798,80.691824",True,call my sister,Relative,Notify selected relative
309,"Bus Stop Area, Hyderabad",Hyderabad,17.374702,78.53418,Bus Stop Area,3,10,1,2,13,3,None,40.7,Medium,62.59,"17.375282,78.537045 -> 17.372759,78.538077 -> 17.370876,78.538254 -> 17.37377,78.533573 -> 17.369977,78.533043 -> 17.372102,78.532661",True,call my sister,Relative,Notify selected relative
310,"College Road, Hyderabad",Hyderabad,17.380194,78.520223,College Road,4,8,4,7,33,2,Robbery,37.07,Medium,74.07,"17.380963,78.517484 -> 17.377992,78.52472 -> 17.378356,78.524364",True,help me,Help,Trigger emergency alert and share location
311,"Main Road, Chennai",Chennai,13.074193,80.27078,Main Road,4,6,2,1,91,4,Theft,55.39,Medium,54.87,"13.077373,80.270503 -> 13.073222,80.27064 -> 13.075038,80.273008 -> 13.074204,80.272327 -> 13.078289,80.271733",True,call my father,Relative,Notify selected relative
312,"Railway Station Road, Chennai",Chennai,13.093608,80.217538,Railway Station Road,3,1,6,7,71,9,Harassment,45.39,Medium,51.76,"13.094579,80.217301 -> 13.092321,80.218147 -> 13.093457,80.220357 -> 13.093823,80.215671",True,help,Help,Trigger emergency alert and share location
313,"Residential Street, Vijayawada",Vijayawada,16.540856,80.6404,Residential Street,1,1,3,2,25,7,Theft,52.16,Medium,54.17,"16.539662,80.638775 -> 16.541066,80.640432 -> 16.542056,80.639728 -> 16.536265,80.639318 -> 16.542841,80.639657",True,help,Help,Trigger emergency alert and share location
314,"Residential Street, Chennai",Chennai,13.074077,80.305223,Residential Street,1,2,3,10,56,3,None,52.09,Medium,53.65,"13.07022,80.304821 -> 13.072867,80.302807 -> 13.073639,80.306452",True,call my mother,Relative,Notify selected relative
315,"Main Road, Mumbai",Mumbai,19.075675,72.888444,Main Road,3,10,6,6,63,1,None,40.02,Medium,78.64,"19.074818,72.88914 -> 19.074402,72.886328 -> 19.074213,72.887247 -> 19.076574,72.894317 -> 19.073885,72.887402 -> 19.075517,72.889433",True,call my father,Relative,Notify selected relative
316,"Market Road, Bengaluru",Bengaluru,12.980824,77.639543,Market Road,5,5,7,2,4,10,None,27.91,Low,68.86,"12.974857,77.638303 -> 12.983567,77.635629 -> 12.973305,77.640971 -> 12.981433,77.636817 -> 12.97836,77.637119 -> 12.9811,77.637977 -> 12.982059,77.632406",True,dad,Relative,Notify selected relative
317,"Industrial Road, Chennai",Chennai,13.05271,80.231288,Industrial Road,7,9,7,0,11,5,Harassment,26.3,Low,81.52,"13.051365,80.233283 -> 13.048062,80.231402 -> 13.054106,80.23593 -> 13.051506,80.232099 -> 13.0482,80.225308 -> 13.054822,80.231274",True,help me,Help,Trigger emergency alert and share location
318,"Main Road, Bengaluru",Bengaluru,13.012848,77.546531,Main Road,7,6,7,8,100,8,Theft,34.55,Medium,82.75,"13.01752,77.54758 -> 13.013539,77.546552 -> 13.008921,77.54992 -> 13.011321,77.547792 -> 13.00894,77.543582",True,dad,Relative,Notify selected relative
319,"Railway Station Road, Delhi",Delhi,28.664128,77.196844,Railway Station Road,3,1,5,9,28,1,Robbery,45.36,Medium,73.1,"28.663932,77.192239 -> 28.666358,77.195369 -> 28.665875,77.196907 -> 28.66027,77.197255 -> 28.669619,77.198076",False,none,No Alert,No action
320,"College Road, Mumbai",Mumbai,19.073987,72.915337,College Road,10,4,2,1,31,4,Robbery,37.66,Medium,73.09,"19.074511,72.912608 -> 19.074572,72.917926 -> 19.071897,72.918898 -> 19.073758,72.913118 -> 19.076481,72.91462",True,mom,Relative,Notify selected relative
321,"Bus Stop Area, Visakhapatnam",Visakhapatnam,17.713383,83.208288,Bus Stop Area,10,7,5,2,22,4,Robbery,27.14,Low,84.46,"17.714617,83.209015 -> 17.708394,83.205485 -> 17.715707,83.207958 -> 17.712074,83.204892 -> 17.710684,83.203234 -> 17.71313,83.206792 -> 17.710967,83.208118",True,call my mother,Relative,Notify selected relative
322,"Main Road, Pune",Pune,18.533139,73.929962,Main Road,6,10,9,2,72,4,None,32.82,Medium,70.32,"18.536037,73.932395 -> 18.531191,73.93047 -> 18.531995,73.930426 -> 18.536912,73.931476 -> 18.534411,73.928886 -> 18.529429,73.929441",True,mom,Relative,Notify selected relative
323,"Main Road, Mumbai",Mumbai,19.118231,72.824249,Main Road,2,1,3,9,28,1,None,49.91,Medium,54.22,"19.118547,72.821787 -> 19.11625,72.82319 -> 19.114817,72.821814 -> 19.11999,72.820981 -> 19.114236,72.822674 -> 19.120061,72.823757 -> 19.11707,72.82436",True,call my sister,Relative,Notify selected relative
324,"Market Road, Bengaluru",Bengaluru,12.9105,77.611915,Market Road,6,3,5,0,2,3,Assault,39.41,Medium,69.81,"12.909477,77.61443 -> 12.907681,77.614735 -> 12.910886,77.611074 -> 12.91045,77.611647 -> 12.913551,77.609223 -> 12.908594,77.614506 -> 12.909011,77.614166",True,help me,Help,Trigger emergency alert and share location
325,"Residential Street, Pune",Pune,18.57988,73.842637,Residential Street,6,7,9,1,43,5,Abduction,32.3,Medium,81.11,"18.576996,73.844524 -> 18.580379,73.84382 -> 18.578266,73.838484 -> 18.581138,73.837478 -> 18.579087,73.84499",True,help me,Help,Trigger emergency alert and share location
326,"Industrial Road, Delhi",Delhi,28.620616,77.277192,Industrial Road,6,3,8,9,100,6,Robbery,40.0,Medium,80.23,"28.618981,77.27726 -> 28.620498,77.273237 -> 28.618265,77.27579 -> 28.615525,77.277311",True,dad,Relative,Notify selected relative
327,"Railway Station Road, Delhi",Delhi,28.605182,77.150449,Railway Station Road,5,3,2,0,89,10,None,52.8,Medium,54.23,"28.606972,77.151017 -> 28.604372,77.151928 -> 28.606883,77.151218 -> 28.60312,77.151141 -> 28.608171,77.148957 -> 28.610427,77.149135",True,dad,Relative,Notify selected relative
328,"Bus Stop Area, Pune",Pune,18.521534,73.833163,Bus Stop Area,10,2,7,2,42,2,Abduction,36.23,Medium,77.79,"18.517178,73.831798 -> 18.518804,73.833501 -> 18.52402,73.834778 -> 18.515605,73.838268",True,call my mother,Relative,Notify selected relative
329,"Residential Street, Vijayawada",Vijayawada,16.516535,80.620823,Residential Street,6,8,0,4,26,4,None,38.68,Medium,69.7,"16.516975,80.619156 -> 16.51703,80.619304 -> 16.515524,80.619107",True,call my mother,Relative,Notify selected relative
330,"Main Road, Hyderabad",Hyderabad,17.334857,78.491804,Main Road,1,7,7,6,21,7,Harassment,34.25,Medium,77.18,"17.336144,78.493854 -> 17.335668,78.490472 -> 17.336956,78.48841 -> 17.332605,78.489393 -> 17.337557,78.494161 -> 17.336075,78.494484",True,call my father,Relative,Notify selected relative
331,"Residential Street, Delhi",Delhi,28.583125,77.221201,Residential Street,8,10,10,10,28,3,Robbery,14.45,Low,100.0,"28.585242,77.220913 -> 28.582163,77.222553 -> 28.585315,77.21953 -> 28.582972,77.218555 -> 28.57688,77.221702 -> 28.584647,77.221856",True,help,Help,Trigger emergency alert and share location
332,"Railway Station Road, Visakhapatnam",Visakhapatnam,17.618565,83.20622,Railway Station Road,1,6,4,1,9,6,None,43.25,Medium,49.16,"17.621989,83.203505 -> 17.621704,83.208585 -> 17.616314,83.203388 -> 17.619441,83.204109",True,call my father,Relative,Notify selected relative
333,"Residential Street, Hyderabad",Hyderabad,17.388587,78.469801,Residential Street,6,10,9,7,90,1,Theft,33.86,Medium,71.43,"17.383011,78.470368 -> 17.387183,78.468418 -> 17.390327,78.472735 -> 17.387906,78.46895 -> 17.389837,78.466409 -> 17.389145,78.471181",True,help me,Help,Trigger emergency alert and share location
334,"Market Road, Delhi",Delhi,28.637708,77.141214,Market Road,1,2,5,3,24,7,None,47.0,Medium,54.59,"28.635512,77.141464 -> 28.63891,77.144956 -> 28.636471,77.13997 -> 28.640582,77.141955 -> 28.640877,77.141936 -> 28.634815,77.137881 -> 28.633829,77.142869",True,mom,Relative,Notify selected relative
335,"Railway Station Road, Chennai",Chennai,13.124301,80.335428,Railway Station Road,4,2,0,6,73,9,None,51.61,Medium,60.0,"13.127208,80.333978 -> 13.12141,80.337553 -> 13.125345,80.335697 -> 13.125269,80.336236 -> 13.127511,80.338665 -> 13.125662,80.337543",True,help me,Help,Trigger emergency alert and share location
336,"Park Road, Visakhapatnam",Visakhapatnam,17.704792,83.202359,Park Road,2,5,10,10,76,8,None,35.27,Medium,82.11,"17.701306,83.204994 -> 17.701806,83.203074 -> 17.702679,83.203742 -> 17.704707,83.198372",True,help,Help,Trigger emergency alert and share location
337,"Railway Station Road, Vijayawada",Vijayawada,16.520924,80.627773,Railway Station Road,2,8,1,4,100,7,Sexual Harassment,53.64,Medium,55.67,"16.520927,80.628762 -> 16.51853,80.6263 -> 16.519777,80.629915 -> 16.525117,80.62576 -> 16.523616,80.622349 -> 16.517939,80.625376",True,call my sister,Relative,Notify selected relative
338,"Residential Street, Chennai",Chennai,13.035362,80.215274,Residential Street,9,7,2,5,48,6,None,32.64,Medium,81.13,"13.034827,80.216223 -> 13.037088,80.215938 -> 13.037006,80.2151 -> 13.032395,80.217919",True,call my sister,Relative,Notify selected relative
339,"Industrial Road, Mumbai",Mumbai,19.055381,72.844954,Industrial Road,5,4,4,9,7,3,Stalking,33.84,Medium,77.57,"19.053099,72.84391 -> 19.056241,72.845825 -> 19.053136,72.843735",True,help,Help,Trigger emergency alert and share location
340,"Bus Stop Area, Delhi",Delhi,28.651502,77.226374,Bus Stop Area,9,1,6,8,53,9,Sexual Harassment,30.7,Medium,95.47,"28.654452,77.229235 -> 28.648032,77.228284 -> 28.651369,77.224997 -> 28.651922,77.228737 -> 28.652754,77.224178 -> 28.653358,77.22478",True,dad,Relative,Notify selected relative
341,"Railway Station Road, Mumbai",Mumbai,19.083584,72.867083,Railway Station Road,2,7,0,8,73,9,None,46.61,Medium,59.49,"19.0855,72.864483 -> 19.088447,72.86253 -> 19.08209,72.868009 -> 19.085045,72.866832 -> 19.083441,72.868109 -> 19.083006,72.870566 -> 19.085682,72.869265",True,dad,Relative,Notify selected relative
342,"Market Road, Mumbai",Mumbai,19.042185,72.874921,Market Road,3,4,3,2,5,7,None,41.25,Medium,62.55,"19.039671,72.875821 -> 19.040841,72.87656 -> 19.03951,72.879219",True,call my father,Relative,Notify selected relative
343,"Railway Station Road, Vijayawada",Vijayawada,16.474828,80.655676,Railway Station Road,6,2,1,6,71,7,Sexual Harassment,48.11,Medium,65.35,"16.473401,80.657807 -> 16.471755,80.659306 -> 16.474863,80.654185 -> 16.47408,80.657698 -> 16.473367,80.653803 -> 16.474274,80.652734 -> 16.479379,80.65426",True,call my mother,Relative,Notify selected relative
344,"Main Road, Mumbai",Mumbai,19.105107,72.885031,Main Road,10,10,8,6,14,7,Theft,11.32,Low,99.96,"19.105092,72.886991 -> 19.104636,72.888014 -> 19.107661,72.887328 -> 19.103958,72.882331",True,help me,Help,Trigger emergency alert and share location
345,"Residential Street, Hyderabad",Hyderabad,17.363524,78.493568,Residential Street,10,2,4,8,44,7,Stalking,30.64,Medium,87.69,"17.358095,78.493548 -> 17.363919,78.492874 -> 17.366752,78.494622 -> 17.366799,78.493028 -> 17.365868,78.497656",True,call my father,Relative,Notify selected relative
346,"Main Road, Mumbai",Mumbai,19.121909,72.839475,Main Road,3,5,6,2,79,10,Harassment,44.84,Medium,60.69,"19.121046,72.840698 -> 19.123625,72.837378 -> 19.122079,72.834425 -> 19.125514,72.838194 -> 19.122049,72.838701 -> 19.124774,72.832381",False,none,No Alert,No action
347,"Bus Stop Area, Pune",Pune,18.519819,73.852996,Bus Stop Area,1,8,4,5,2,6,None,35.77,Medium,68.26,"18.524135,73.850778 -> 18.521748,73.853887 -> 18.522973,73.851328 -> 18.517987,73.855736 -> 18.520882,73.849134",True,call police,Emergency,Trigger emergency alert and share location
348,"Residential Street, Mumbai",Mumbai,19.057124,72.891223,Residential Street,4,3,4,7,99,6,Theft,50.75,Medium,63.54,"19.055426,72.883937 -> 19.058432,72.888172 -> 19.052081,72.884142 -> 19.059159,72.891545 -> 19.05656,72.894696",True,call my father,Relative,Notify selected relative
349,"Bus Stop Area, Hyderabad",Hyderabad,17.407306,78.543271,Bus Stop Area,8,4,6,7,97,9,Theft,36.34,Medium,71.0,"17.40722,78.539229 -> 17.406733,78.542649 -> 17.408873,78.543385 -> 17.408865,78.54503 -> 17.412693,78.542483",False,none,No Alert,No action
350,"Residential Street, Vijayawada",Vijayawada,16.473264,80.656613,Residential Street,5,9,6,2,99,9,None,39.84,Medium,64.55,"16.476969,80.655905 -> 16.47185,80.655435 -> 16.47506,80.656219 -> 16.47166,80.660776 -> 16.471124,80.656702 -> 16.474895,80.652535 -> 16.474465,80.653975",False,none,No Alert,No action
351,"Main Road, Bengaluru",Bengaluru,13.000397,77.560907,Main Road,4,1,7,0,46,4,Robbery,49.14,Medium,61.03,"13.003162,77.563061 -> 13.001025,77.560329 -> 12.998956,77.564585 -> 12.998648,77.558314 -> 13.00206,77.558917",True,call my mother,Relative,Notify selected relative
352,"Residential Street, Delhi",Delhi,28.580648,77.158474,Residential Street,1,4,5,7,76,8,Theft,48.0,Medium,57.79,"28.580441,77.159082 -> 28.583026,77.159791 -> 28.580171,77.157979 -> 28.581923,77.161655",True,call my sister,Relative,Notify selected relative
353,"College Road, Pune",Pune,18.524821,73.84028,College Road,3,5,1,4,3,7,Sexual Harassment,40.48,Medium,60.26,"18.521208,73.841946 -> 18.526266,73.841723 -> 18.524499,73.843797",True,help me,Help,Trigger emergency alert and share location
354,"Bus Stop Area, Bengaluru",Bengaluru,12.954656,77.628034,Bus Stop Area,4,4,4,10,52,9,Harassment,36.45,Medium,75.55,"12.953135,77.629515 -> 12.95568,77.628926 -> 12.954859,77.627939",False,none,No Alert,No action
355,"Market Road, Vijayawada",Vijayawada,16.589793,80.689449,Market Road,10,1,3,4,77,5,Sexual Harassment,44.07,Medium,71.85,"16.590072,80.691967 -> 16.591088,80.689515 -> 16.589034,80.689247 -> 16.581867,80.689976 -> 16.588572,80.693431",True,call my father,Relative,Notify selected relative
356,"Industrial Road, Pune",Pune,18.521077,73.815086,Industrial Road,5,4,7,4,86,9,Theft,41.41,Medium,68.64,"18.518462,73.81627 -> 18.521804,73.817481 -> 18.5191,73.815171 -> 18.517664,73.81684 -> 18.522374,73.816326 -> 18.521081,73.816123 -> 18.525088,73.814373",True,call my father,Relative,Notify selected relative
357,"College Road, Visakhapatnam",Visakhapatnam,17.691653,83.180486,College Road,9,10,9,4,38,2,None,21.95,Low,88.2,"17.691898,83.183246 -> 17.691012,83.179896 -> 17.690636,83.179149 -> 17.69239,83.176743 -> 17.694855,83.178822 -> 17.693458,83.177311",True,help,Help,Trigger emergency alert and share location
358,"College Road, Chennai",Chennai,13.106109,80.294218,College Road,5,5,10,10,38,4,Assault,27.41,Low,90.51,"13.103623,80.294842 -> 13.103151,80.293586 -> 13.108683,80.29621 -> 13.106147,80.291781",True,mom,Relative,Notify selected relative
359,"Park Road, Visakhapatnam",Visakhapatnam,17.709396,83.219178,Park Road,6,3,0,10,63,5,Harassment,45.02,Medium,55.18,"17.711353,83.219117 -> 17.712402,83.21644 -> 17.701454,83.219876 -> 17.710125,83.214951 -> 17.70695,83.226066",True,call my father,Relative,Notify selected relative
360,"Bus Stop Area, Visakhapatnam",Visakhapatnam,17.676104,83.244084,Bus Stop Area,6,4,10,8,81,8,None,31.98,Medium,80.17,"17.670878,83.243658 -> 17.67544,83.243084 -> 17.675817,83.244745 -> 17.675729,83.240924 -> 17.677319,83.239211",True,mom,Relative,Notify selected relative
361,"Market Road, Vijayawada",Vijayawada,16.434437,80.673871,Market Road,5,2,7,2,94,5,Abduction,50.86,Medium,60.57,"16.434294,80.670382 -> 16.432667,80.673214 -> 16.430447,80.672023 -> 16.436068,80.677439 -> 16.433388,80.675762 -> 16.429652,80.67552 -> 16.432427,80.674639",True,help me,Help,Trigger emergency alert and share location
362,"Residential Street, Pune",Pune,18.511729,73.902914,Residential Street,4,6,3,4,53,6,Theft,43.43,Medium,59.7,"18.513298,73.902215 -> 18.511333,73.902454 -> 18.509615,73.902879 -> 18.511572,73.903517 -> 18.51194,73.904909",True,call police,Emergency,Trigger emergency alert and share location
363,"Residential Street, Mumbai",Mumbai,19.108323,72.840928,Residential Street,8,1,10,9,74,10,Sexual Harassment,28.59,Low,93.45,"19.105357,72.842398 -> 19.109872,72.83615 -> 19.108555,72.839757",True,call my sister,Relative,Notify selected relative
364,"Park Road, Hyderabad",Hyderabad,17.358443,78.53398,Park Road,9,5,6,0,19,3,Harassment,32.57,Medium,74.36,"17.356427,78.534169 -> 17.360157,78.533626 -> 17.361359,78.535307 -> 17.352997,78.532656",True,call my mother,Relative,Notify selected relative
365,"Market Road, Mumbai",Mumbai,19.056336,72.894478,Market Road,6,3,1,7,42,3,None,44.86,Medium,52.21,"19.062709,72.895806 -> 19.056708,72.897432 -> 19.062195,72.896655 -> 19.058708,72.894805 -> 19.055982,72.893289",False,none,No Alert,No action
366,"Bus Stop Area, Chennai",Chennai,13.053786,80.246655,Bus Stop Area,3,10,2,7,100,2,Harassment,49.55,Medium,52.0,"13.053596,80.242443 -> 13.054263,80.246564 -> 13.054153,80.24535 -> 13.061478,80.250055",True,dad,Relative,Notify selected relative
367,"Park Road, Delhi",Delhi,28.570341,77.21715,Park Road,7,8,6,0,4,9,Abduction,24.27,Low,81.29,"28.567805,77.2138 -> 28.571422,77.215447 -> 28.572761,77.219634 -> 28.573776,77.215019",True,call my mother,Relative,Notify selected relative
368,"Bus Stop Area, Pune",Pune,18.537038,73.878836,Bus Stop Area,1,1,10,3,28,6,None,43.09,Medium,62.44,"18.535109,73.88286 -> 18.537607,73.880426 -> 18.534983,73.875788 -> 18.535614,73.878526 -> 18.534377,73.878811",True,help me,Help,Trigger emergency alert and share location
369,"Market Road, Chennai",Chennai,13.023602,80.231498,Market Road,2,1,4,4,58,9,None,50.59,Medium,59.16,"13.025111,80.230518 -> 13.021058,80.228929 -> 13.022669,80.233109 -> 13.025923,80.230257 -> 13.020718,80.232168 -> 13.021543,80.230202 -> 13.026915,80.233566",True,mom,Relative,Notify selected relative
370,"College Road, Vijayawada",Vijayawada,16.511729,80.603483,College Road,8,6,3,2,51,1,Assault,42.2,Medium,68.15,"16.514386,80.602544 -> 16.515107,80.606715 -> 16.515888,80.604246 -> 16.513197,80.607018",True,save me,Help,Trigger emergency alert and share location
371,"Bus Stop Area, Vijayawada",Vijayawada,16.521859,80.630457,Bus Stop Area,1,10,8,2,15,6,Sexual Harassment,32.39,Medium,71.57,"16.522455,80.627231 -> 16.521501,80.633198 -> 16.516381,80.634293",True,call my father,Relative,Notify selected relative
372,"Main Road, Chennai",Chennai,13.121983,80.254608,Main Road,10,1,10,1,83,1,Harassment,41.84,Medium,74.58,"13.121991,80.257683 -> 13.12444,80.251108 -> 13.123451,80.254094",True,help,Help,Trigger emergency alert and share location
373,"Residential Street, Delhi",Delhi,28.616799,77.183514,Residential Street,9,5,7,2,26,1,Stalking,32.32,Medium,88.52,"28.619399,77.181665 -> 28.613462,77.18255 -> 28.617885,77.184115 -> 28.619932,77.185489 -> 28.619223,77.184331",True,call my father,Relative,Notify selected relative
374,"Market Road, Chennai",Chennai,13.034075,80.263851,Market Road,7,2,8,9,15,5,Harassment,26.93,Low,94.27,"13.033946,80.265109 -> 13.033278,80.261276 -> 13.033767,80.264624",True,help,Help,Trigger emergency alert and share location
375,"Railway Station Road, Bengaluru",Bengaluru,12.948651,77.58635,Railway Station Road,9,4,5,6,37,3,Harassment,32.7,Medium,76.5,"12.951449,77.585614 -> 12.952283,77.590172 -> 12.948448,77.583829",True,mom,Relative,Notify selected relative
376,"Industrial Road, Bengaluru",Bengaluru,12.898594,77.543079,Industrial Road,6,4,0,0,85,2,Stalking,58.98,Medium,38.95,"12.90204,77.543369 -> 12.899568,77.537528 -> 12.895599,77.545297",True,dad,Relative,Notify selected relative
377,"Residential Street, Vijayawada",Vijayawada,16.516237,80.642848,Residential Street,9,2,1,4,82,4,None,48.95,Medium,64.37,"16.520326,80.642295 -> 16.51641,80.643329 -> 16.522217,80.6376 -> 16.517945,80.642561 -> 16.517654,80.641205 -> 16.516115,80.644627",True,call police,Emergency,Trigger emergency alert and share location
378,"Residential Street, Visakhapatnam",Visakhapatnam,17.795752,83.246781,Residential Street,3,1,4,5,86,6,None,55.05,Medium,48.61,"17.794693,83.245647 -> 17.791263,83.245956 -> 17.797584,83.243595 -> 17.798373,83.248 -> 17.793916,83.246427 -> 17.799748,83.248615",True,help,Help,Trigger emergency alert and share location
379,"Main Road, Visakhapatnam",Visakhapatnam,17.687107,83.210181,Main Road,3,3,5,5,56,10,Harassment,42.55,Medium,66.24,"17.685828,83.204919 -> 17.692212,83.210569 -> 17.688102,83.210036 -> 17.685269,83.209716 -> 17.683109,83.215874",True,help,Help,Trigger emergency alert and share location
380,"Market Road, Pune",Pune,18.477192,73.820581,Market Road,2,7,6,7,34,7,Stalking,34.95,Medium,72.34,"18.480412,73.820617 -> 18.474102,73.823717 -> 18.47902,73.821927 -> 18.478981,73.826567 -> 18.482655,73.818864 -> 18.481252,73.821539",True,call my father,Relative,Notify selected relative
381,"Residential Street, Vijayawada",Vijayawada,16.523668,80.588771,Residential Street,3,1,2,1,53,10,Stalking,52.52,Medium,50.73,"16.521636,80.590841 -> 16.526346,80.583585 -> 16.523613,80.591576 -> 16.523201,80.590594 -> 16.524546,80.589625 -> 16.52299,80.58573",True,dad,Relative,Notify selected relative
382,"Park Road, Vijayawada",Vijayawada,16.466946,80.672827,Park Road,6,10,0,10,93,3,None,42.07,Medium,69.83,"16.4666,80.671767 -> 16.466183,80.675444 -> 16.466108,80.669474 -> 16.468805,80.672315 -> 16.467024,80.676846 -> 16.466895,80.67355",True,call my sister,Relative,Notify selected relative
383,"Industrial Road, Delhi",Delhi,28.572638,77.201312,Industrial Road,1,2,4,10,40,1,Assault,50.0,Medium,62.85,"28.56875,77.201814 -> 28.57289,77.201415 -> 28.575231,77.202148 -> 28.576333,77.198828 -> 28.572978,77.201523 -> 28.569965,77.203703 -> 28.57845,77.201269",True,dad,Relative,Notify selected relative
384,"College Road, Bengaluru",Bengaluru,12.989276,77.597558,College Road,9,9,9,1,55,4,Stalking,26.93,Low,81.9,"12.984724,77.595794 -> 12.985796,77.601818 -> 12.988988,77.596693 -> 12.991499,77.594754 -> 12.987359,77.597728 -> 12.991848,77.598812",True,call my mother,Relative,Notify selected relative
385,"Market Road, Delhi",Delhi,28.622591,77.211734,Market Road,9,10,0,0,82,3,Sexual Harassment,43.95,Medium,65.25,"28.623095,77.209159 -> 28.622706,77.20905 -> 28.622794,77.210532 -> 28.628939,77.211634 -> 28.61908,77.211399 -> 28.623889,77.215917 -> 28.621117,77.207778",True,call my sister,Relative,Notify selected relative
386,"Residential Street, Vijayawada",Vijayawada,16.534789,80.599679,Residential Street,8,6,3,5,35,1,Theft,36.93,Medium,72.29,"16.534145,80.599505 -> 16.536512,80.59797 -> 16.534105,80.599643 -> 16.535163,80.599924 -> 16.535879,80.601789 -> 16.535771,80.600813 -> 16.530833,80.599805",True,save me,Help,Trigger emergency alert and share location
387,"Park Road, Delhi",Delhi,28.630683,77.234513,Park Road,4,2,7,7,73,8,Harassment,42.07,Medium,66.07,"28.629035,77.233078 -> 28.632024,77.237098 -> 28.629664,77.236783",True,call my sister,Relative,Notify selected relative
388,"Industrial Road, Hyderabad",Hyderabad,17.389322,78.48235,Industrial Road,1,2,6,6,4,9,Robbery,37.91,Medium,69.03,"17.391189,78.483164 -> 17.395012,78.480219 -> 17.390617,78.481027 -> 17.387149,78.482323 -> 17.389665,78.489645 -> 17.388862,78.479525 -> 17.390005,78.477163",False,none,No Alert,No action
389,"Bus Stop Area, Chennai",Chennai,13.079482,80.271261,Bus Stop Area,8,6,5,0,28,8,Assault,31.27,Medium,81.6,"13.081916,80.270002 -> 13.079105,80.269346 -> 13.076662,80.272036 -> 13.076298,80.270224 -> 13.076994,80.272635",True,mom,Relative,Notify selected relative
390,"College Road, Mumbai",Mumbai,19.13905,72.832144,College Road,8,2,1,10,28,1,Robbery,39.45,Medium,65.18,"19.138738,72.832183 -> 19.139597,72.831028 -> 19.138548,72.833063 -> 19.141651,72.827256 -> 19.138128,72.832679",True,call my mother,Relative,Notify selected relative
391,"College Road, Chennai",Chennai,13.050571,80.331291,College Road,2,1,2,7,17,7,Theft,45.89,Medium,58.44,"13.050468,80.332681 -> 13.049093,80.326675 -> 13.049499,80.333865",True,call police,Emergency,Trigger emergency alert and share location
392,"Residential Street, Bengaluru",Bengaluru,12.959809,77.564975,Residential Street,7,4,7,3,91,6,None,42.2,Medium,73.62,"12.958982,77.5637 -> 12.960183,77.566902 -> 12.965763,77.567043",True,call my father,Relative,Notify selected relative
393,"Industrial Road, Hyderabad",Hyderabad,17.425594,78.468991,Industrial Road,8,10,8,2,63,1,Theft,31.84,Medium,74.83,"17.42575,78.469259 -> 17.422898,78.468553 -> 17.426592,78.469892 -> 17.426855,78.469718 -> 17.424326,78.467706 -> 17.422597,78.473453 -> 17.425628,78.468429",False,none,No Alert,No action
394,"Industrial Road, Delhi",Delhi,28.581392,77.311748,Industrial Road,9,3,9,2,93,3,Stalking,41.16,Medium,66.57,"28.58032,77.312788 -> 28.582893,77.314143 -> 28.585911,77.313013",True,call my father,Relative,Notify selected relative
395,"Park Road, Pune",Pune,18.483439,73.847707,Park Road,7,10,3,4,50,6,Robbery,32.05,Medium,79.39,"18.48861,73.844212 -> 18.486445,73.848157 -> 18.485534,73.847452 -> 18.481333,73.849584 -> 18.485075,73.850137",True,call my sister,Relative,Notify selected relative
396,"Park Road, Vijayawada",Vijayawada,16.505734,80.627006,Park Road,10,9,4,8,40,9,None,18.64,Low,89.17,"16.507782,80.628066 -> 16.50332,80.62566 -> 16.504567,80.623299 -> 16.50369,80.624171",True,save me,Help,Trigger emergency alert and share location
397,"College Road, Chennai",Chennai,13.068263,80.244846,College Road,3,3,8,8,88,6,Theft,44.45,Medium,59.41,"13.073319,80.247977 -> 13.066315,80.245527 -> 13.069307,80.247824",True,call my mother,Relative,Notify selected relative
398,"Railway Station Road, Delhi",Delhi,28.585249,77.247224,Railway Station Road,7,1,8,1,3,7,Stalking,31.84,Medium,75.72,"28.581909,77.249034 -> 28.588476,77.253694 -> 28.58225,77.248971 -> 28.584224,77.249182",False,none,No Alert,No action
399,"Railway Station Road, Bengaluru",Bengaluru,12.920133,77.550403,Railway Station Road,3,5,10,4,18,1,Assault,36.05,Medium,70.28,"12.92033,77.5488 -> 12.921781,77.55297 -> 12.921632,77.55445 -> 12.921173,77.547361 -> 12.923541,77.54889",True,save me,Help,Trigger emergency alert and share location
400,"College Road, Visakhapatnam",Visakhapatnam,17.718665,83.273581,College Road,8,2,9,10,94,9,Harassment,31.77,Medium,88.41,"17.714925,83.271285 -> 17.721972,83.273158 -> 17.718864,83.275478 -> 17.720406,83.274278",True,mom,Relative,Notify selected relative
401,"Main Road, Chennai",Chennai,13.075397,80.259757,Main Road,7,7,6,10,40,9,Assault,22.27,Low,97.62,"13.076781,80.259114 -> 13.078102,80.259434 -> 13.073268,80.25786",False,none,No Alert,No action
402,"Industrial Road, Bengaluru",Bengaluru,12.937344,77.585066,Industrial Road,4,6,9,8,94,10,None,34.5,Medium,84.97,"12.935331,77.585537 -> 12.935702,77.584415 -> 12.933569,77.584515 -> 12.93686,77.586417",True,save me,Help,Trigger emergency alert and share location
403,"Residential Street, Vijayawada",Vijayawada,16.514015,80.606056,Residential Street,3,3,8,1,48,1,Theft,49.0,Medium,63.52,"16.514541,80.606552 -> 16.513992,80.604762 -> 16.51456,80.607245 -> 16.509648,80.604709 -> 16.513378,80.606696 -> 16.516998,80.604127",True,call police,Emergency,Trigger emergency alert and share location
404,"Market Road, Vijayawada",Vijayawada,16.488771,80.630061,Market Road,10,5,0,5,59,3,Sexual Harassment,40.75,Medium,66.74,"16.487903,80.631988 -> 16.486136,80.631131 -> 16.484516,80.628658",True,help me,Help,Trigger emergency alert and share location
405,"Railway Station Road, Visakhapatnam",Visakhapatnam,17.675268,83.27712,Railway Station Road,8,10,8,5,9,6,Abduction,15.98,Low,96.55,"17.669765,83.272123 -> 17.675353,83.278654 -> 17.676207,83.277539 -> 17.678174,83.275771 -> 17.677505,83.27304 -> 17.673006,83.272602 -> 17.674581,83.277004",True,save me,Help,Trigger emergency alert and share location
406,"Market Road, Hyderabad",Hyderabad,17.388994,78.488866,Market Road,7,9,8,6,11,6,Stalking,18.57,Low,90.59,"17.388518,78.485122 -> 17.392402,78.488107 -> 17.387772,78.492838 -> 17.385888,78.486052",True,save me,Help,Trigger emergency alert and share location
407,"College Road, Pune",Pune,18.482032,73.854325,College Road,5,4,9,8,60,9,Stalking,30.91,Medium,85.35,"18.483881,73.860755 -> 18.476408,73.855847 -> 18.480639,73.852859",True,help,Help,Trigger emergency alert and share location
408,"Bus Stop Area, Mumbai",Mumbai,19.054308,72.845893,Bus Stop Area,10,10,3,0,87,6,Harassment,36.11,Medium,81.81,"19.056414,72.845951 -> 19.057686,72.842112 -> 19.050981,72.840448 -> 19.052559,72.846297 -> 19.054565,72.846266 -> 19.05078,72.847901",True,help,Help,Trigger emergency alert and share location
409,"Main Road, Chennai",Chennai,13.091087,80.296357,Main Road,9,6,8,8,57,8,Sexual Harassment,22.7,Low,84.63,"13.091866,80.293388 -> 13.090094,80.297693 -> 13.091315,80.294228",True,call police,Emergency,Trigger emergency alert and share location
410,"College Road, Bengaluru",Bengaluru,12.97182,77.540996,College Road,9,2,1,2,98,9,Stalking,48.77,Medium,66.08,"12.971307,77.543792 -> 12.970504,77.539687 -> 12.96991,77.543186 -> 12.970046,77.542607 -> 12.970864,77.536056 -> 12.970394,77.538048 -> 12.971905,77.53802",False,none,No Alert,No action
411,"Bus Stop Area, Bengaluru",Bengaluru,13.004009,77.591412,Bus Stop Area,7,2,3,8,89,7,None,44.61,Medium,67.2,"13.005649,77.593822 -> 13.003959,77.589484 -> 12.999574,77.589697",True,help me,Help,Trigger emergency alert and share location
412,"Main Road, Pune",Pune,18.498798,73.860447,Main Road,2,2,0,2,32,9,Robbery,52.36,Medium,48.91,"18.500518,73.858915 -> 18.498655,73.863407 -> 18.499653,73.860297",True,dad,Relative,Notify selected relative
413,"Park Road, Chennai",Chennai,13.061632,80.248537,Park Road,7,8,10,6,55,6,Stalking,24.2,Low,86.34,"13.060279,80.250426 -> 13.061077,80.245163 -> 13.066052,80.249337",True,call my father,Relative,Notify selected relative
414,"Residential Street, Visakhapatnam",Visakhapatnam,17.637557,83.203035,Residential Street,10,1,1,5,64,2,Theft,46.55,Medium,66.01,"17.641818,83.200265 -> 17.639997,83.206534 -> 17.635985,83.202341 -> 17.634966,83.202526 -> 17.637466,83.204684",True,call police,Emergency,Trigger emergency alert and share location
415,"Industrial Road, Chennai",Chennai,13.120856,80.244517,Industrial Road,7,7,10,0,60,3,None,34.55,Medium,66.22,"13.120803,80.245251 -> 13.12148,80.2437 -> 13.121168,80.248306 -> 13.12181,80.243584 -> 13.119606,80.244092 -> 13.124948,80.244059 -> 13.120807,80.243311",True,save me,Help,Trigger emergency alert and share location
416,"Railway Station Road, Delhi",Delhi,28.652364,77.277594,Railway Station Road,3,5,10,10,47,1,None,35.2,Medium,81.45,"28.652571,77.277686 -> 28.646403,77.279457 -> 28.652699,77.278665 -> 28.650585,77.276633 -> 28.651336,77.280148 -> 28.651417,77.282801 -> 28.653441,77.274405",True,mom,Relative,Notify selected relative
417,"Main Road, Visakhapatnam",Visakhapatnam,17.682301,83.195691,Main Road,10,10,6,8,70,2,Assault,25.68,Low,79.95,"17.6863,83.197449 -> 17.683634,83.196105 -> 17.678846,83.194482 -> 17.684405,83.193063 -> 17.675972,83.195123",True,save me,Help,Trigger emergency alert and share location
418,"Bus Stop Area, Pune",Pune,18.515438,73.861445,Bus Stop Area,7,9,2,2,23,4,None,34.11,Medium,77.53,"18.517032,73.862092 -> 18.518427,73.857648 -> 18.516699,73.863011 -> 18.512339,73.857688 -> 18.513573,73.859791 -> 18.517322,73.859909 -> 18.513297,73.859916",True,call police,Emergency,Trigger emergency alert and share location
419,"Main Road, Vijayawada",Vijayawada,16.545352,80.648457,Main Road,9,8,10,8,9,5,None,12.34,Low,100.0,"16.545077,80.651687 -> 16.543479,80.651746 -> 16.545878,80.648056",True,call police,Emergency,Trigger emergency alert and share location
420,"College Road, Mumbai",Mumbai,19.163532,72.840753,College Road,6,3,10,10,30,2,None,28.86,Low,86.17,"19.160451,72.843134 -> 19.167755,72.844928 -> 19.166592,72.840259 -> 19.162619,72.836575 -> 19.168622,72.841925",True,dad,Relative,Notify selected relative
421,"College Road, Bengaluru",Bengaluru,12.954382,77.641082,College Road,8,8,5,9,84,5,Theft,32.0,Medium,78.34,"12.955399,77.64065 -> 12.955979,77.640923 -> 12.950755,77.641271 -> 12.957004,77.641009 -> 12.95632,77.638468 -> 12.954316,77.639521 -> 12.956249,77.641161",True,help me,Help,Trigger emergency alert and share location
422,"College Road, Pune",Pune,18.544553,73.89477,College Road,7,3,0,5,31,4,Sexual Harassment,43.57,Medium,68.99,"18.545236,73.892274 -> 18.544546,73.893437 -> 18.543693,73.893834 -> 18.542103,73.889877 -> 18.542883,73.895253 -> 18.541183,73.894809",True,call police,Emergency,Trigger emergency alert and share location
423,"College Road, Vijayawada",Vijayawada,16.572709,80.683807,College Road,8,8,7,5,99,5,None,35.3,Medium,86.32,"16.573687,80.686726 -> 16.570899,80.682196 -> 16.565861,80.686772 -> 16.57656,80.682424 -> 16.572074,80.681922 -> 16.573666,80.686619",True,mom,Relative,Notify selected relative
424,"Railway Station Road, Hyderabad",Hyderabad,17.324003,78.50103,Railway Station Road,3,9,3,4,93,2,Sexual Harassment,51.16,Medium,54.16,"17.324286,78.502177 -> 17.323532,78.500771 -> 17.323468,78.503456",False,none,No Alert,No action
425,"Park Road, Visakhapatnam",Visakhapatnam,17.701457,83.22622,Park Road,10,4,0,8,33,9,Stalking,29.8,Low,77.45,"17.700511,83.228467 -> 17.701551,83.227869 -> 17.705873,83.228817 -> 17.70169,83.224943 -> 17.695073,83.225799 -> 17.700642,83.227196 -> 17.701072,83.225419",True,call my sister,Relative,Notify selected relative
426,"College Road, Vijayawada",Vijayawada,16.443921,80.615101,College Road,7,4,9,4,17,8,None,24.98,Low,90.31,"16.448211,80.614857 -> 16.444741,80.617482 -> 16.441894,80.616018 -> 16.44207,80.617263 -> 16.4443,80.615847 -> 16.441965,80.616869 -> 16.449133,80.612581",True,mom,Relative,Notify selected relative
427,"Main Road, Pune",Pune,18.508508,73.864806,Main Road,4,10,10,2,96,9,None,34.36,Medium,79.17,"18.507109,73.857723 -> 18.511906,73.866707 -> 18.504151,73.863287 -> 18.512428,73.868425",True,call my sister,Relative,Notify selected relative
428,"Industrial Road, Vijayawada",Vijayawada,16.539052,80.641836,Industrial Road,6,1,3,7,29,2,None,43.7,Medium,67.91,"16.538725,80.644657 -> 16.536862,80.639822 -> 16.541578,80.641725 -> 16.542498,80.640157 -> 16.538915,80.63953",True,call my mother,Relative,Notify selected relative
429,"College Road, Bengaluru",Bengaluru,12.971858,77.542851,College Road,7,8,7,0,5,6,Stalking,25.8,Low,80.87,"12.968267,77.544586 -> 12.973649,77.538525 -> 12.975193,77.549095",True,mom,Relative,Notify selected relative
430,"Railway Station Road, Chennai",Chennai,13.08431,80.248261,Railway Station Road,10,9,9,2,48,7,Stalking,20.36,Low,100.0,"13.081013,80.248311 -> 13.084759,80.251624 -> 13.085209,80.247014 -> 13.081932,80.247406 -> 13.081793,80.248381",True,dad,Relative,Notify selected relative
431,"Railway Station Road, Hyderabad",Hyderabad,17.365253,78.434409,Railway Station Road,7,4,8,6,45,6,Sexual Harassment,30.8,Medium,89.28,"17.364009,78.431239 -> 17.364832,78.43458 -> 17.360887,78.435238 -> 17.362635,78.438687 -> 17.366563,78.433409 -> 17.36339,78.434147",True,call my sister,Relative,Notify selected relative
432,"Market Road, Visakhapatnam",Visakhapatnam,17.708248,83.217608,Market Road,8,3,3,1,65,5,None,45.8,Medium,61.72,"17.708394,83.216098 -> 17.70739,83.212394 -> 17.710682,83.218355 -> 17.706314,83.222355",True,help me,Help,Trigger emergency alert and share location
433,"Residential Street, Pune",Pune,18.523446,73.820435,Residential Street,4,7,5,1,61,8,Theft,41.52,Medium,69.16,"18.524441,73.821421 -> 18.522382,73.821561 -> 18.522792,73.821825 -> 18.518684,73.81935 -> 18.527751,73.818517 -> 18.521936,73.819315",True,save me,Help,Trigger emergency alert and share location
434,"Main Road, Delhi",Delhi,28.571382,77.13171,Main Road,4,1,2,9,75,3,None,53.3,Medium,56.05,"28.571722,77.131579 -> 28.57102,77.131818 -> 28.573939,77.131234 -> 28.569947,77.131007",True,mom,Relative,Notify selected relative
435,"Main Road, Vijayawada",Vijayawada,16.526477,80.697421,Main Road,3,5,2,8,51,10,Sexual Harassment,40.39,Medium,65.47,"16.526724,80.698267 -> 16.523996,80.697472 -> 16.522813,80.692998 -> 16.527394,80.696461 -> 16.526983,80.697376 -> 16.524036,80.697308 -> 16.523394,80.700898",False,none,No Alert,No action
436,"Residential Street, Chennai",Chennai,13.035241,80.263848,Residential Street,4,8,9,7,61,3,Theft,33.8,Medium,73.59,"13.036667,80.263019 -> 13.033944,80.265981 -> 13.035315,80.26514 -> 13.032788,80.260336",True,call my father,Relative,Notify selected relative
437,"Railway Station Road, Vijayawada",Vijayawada,16.509952,80.63684,Railway Station Road,3,6,7,9,75,2,Harassment,42.39,Medium,72.95,"16.509752,80.637353 -> 16.505894,80.641561 -> 16.509541,80.638584 -> 16.507862,80.63761",True,call my father,Relative,Notify selected relative
438,"Main Road, Hyderabad",Hyderabad,17.3394,78.502522,Main Road,4,9,8,10,53,3,None,29.8,Low,82.62,"17.339473,78.504267 -> 17.336319,78.500811 -> 17.340543,78.507768 -> 17.339055,78.504 -> 17.339133,78.507378 -> 17.335032,78.502759 -> 17.335336,78.496256",True,help,Help,Trigger emergency alert and share location
439,"Residential Street, Visakhapatnam",Visakhapatnam,17.697211,83.223382,Residential Street,2,8,10,2,77,9,Theft,37.7,Medium,68.87,"17.696946,83.231128 -> 17.696566,83.224657 -> 17.695588,83.22412",True,call my father,Relative,Notify selected relative
440,"Main Road, Pune",Pune,18.512062,73.842332,Main Road,9,7,3,7,98,7,Robbery,36.5,Medium,86.19,"18.515005,73.842674 -> 18.506301,73.841429 -> 18.51882,73.841755 -> 18.51482,73.845937 -> 18.512609,73.840227",True,dad,Relative,Notify selected relative
441,"Park Road, Hyderabad",Hyderabad,17.299764,78.510646,Park Road,3,5,7,3,10,5,Harassment,36.14,Medium,67.79,"17.300204,78.507521 -> 17.299101,78.51073 -> 17.300435,78.507859 -> 17.302756,78.509154 -> 17.295578,78.510373 -> 17.29985,78.511047 -> 17.303169,78.510055",True,mom,Relative,Notify selected relative
442,"Main Road, Bengaluru",Bengaluru,12.967413,77.555989,Main Road,1,10,8,1,66,1,Stalking,45.95,Medium,63.65,"12.967874,77.554939 -> 12.962651,77.5596 -> 12.964344,77.554511 -> 12.968309,77.552998 -> 12.963679,77.550679 -> 12.969215,77.554626",True,save me,Help,Trigger emergency alert and share location
443,"Park Road, Pune",Pune,18.622854,73.821898,Park Road,6,2,2,6,83,10,Sexual Harassment,45.93,Medium,59.46,"18.621441,73.822506 -> 18.621678,73.823429 -> 18.620408,73.818444 -> 18.618358,73.816339 -> 18.621559,73.821146",True,call police,Emergency,Trigger emergency alert and share location
444,"College Road, Delhi",Delhi,28.5918,77.252519,College Road,10,5,10,6,96,4,Robbery,31.18,Medium,92.16,"28.590963,77.248034 -> 28.590383,77.251019 -> 28.590157,77.250775 -> 28.590166,77.251553 -> 28.590211,77.25304 -> 28.592701,77.250242",True,mom,Relative,Notify selected relative
445,"Market Road, Mumbai",Mumbai,19.120487,72.843398,Market Road,6,9,8,7,32,5,Assault,23.73,Low,81.88,"19.121439,72.841354 -> 19.12129,72.837389 -> 19.123968,72.845079 -> 19.116736,72.839701 -> 19.124668,72.841555 -> 19.118402,72.837733 -> 19.11961,72.842829",True,call my mother,Relative,Notify selected relative
446,"Market Road, Delhi",Delhi,28.638942,77.160032,Market Road,2,4,7,2,12,4,Robbery,41.45,Medium,57.44,"28.640069,77.162549 -> 28.635014,77.162736 -> 28.639036,77.162762 -> 28.638766,77.153726 -> 28.638562,77.162682 -> 28.636708,77.159062 -> 28.638502,77.152783",True,call my father,Relative,Notify selected relative
447,"Market Road, Visakhapatnam",Visakhapatnam,17.745297,83.186952,Market Road,7,1,1,2,60,10,None,46.82,Medium,63.21,"17.74508,83.190096 -> 17.746312,83.186365 -> 17.743063,83.188947 -> 17.740613,83.188567 -> 17.742549,83.190083 -> 17.7457,83.188562",True,help,Help,Trigger emergency alert and share location
448,"College Road, Bengaluru",Bengaluru,12.97447,77.533267,College Road,2,10,0,6,51,10,Stalking,39.93,Medium,61.56,"12.976151,77.533684 -> 12.977422,77.534275 -> 12.972053,77.531277 -> 12.974727,77.527482 -> 12.978654,77.534371 -> 12.977538,77.529315 -> 12.977581,77.538846",True,call police,Emergency,Trigger emergency alert and share location
449,"Market Road, Visakhapatnam",Visakhapatnam,17.640569,83.245499,Market Road,8,8,0,3,84,9,None,40.64,Medium,67.87,"17.636708,83.246731 -> 17.642653,83.243996 -> 17.643484,83.241332 -> 17.636832,83.24584 -> 17.640632,83.243708",True,save me,Help,Trigger emergency alert and share location
450,"Market Road, Bengaluru",Bengaluru,12.999936,77.613181,Market Road,1,6,3,10,0,3,Assault,37.73,Medium,75.86,"12.999628,77.614687 -> 12.998822,77.618316 -> 12.997905,77.618444",True,call police,Emergency,Trigger emergency alert and share location
451,"Park Road, Pune",Pune,18.521621,73.808557,Park Road,7,10,3,8,1,2,None,24.25,Low,95.29,"18.521936,73.810685 -> 18.524681,73.809402 -> 18.52014,73.810996",True,mom,Relative,Notify selected relative
452,"College Road, Pune",Pune,18.520426,73.880705,College Road,5,4,9,3,58,7,None,36.95,Medium,62.88,"18.521543,73.879109 -> 18.524559,73.882263 -> 18.521026,73.881921 -> 18.51793,73.884763 -> 18.525404,73.881687 -> 18.524402,73.879282 -> 18.518433,73.880807",False,none,No Alert,No action
453,"Residential Street, Delhi",Delhi,28.629123,77.19521,Residential Street,9,2,8,4,43,2,Sexual Harassment,35.02,Medium,81.67,"28.629889,77.192714 -> 28.63042,77.197369 -> 28.629552,77.198092 -> 28.626079,77.19638 -> 28.626197,77.192425 -> 28.627546,77.192855 -> 28.627753,77.194675",True,call police,Emergency,Trigger emergency alert and share location
454,"Industrial Road, Chennai",Chennai,13.112,80.259459,Industrial Road,7,10,7,3,96,6,Sexual Harassment,34.82,Medium,68.45,"13.11485,80.257366 -> 13.111853,80.260575 -> 13.112499,80.262194 -> 13.113198,80.257306 -> 13.117446,80.259945 -> 13.111632,80.261869",True,call my sister,Relative,Notify selected relative
455,"Industrial Road, Visakhapatnam",Visakhapatnam,17.695531,83.232473,Industrial Road,2,5,1,6,81,4,Harassment,55.61,Medium,63.15,"17.694843,83.231679 -> 17.695822,83.235152 -> 17.691765,83.227559 -> 17.694063,83.228388",True,call my mother,Relative,Notify selected relative
456,"Main Road, Pune",Pune,18.505531,73.874287,Main Road,5,4,4,1,51,6,Sexual Harassment,45.39,Medium,56.86,"18.501964,73.87446 -> 18.507687,73.87005 -> 18.507582,73.87633",True,mom,Relative,Notify selected relative
457,"College Road, Mumbai",Mumbai,19.109393,72.920347,College Road,6,4,9,4,23,4,None,31.39,Medium,91.72,"19.108503,72.920621 -> 19.108352,72.920352 -> 19.113225,72.916984 -> 19.10724,72.92379 -> 19.111943,72.919439 -> 19.111529,72.9212",True,save me,Help,Trigger emergency alert and share location
458,"Railway Station Road, Bengaluru",Bengaluru,13.02411,77.597208,Railway Station Road,4,4,3,3,79,6,None,51.2,Medium,60.72,"13.030715,77.598703 -> 13.024233,77.599014 -> 13.023197,77.603178 -> 13.02456,77.596526",True,help,Help,Trigger emergency alert and share location
459,"Industrial Road, Hyderabad",Hyderabad,17.355751,78.525103,Industrial Road,10,1,8,0,61,6,Harassment,37.43,Medium,78.9,"17.354508,78.526544 -> 17.35198,78.525565 -> 17.356883,78.529371 -> 17.353824,78.521907 -> 17.353512,78.521762 -> 17.359093,78.528975 -> 17.356552,78.528156",True,call my mother,Relative,Notify selected relative
460,"Industrial Road, Chennai",Chennai,13.087389,80.267371,Industrial Road,3,9,4,6,28,10,Theft,30.36,Medium,76.57,"13.086613,80.263501 -> 13.08805,80.26727 -> 13.089252,80.267605 -> 13.086982,80.265193",False,none,No Alert,No action
461,"Industrial Road, Delhi",Delhi,28.616425,77.234838,Industrial Road,9,1,8,5,50,3,Stalking,35.68,Medium,73.3,"28.616644,77.235421 -> 28.61463,77.233368 -> 28.617002,77.232004 -> 28.6173,77.2326 -> 28.619082,77.240683 -> 28.614273,77.236174",True,help,Help,Trigger emergency alert and share location
462,"College Road, Mumbai",Mumbai,19.050564,72.914133,College Road,1,1,10,3,48,10,Harassment,42.64,Medium,58.94,"19.051765,72.911951 -> 19.050047,72.911555 -> 19.05262,72.912041",True,call my mother,Relative,Notify selected relative
463,"Market Road, Chennai",Chennai,13.102019,80.258657,Market Road,9,5,3,4,60,10,None,33.18,Medium,77.75,"13.102388,80.256752 -> 13.102545,80.262483 -> 13.100074,80.261587 -> 13.105764,80.256617 -> 13.098381,80.259412",True,call my mother,Relative,Notify selected relative
464,"Bus Stop Area, Delhi",Delhi,28.594741,77.274401,Bus Stop Area,7,6,5,6,35,8,None,28.75,Low,83.72,"28.592736,77.271533 -> 28.597466,77.272973 -> 28.594851,77.276791 -> 28.59353,77.274286",True,dad,Relative,Notify selected relative
465,"Residential Street, Bengaluru",Bengaluru,12.97102,77.618516,Residential Street,5,4,8,6,48,4,Harassment,36.73,Medium,78.43,"12.97047,77.618675 -> 12.970091,77.614822 -> 12.971664,77.623246 -> 12.968811,77.616583",True,help me,Help,Trigger emergency alert and share location
466,"Market Road, Visakhapatnam",Visakhapatnam,17.656325,83.243861,Market Road,7,8,2,10,66,9,None,30.5,Medium,85.34,"17.655929,83.241566 -> 17.656556,83.239949 -> 17.656684,83.24604 -> 17.653197,83.24003 -> 17.660274,83.242332",True,call my sister,Relative,Notify selected relative
467,"Park Road, Visakhapatnam",Visakhapatnam,17.726558,83.21311,Park Road,2,3,0,3,32,8,Assault,51.0,Medium,51.89,"17.727654,83.2109 -> 17.726889,83.212156 -> 17.723257,83.213954",True,call my sister,Relative,Notify selected relative
468,"College Road, Chennai",Chennai,13.073484,80.265204,College Road,6,9,8,4,44,1,Harassment,32.0,Medium,73.55,"13.077463,80.267396 -> 13.075894,80.26444 -> 13.069161,80.270086 -> 13.073331,80.263332 -> 13.074526,80.268122 -> 13.073426,80.2684",True,help,Help,Trigger emergency alert and share location
469,"Market Road, Bengaluru",Bengaluru,13.009505,77.556927,Market Road,5,6,5,10,65,8,Harassment,33.52,Medium,76.61,"13.011899,77.550145 -> 13.009131,77.55335 -> 13.008314,77.55618 -> 13.008609,77.555546 -> 13.006762,77.562657 -> 13.014174,77.554022",True,help,Help,Trigger emergency alert and share location
470,"Industrial Road, Chennai",Chennai,13.138074,80.256719,Industrial Road,3,3,10,5,53,10,Sexual Harassment,35.25,Medium,76.3,"13.137916,80.25507 -> 13.140534,80.257034 -> 13.136883,80.253458 -> 13.13584,80.252616 -> 13.138105,80.253727 -> 13.13741,80.260144 -> 13.141072,80.256638",True,call my father,Relative,Notify selected relative
471,"Residential Street, Hyderabad",Hyderabad,17.381952,78.552496,Residential Street,3,6,3,5,40,5,Stalking,43.18,Medium,66.82,"17.381132,78.548931 -> 17.382937,78.554569 -> 17.380373,78.553224 -> 17.381043,78.552036 -> 17.375732,78.551942",True,dad,Relative,Notify selected relative
472,"Industrial Road, Chennai",Chennai,13.116628,80.248601,Industrial Road,6,10,8,7,52,3,None,27.36,Low,86.6,"13.114738,80.249502 -> 13.116087,80.246253 -> 13.119959,80.250923 -> 13.115116,80.249845",False,none,No Alert,No action
473,"Railway Station Road, Bengaluru",Bengaluru,12.990409,77.617081,Railway Station Road,2,4,2,6,13,2,Theft,46.61,Medium,51.72,"12.992926,77.615657 -> 12.989514,77.623676 -> 12.991164,77.616115",True,call my sister,Relative,Notify selected relative
474,"Park Road, Visakhapatnam",Visakhapatnam,17.609615,83.267142,Park Road,9,2,1,4,79,3,None,49.39,Medium,54.39,"17.607106,83.266314 -> 17.613156,83.269075 -> 17.60922,83.267913",True,call my father,Relative,Notify selected relative
475,"Railway Station Road, Bengaluru",Bengaluru,12.950587,77.599488,Railway Station Road,8,3,2,8,21,1,Sexual Harassment,37.43,Medium,75.93,"12.953009,77.601906 -> 12.951822,77.598582 -> 12.952442,77.599258",True,call my mother,Relative,Notify selected relative
476,"Industrial Road, Pune",Pune,18.482533,73.842585,Industrial Road,8,9,4,8,56,3,Theft,30.27,Medium,84.15,"18.484809,73.842126 -> 18.47951,73.842727 -> 18.482817,73.84305 -> 18.484833,73.845132 -> 18.481047,73.841045 -> 18.479933,73.844332 -> 18.486155,73.841797",True,help me,Help,Trigger emergency alert and share location
477,"Park Road, Mumbai",Mumbai,19.06755,72.929037,Park Road,9,9,4,5,61,9,Harassment,26.52,Low,88.71,"19.068641,72.92606 -> 19.069247,72.926714 -> 19.064715,72.92817 -> 19.066086,72.928483",True,help,Help,Trigger emergency alert and share location
478,"Park Road, Pune",Pune,18.469966,73.890259,Park Road,5,3,4,0,0,9,None,36.82,Medium,74.82,"18.465098,73.892705 -> 18.46794,73.892401 -> 18.469795,73.890331 -> 18.469503,73.893289",True,call my mother,Relative,Notify selected relative
479,"Industrial Road, Visakhapatnam",Visakhapatnam,17.643414,83.239774,Industrial Road,8,5,0,6,37,10,Theft,33.61,Medium,82.49,"17.645205,83.245586 -> 17.642092,83.242167 -> 17.643149,83.242858 -> 17.643395,83.238804",False,none,No Alert,No action
480,"Park Road, Bengaluru",Bengaluru,13.017313,77.577395,Park Road,9,7,6,3,20,7,None,23.64,Low,81.6,"13.016021,77.578943 -> 13.020793,77.577673 -> 13.020608,77.574 -> 13.016205,77.576674 -> 13.017027,77.577605 -> 13.01904,77.576283",True,save me,Help,Trigger emergency alert and share location
481,"Bus Stop Area, Delhi",Delhi,28.618766,77.207421,Bus Stop Area,9,10,10,4,36,9,None,13.91,Low,96.46,"28.618482,77.207062 -> 28.618353,77.2075 -> 28.618955,77.20634 -> 28.621948,77.204497 -> 28.616964,77.214371",True,call my father,Relative,Notify selected relative
482,"Market Road, Hyderabad",Hyderabad,17.34867,78.439319,Market Road,3,5,1,10,58,10,Stalking,41.05,Medium,72.53,"17.343477,78.438731 -> 17.354035,78.435457 -> 17.343715,78.435571 -> 17.350916,78.442131 -> 17.347389,78.441027 -> 17.352146,78.443787",True,call police,Emergency,Trigger emergency alert and share location
483,"Bus Stop Area, Mumbai",Mumbai,19.067378,72.797148,Bus Stop Area,6,1,2,0,68,1,None,58.55,Medium,43.15,"19.066311,72.796501 -> 19.066908,72.799945 -> 19.070564,72.796719 -> 19.070124,72.798042",True,help,Help,Trigger emergency alert and share location
484,"Industrial Road, Vijayawada",Vijayawada,16.508458,80.679729,Industrial Road,1,4,1,2,1,8,Harassment,46.07,Medium,56.99,"16.513603,80.676133 -> 16.50717,80.679413 -> 16.509557,80.682899 -> 16.508397,80.676173",True,call my mother,Relative,Notify selected relative
485,"College Road, Mumbai",Mumbai,19.105488,72.904124,College Road,8,1,5,1,96,3,Assault,52.55,Medium,47.35,"19.105478,72.900149 -> 19.103826,72.901867 -> 19.107511,72.904416",True,call police,Emergency,Trigger emergency alert and share location
486,"Industrial Road, Hyderabad",Hyderabad,17.340004,78.517502,Industrial Road,3,4,4,6,1,2,Assault,40.16,Medium,61.27,"17.340829,78.515467 -> 17.33909,78.518763 -> 17.341308,78.520844 -> 17.339798,78.518268",True,call my father,Relative,Notify selected relative
487,"Bus Stop Area, Mumbai",Mumbai,19.060679,72.88407,Bus Stop Area,1,4,7,1,66,4,Stalking,52.77,Medium,54.42,"19.060433,72.879561 -> 19.061508,72.884981 -> 19.058979,72.880859 -> 19.064369,72.885299 -> 19.060106,72.881227 -> 19.058624,72.887326",True,call my father,Relative,Notify selected relative
488,"College Road, Chennai",Chennai,13.087518,80.251429,College Road,3,1,8,8,15,5,None,36.48,Medium,78.07,"13.085482,80.255181 -> 13.0909,80.250263 -> 13.085946,80.244884 -> 13.083814,80.24808 -> 13.087856,80.250613 -> 13.084155,80.250726",True,call police,Emergency,Trigger emergency alert and share location
489,"Bus Stop Area, Visakhapatnam",Visakhapatnam,17.704487,83.236974,Bus Stop Area,2,4,10,6,41,1,Theft,41.07,Medium,60.23,"17.704166,83.233516 -> 17.706741,83.238934 -> 17.702242,83.235059 -> 17.703334,83.231342",True,call police,Emergency,Trigger emergency alert and share location
490,"Bus Stop Area, Delhi",Delhi,28.625659,77.19945,Bus Stop Area,1,1,9,7,88,10,Assault,46.73,Medium,68.32,"28.622913,77.197902 -> 28.621893,77.196939 -> 28.622704,77.20194 -> 28.623913,77.19976",True,call my mother,Relative,Notify selected relative
491,"Market Road, Bengaluru",Bengaluru,12.958273,77.550169,Market Road,8,2,10,9,43,1,Stalking,30.48,Medium,86.38,"12.959771,77.54715 -> 12.960296,77.548045 -> 12.957066,77.551496",True,call my mother,Relative,Notify selected relative
492,"Market Road, Hyderabad",Hyderabad,17.36178,78.488015,Market Road,8,4,5,8,100,6,None,40.0,Medium,72.93,"17.362103,78.482063 -> 17.357206,78.489555 -> 17.364373,78.485739 -> 17.36117,78.488752 -> 17.363513,78.482946 -> 17.359565,78.487184",True,save me,Help,Trigger emergency alert and share location
493,"College Road, Delhi",Delhi,28.63851,77.296445,College Road,3,5,0,7,90,8,Theft,52.05,Medium,54.11,"28.634993,77.297451 -> 28.641812,77.296715 -> 28.636243,77.29884 -> 28.640169,77.29388 -> 28.639464,77.298938 -> 28.641465,77.296279 -> 28.637615,77.299513",True,call police,Emergency,Trigger emergency alert and share location
494,"Bus Stop Area, Mumbai",Mumbai,19.033644,72.89305,Bus Stop Area,10,3,8,5,41,8,Sexual Harassment,25.16,Low,83.49,"19.036307,72.892405 -> 19.036815,72.894279 -> 19.030586,72.896612 -> 19.037522,72.895256 -> 19.03174,72.892285",True,dad,Relative,Notify selected relative
495,"Residential Street, Vijayawada",Vijayawada,16.51129,80.62337,Residential Street,9,3,7,4,33,9,None,27.07,Low,94.89,"16.511651,80.616612 -> 16.512138,80.6225 -> 16.511103,80.622448 -> 16.513308,80.626169 -> 16.511998,80.622522",True,call my sister,Relative,Notify selected relative
496,"Market Road, Delhi",Delhi,28.612453,77.209686,Market Road,1,10,5,9,30,6,Robbery,32.5,Medium,73.09,"28.6139,77.210836 -> 28.616304,77.212824 -> 28.610739,77.211737",True,mom,Relative,Notify selected relative
497,"Industrial Road, Bengaluru",Bengaluru,12.938317,77.618958,Industrial Road,9,3,9,4,41,7,None,27.43,Low,84.49,"12.935759,77.619658 -> 12.931631,77.614581 -> 12.937873,77.619164 -> 12.937394,77.615009 -> 12.936272,77.619936",True,help,Help,Trigger emergency alert and share location
498,"Main Road, Hyderabad",Hyderabad,17.405362,78.486132,Main Road,3,3,0,3,13,8,None,46.16,Medium,64.13,"17.406355,78.484263 -> 17.404661,78.482625 -> 17.405092,78.488912 -> 17.407075,78.489637",True,help,Help,Trigger emergency alert and share location
499,"Industrial Road, Delhi",Delhi,28.603299,77.256113,Industrial Road,9,10,9,4,6,6,Stalking,13.23,Low,100.0,"28.606978,77.256058 -> 28.605067,77.259801 -> 28.602815,77.256659 -> 28.606521,77.25578",True,dad,Relative,Notify selected relative
500,"Bus Stop Area, Visakhapatnam",Visakhapatnam,17.640569,83.293505,Bus Stop Area,8,2,7,10,7,6,Robbery,23.39,Low,91.16,"17.640966,83.296395 -> 17.639048,83.290985 -> 17.641203,83.289022 -> 17.639849,83.294118 -> 17.639894,83.289646 -> 17.644554,83.293764 -> 17.644147,83.292855",True,call my father,Relative,Notify selected relative
501,"Railway Station Road, Visakhapatnam",Visakhapatnam,17.656,83.227921,Railway Station Road,9,1,1,4,9,4,None,38.7,Medium,70.72,"17.653056,83.231595 -> 17.654444,83.22332 -> 17.65932,83.22666 -> 17.65448,83.223508 -> 17.660352,83.224697 -> 17.656146,83.230203 -> 17.657054,83.227772",True,help,Help,Trigger emergency alert and share location
502,"Park Road, Bengaluru",Bengaluru,12.912042,77.56626,Park Road,4,4,8,10,31,10,Assault,26.75,Low,88.39,"12.910074,77.566768 -> 12.913746,77.568666 -> 12.908977,77.571752 -> 12.913961,77.566256",True,mom,Relative,Notify selected relative
503,"Residential Street, Delhi",Delhi,28.652034,77.291789,Residential Street,10,6,10,7,89,7,Robbery,25.07,Low,85.64,"28.651471,77.285843 -> 28.652516,77.292702 -> 28.651936,77.290153",True,help me,Help,Trigger emergency alert and share location
504,"College Road, Delhi",Delhi,28.542167,77.222074,College Road,3,9,9,7,45,6,Sexual Harassment,28.98,Low,90.1,"28.540689,77.223174 -> 28.538247,77.223217 -> 28.541184,77.220168 -> 28.540266,77.22109 -> 28.543123,77.218794 -> 28.541174,77.22197 -> 28.539419,77.226566",True,call my mother,Relative,Notify selected relative
505,"Park Road, Delhi",Delhi,28.584028,77.18557,Park Road,6,10,3,9,69,4,Sexual Harassment,34.16,Medium,73.55,"28.588524,77.186952 -> 28.581687,77.188336 -> 28.58453,77.186213 -> 28.583167,77.183696 -> 28.584872,77.184207 -> 28.58857,77.182397",True,mom,Relative,Notify selected relative
506,"College Road, Chennai",Chennai,13.136465,80.266804,College Road,8,8,6,0,92,1,None,43.73,Medium,67.17,"13.138548,80.265228 -> 13.138626,80.260035 -> 13.134665,80.264494 -> 13.133331,80.266267 -> 13.137429,80.268561",True,dad,Relative,Notify selected relative
507,"Railway Station Road, Vijayawada",Vijayawada,16.514631,80.624701,Railway Station Road,1,5,3,3,40,1,Theft,53.64,Medium,52.61,"16.514942,80.627041 -> 16.516573,80.624777 -> 16.512388,80.623069 -> 16.513257,80.623913 -> 16.515301,80.626489",True,mom,Relative,Notify selected relative
508,"Residential Street, Vijayawada",Vijayawada,16.504411,80.648564,Residential Street,1,8,5,2,17,5,None,40.43,Medium,64.98,"16.503121,80.646251 -> 16.500022,80.646826 -> 16.505594,80.646807 -> 16.503816,80.64973 -> 16.505713,80.645865",True,dad,Relative,Notify selected relative
509,"Railway Station Road, Chennai",Chennai,13.117597,80.310157,Railway Station Road,2,10,6,9,27,2,None,32.48,Medium,72.77,"13.115537,80.313135 -> 13.11723,80.304608 -> 13.114098,80.309534 -> 13.114689,80.309123 -> 13.117678,80.313813",True,call my sister,Relative,Notify selected relative
510,"Railway Station Road, Hyderabad",Hyderabad,17.374834,78.524239,Railway Station Road,1,10,6,1,99,1,Sexual Harassment,53.93,Medium,57.71,"17.37842,78.524951 -> 17.369926,78.525391 -> 17.377455,78.524036 -> 17.379195,78.526389 -> 17.376255,78.526955",True,call my mother,Relative,Notify selected relative
511,"Park Road, Delhi",Delhi,28.625568,77.121752,Park Road,2,4,10,9,1,7,Theft,26.52,Low,83.88,"28.628561,77.119733 -> 28.625009,77.11914 -> 28.630028,77.125956",True,call police,Emergency,Trigger emergency alert and share location
512,"Market Road, Pune",Pune,18.489465,73.861855,Market Road,6,9,3,2,6,7,Theft,29.14,Low,75.16,"18.491002,73.863129 -> 18.491494,73.862685 -> 18.496804,73.859285 -> 18.485188,73.860872 -> 18.485545,73.858124 -> 18.486962,73.85955",True,dad,Relative,Notify selected relative
513,"Bus Stop Area, Hyderabad",Hyderabad,17.351588,78.504838,Bus Stop Area,7,5,6,2,16,6,Theft,31.18,Medium,76.29,"17.351139,78.507074 -> 17.349672,78.504177 -> 17.352502,78.499984",True,call my sister,Relative,Notify selected relative
514,"Park Road, Visakhapatnam",Visakhapatnam,17.603328,83.230614,Park Road,5,2,6,8,55,3,Theft,42.39,Medium,72.67,"17.608489,83.231009 -> 17.605377,83.230125 -> 17.604071,83.234782 -> 17.598018,83.231648",True,call my sister,Relative,Notify selected relative
515,"Park Road, Mumbai",Mumbai,19.150746,72.887571,Park Road,10,4,8,9,94,9,None,27.68,Low,98.87,"19.149173,72.887491 -> 19.15083,72.882027 -> 19.147826,72.884829 -> 19.152801,72.889751",True,save me,Help,Trigger emergency alert and share location
516,"College Road, Delhi",Delhi,28.625241,77.237844,College Road,10,2,1,10,52,7,None,34.18,Medium,80.5,"28.628246,77.237866 -> 28.625386,77.23718 -> 28.626952,77.236791 -> 28.627682,77.235014 -> 28.622494,77.239563",True,call my mother,Relative,Notify selected relative
517,"Main Road, Pune",Pune,18.517301,73.840814,Main Road,5,3,5,9,56,10,None,35.27,Medium,81.98,"18.515783,73.840313 -> 18.520799,73.844662 -> 18.521232,73.840109 -> 18.520378,73.838442",True,call my sister,Relative,Notify selected relative
518,"Bus Stop Area, Bengaluru",Bengaluru,12.939858,77.512334,Bus Stop Area,6,3,1,1,94,1,Sexual Harassment,60.41,High,53.96,"12.937698,77.512018 -> 12.937582,77.514072 -> 12.938919,77.509072 -> 12.940962,77.50875",True,dad,Relative,Notify selected relative
519,"Main Road, Chennai",Chennai,13.053391,80.196959,Main Road,6,2,4,7,60,1,Assault,46.82,Medium,57.76,"13.053837,80.192048 -> 13.049688,80.196953 -> 13.052032,80.201939 -> 13.057976,80.194789 -> 13.054784,80.198832",True,save me,Help,Trigger emergency alert and share location
520,"Bus Stop Area, Bengaluru",Bengaluru,12.950688,77.542256,Bus Stop Area,9,9,4,8,61,10,Harassment,22.89,Low,91.85,"12.950256,77.541167 -> 12.951794,77.540379 -> 12.947808,77.542529 -> 12.951653,77.539314",False,none,No Alert,No action
521,"Railway Station Road, Visakhapatnam",Visakhapatnam,17.719283,83.156533,Railway Station Road,3,1,4,3,89,10,Harassment,53.7,Medium,49.9,"17.718638,83.154942 -> 17.71787,83.161211 -> 17.717156,83.162636 -> 17.720376,83.156763 -> 17.720474,83.162858",False,none,No Alert,No action
522,"Residential Street, Visakhapatnam",Visakhapatnam,17.652024,83.179285,Residential Street,7,5,10,10,46,2,Sexual Harassment,26.86,Low,86.96,"17.652104,83.174971 -> 17.65208,83.183519 -> 17.652403,83.178553",True,call police,Emergency,Trigger emergency alert and share location
523,"Bus Stop Area, Delhi",Delhi,28.592264,77.240448,Bus Stop Area,7,9,1,5,62,10,None,33.5,Medium,71.97,"28.59688,77.245281 -> 28.592906,77.240419 -> 28.594841,77.243185 -> 28.590249,77.239132 -> 28.588958,77.241471 -> 28.593931,77.237073 -> 28.591126,77.23708",True,help,Help,Trigger emergency alert and share location
524,"Main Road, Mumbai",Mumbai,19.044542,72.896986,Main Road,1,4,8,4,42,8,None,41.23,Medium,62.71,"19.04379,72.892918 -> 19.045009,72.896875 -> 19.04272,72.896513 -> 19.044993,72.894949 -> 19.040851,72.9015 -> 19.042959,72.896744",True,help me,Help,Trigger emergency alert and share location
525,"College Road, Pune",Pune,18.555779,73.980217,College Road,5,4,8,4,7,5,Abduction,31.11,Medium,73.46,"18.556904,73.978448 -> 18.554432,73.978416 -> 18.552965,73.980114 -> 18.552093,73.982584 -> 18.555917,73.981273 -> 18.554614,73.979299",False,none,No Alert,No action
526,"Bus Stop Area, Chennai",Chennai,13.092765,80.229958,Bus Stop Area,3,6,6,10,17,2,Abduction,33.61,Medium,77.0,"13.090616,80.227732 -> 13.08749,80.233306 -> 13.091049,80.232866 -> 13.095437,80.226743 -> 13.090044,80.236359 -> 13.097142,80.229879",True,mom,Relative,Notify selected relative
527,"Park Road, Bengaluru",Bengaluru,12.980608,77.57252,Park Road,4,10,2,6,39,10,Theft,31.66,Medium,78.9,"12.978815,77.567439 -> 12.977304,77.572573 -> 12.97778,77.572352 -> 12.977921,77.570564 -> 12.982741,77.573139",True,call my sister,Relative,Notify selected relative
528,"Market Road, Bengaluru",Bengaluru,12.971262,77.625364,Market Road,10,9,10,3,17,5,Harassment,14.98,Low,100.0,"12.974878,77.624214 -> 12.970188,77.622111 -> 12.97019,77.627776 -> 12.974512,77.627765 -> 12.966777,77.628072 -> 12.966666,77.627609 -> 12.970343,77.62712",True,help me,Help,Trigger emergency alert and share location
529,"Market Road, Vijayawada",Vijayawada,16.459564,80.688991,Market Road,6,2,8,8,92,2,Robbery,44.64,Medium,62.44,"16.457893,80.686496 -> 16.455178,80.689227 -> 16.464079,80.695658 -> 16.459807,80.691783",True,call my mother,Relative,Notify selected relative
530,"Main Road, Vijayawada",Vijayawada,16.514323,80.665461,Main Road,6,7,6,4,56,5,None,35.73,Medium,73.16,"16.514811,80.666805 -> 16.512877,80.665267 -> 16.514177,80.667527 -> 16.511658,80.665332",True,save me,Help,Trigger emergency alert and share location
531,"Main Road, Vijayawada",Vijayawada,16.57312,80.688742,Main Road,10,10,4,9,72,10,None,20.55,Low,100.0,"16.573181,80.689544 -> 16.575626,80.692643 -> 16.568241,80.685453 -> 16.576394,80.68805",True,dad,Relative,Notify selected relative
532,"College Road, Visakhapatnam",Visakhapatnam,17.66329,83.174604,College Road,2,8,2,8,77,8,Sexual Harassment,44.07,Medium,61.36,"17.659784,83.179832 -> 17.663234,83.174459 -> 17.66476,83.17701 -> 17.665655,83.177288 -> 17.661713,83.173859",True,help me,Help,Trigger emergency alert and share location
533,"Industrial Road, Mumbai",Mumbai,19.102916,72.859241,Industrial Road,3,3,3,3,4,7,Abduction,41.55,Medium,64.43,"19.103913,72.861204 -> 19.098472,72.861028 -> 19.102332,72.86101",True,call police,Emergency,Trigger emergency alert and share location
534,"Bus Stop Area, Bengaluru",Bengaluru,12.998793,77.650877,Bus Stop Area,4,2,2,7,78,8,Sexual Harassment,49.68,Medium,66.19,"13.002159,77.654486 -> 12.999521,77.650957 -> 13.000975,77.652707 -> 12.99802,77.651889 -> 12.998705,77.648742",True,call my sister,Relative,Notify selected relative
535,"Park Road, Delhi",Delhi,28.659066,77.210932,Park Road,1,10,6,5,50,10,Theft,34.32,Medium,83.23,"28.655002,77.20954 -> 28.659148,77.213775 -> 28.660065,77.211708 -> 28.656248,77.20804 -> 28.659872,77.207522 -> 28.657736,77.212184 -> 28.65661,77.214945",True,dad,Relative,Notify selected relative
536,"Residential Street, Visakhapatnam",Visakhapatnam,17.729638,83.1635,Residential Street,8,8,0,3,66,9,Theft,37.77,Medium,66.07,"17.723924,83.161544 -> 17.731554,83.162465 -> 17.73079,83.159694 -> 17.731633,83.162112 -> 17.729668,83.163268 -> 17.726459,83.160617",False,none,No Alert,No action
537,"Bus Stop Area, Visakhapatnam",Visakhapatnam,17.720673,83.232465,Bus Stop Area,5,8,6,4,99,5,Harassment,43.02,Medium,72.03,"17.721485,83.232822 -> 17.716358,83.231789 -> 17.720605,83.237348 -> 17.72239,83.236305 -> 17.722167,83.230687 -> 17.720966,83.233056",True,help me,Help,Trigger emergency alert and share location
538,"Market Road, Visakhapatnam",Visakhapatnam,17.65393,83.205046,Market Road,8,8,1,8,14,3,None,29.05,Low,82.43,"17.657944,83.199844 -> 17.656945,83.202704 -> 17.6505,83.207996 -> 17.65576,83.208182 -> 17.655932,83.210196 -> 17.655327,83.204655 -> 17.654787,83.208155",True,mom,Relative,Notify selected relative
539,"College Road, Delhi",Delhi,28.586622,77.186184,College Road,8,1,2,7,75,4,None,46.93,Medium,63.82,"28.581361,77.186529 -> 28.581907,77.186317 -> 28.588785,77.184992 -> 28.590815,77.182533 -> 28.5896,77.187872 -> 28.582332,77.192961",True,help,Help,Trigger emergency alert and share location
540,"Residential Street, Vijayawada",Vijayawada,16.503969,80.617288,Residential Street,2,2,7,10,46,2,Assault,44.14,Medium,60.93,"16.503419,80.616969 -> 16.504226,80.616544 -> 16.505552,80.616319 -> 16.499132,80.616915 -> 16.49805,80.618172 -> 16.501521,80.617696 -> 16.507254,80.614916",True,call my father,Relative,Notify selected relative
541,"Park Road, Vijayawada",Vijayawada,16.543344,80.632831,Park Road,9,7,0,2,42,10,Sexual Harassment,33.5,Medium,83.87,"16.542431,80.63073 -> 16.545062,80.631742 -> 16.54124,80.631636 -> 16.543232,80.636186",True,help me,Help,Trigger emergency alert and share location
542,"Main Road, Vijayawada",Vijayawada,16.438507,80.648808,Main Road,7,5,4,7,36,3,Abduction,35.27,Medium,80.35,"16.438991,80.652083 -> 16.438321,80.648347 -> 16.439988,80.649056",True,help me,Help,Trigger emergency alert and share location
543,"Railway Station Road, Visakhapatnam",Visakhapatnam,17.673136,83.236565,Railway Station Road,1,8,7,7,69,1,None,45.07,Medium,60.87,"17.671608,83.235245 -> 17.676519,83.228512 -> 17.674125,83.236651 -> 17.668934,83.237339 -> 17.674325,83.238039 -> 17.666506,83.239981 -> 17.671292,83.238281",True,call my sister,Relative,Notify selected relative
544,"Industrial Road, Mumbai",Mumbai,19.101938,72.847016,Industrial Road,7,8,1,9,76,1,None,41.64,Medium,74.07,"19.100974,72.841838 -> 19.104857,72.845078 -> 19.099802,72.846008 -> 19.102619,72.846873",True,mom,Relative,Notify selected relative
545,"Main Road, Bengaluru",Bengaluru,12.990782,77.547718,Main Road,3,3,0,10,44,1,Stalking,51.09,Medium,54.6,"12.990492,77.552463 -> 12.990497,77.550431 -> 12.990878,77.546509 -> 12.990165,77.547297",False,none,No Alert,No action
546,"College Road, Chennai",Chennai,13.103828,80.318811,College Road,2,1,1,6,22,3,Stalking,52.59,Medium,55.51,"13.106796,80.316399 -> 13.102791,80.317 -> 13.104614,80.317914 -> 13.105652,80.316483 -> 13.103936,80.320528",True,dad,Relative,Notify selected relative
547,"Industrial Road, Vijayawada",Vijayawada,16.433914,80.722257,Industrial Road,10,6,0,1,98,5,Sexual Harassment,47.41,Medium,59.88,"16.428851,80.722652 -> 16.433998,80.722052 -> 16.436392,80.724126 -> 16.434659,80.723382 -> 16.433653,80.726696",True,call my mother,Relative,Notify selected relative
548,"Park Road, Hyderabad",Hyderabad,17.333228,78.491588,Park Road,9,2,4,7,17,2,Theft,33.61,Medium,80.81,"17.335261,78.489478 -> 17.328869,78.49198 -> 17.333931,78.495312 -> 17.330052,78.494475 -> 17.339147,78.490644",True,call my mother,Relative,Notify selected relative
549,"Bus Stop Area, Bengaluru",Bengaluru,12.926417,77.580356,Bus Stop Area,10,1,1,9,93,9,Assault,41.16,Medium,73.71,"12.927826,77.578878 -> 12.930305,77.57757 -> 12.922069,77.583123",True,call my sister,Relative,Notify selected relative
550,"Park Road, Chennai",Chennai,13.003088,80.263555,Park Road,10,6,4,8,73,10,Theft,27.07,Low,100.0,"13.003058,80.260753 -> 13.002945,80.263428 -> 13.00349,80.265211 -> 13.00049,80.267774 -> 13.003701,80.265372",True,help me,Help,Trigger emergency alert and share location
551,"Industrial Road, Mumbai",Mumbai,19.054015,72.922723,Industrial Road,8,3,9,3,90,5,None,39.77,Medium,71.94,"19.054709,72.92039 -> 19.051523,72.924444 -> 19.052906,72.920588 -> 19.052407,72.92447",False,none,No Alert,No action
552,"Residential Street, Mumbai",Mumbai,19.053984,72.873582,Residential Street,4,10,6,6,5,6,Robbery,24.43,Low,86.04,"19.049191,72.869904 -> 19.054825,72.871739 -> 19.056626,72.875999 -> 19.055782,72.878131 -> 19.053776,72.875204",True,mom,Relative,Notify selected relative
553,"Main Road, Bengaluru",Bengaluru,12.951146,77.680433,Main Road,4,5,4,1,39,5,None,44.84,Medium,70.98,"12.951176,77.681399 -> 12.954544,77.680065 -> 12.949504,77.682618 -> 12.951342,77.68089 -> 12.94906,77.676139 -> 12.951736,77.682695 -> 12.950581,77.684024",True,mom,Relative,Notify selected relative
554,"Residential Street, Visakhapatnam",Visakhapatnam,17.662163,83.181585,Residential Street,6,6,6,9,78,1,None,39.68,Medium,74.08,"17.661957,83.18351 -> 17.660226,83.185005 -> 17.66708,83.181487 -> 17.665287,83.178944",True,save me,Help,Trigger emergency alert and share location
555,"Industrial Road, Pune",Pune,18.558033,73.893355,Industrial Road,8,1,10,2,61,3,Sexual Harassment,39.25,Medium,77.87,"18.557994,73.885969 -> 18.556429,73.89179 -> 18.555587,73.893661 -> 18.556986,73.891293 -> 18.555386,73.891566 -> 18.560837,73.891702",True,mom,Relative,Notify selected relative
556,"Park Road, Mumbai",Mumbai,19.057977,72.861716,Park Road,1,9,4,9,92,6,None,45.09,Medium,65.7,"19.059118,72.854104 -> 19.060531,72.865307 -> 19.055352,72.859285 -> 19.056851,72.859826 -> 19.058537,72.85685 -> 19.055182,72.865564 -> 19.055656,72.864825",True,mom,Relative,Notify selected relative
557,"College Road, Pune",Pune,18.532837,73.793376,College Road,2,3,4,0,43,7,Theft,50.93,Medium,55.84,"18.532543,73.792237 -> 18.533449,73.794563 -> 18.534606,73.796322 -> 18.533857,73.789937 -> 18.531653,73.800734 -> 18.534648,73.799299 -> 18.536326,73.793981",True,help me,Help,Trigger emergency alert and share location
558,"Market Road, Delhi",Delhi,28.624449,77.20772,Market Road,10,2,4,5,90,1,None,46.14,Medium,58.67,"28.624494,77.210747 -> 28.62295,77.20875 -> 28.626578,77.205446 -> 28.623321,77.205175 -> 28.622394,77.204501",True,call my father,Relative,Notify selected relative
559,"College Road, Bengaluru",Bengaluru,12.940084,77.644281,College Road,8,5,3,8,38,3,Robbery,34.23,Medium,74.7,"12.9404,77.643024 -> 12.943031,77.647559 -> 12.942244,77.645046",True,call my mother,Relative,Notify selected relative
560,"Residential Street, Bengaluru",Bengaluru,12.963513,77.552884,Residential Street,8,9,0,7,64,3,Sexual Harassment,37.91,Medium,83.11,"12.961614,77.554543 -> 12.966162,77.551496 -> 12.966108,77.554795 -> 12.967833,77.551711",True,call my mother,Relative,Notify selected relative
561,"College Road, Chennai",Chennai,13.037695,80.253008,College Road,3,2,8,10,16,4,Harassment,34.36,Medium,80.08,"13.037841,80.252024 -> 13.032922,80.254184 -> 13.042626,80.254169",True,call my sister,Relative,Notify selected relative
562,"Main Road, Hyderabad",Hyderabad,17.40632,78.506736,Main Road,5,1,10,9,11,6,None,27.66,Low,89.63,"17.408649,78.507724 -> 17.405538,78.504746 -> 17.405698,78.507521 -> 17.40553,78.507522 -> 17.407418,78.508819 -> 17.409527,78.506931",False,none,No Alert,No action
563,"Main Road, Chennai",Chennai,13.036928,80.258621,Main Road,10,5,10,3,41,4,None,25.16,Low,90.16,"13.032339,80.262093 -> 13.037284,80.259574 -> 13.040342,80.257046 -> 13.038363,80.258346",True,call police,Emergency,Trigger emergency alert and share location
564,"Industrial Road, Pune",Pune,18.513957,73.829673,Industrial Road,2,5,2,2,35,2,Theft,52.39,Medium,59.94,"18.513018,73.831422 -> 18.509269,73.832623 -> 18.516588,73.829917",True,dad,Relative,Notify selected relative
565,"Bus Stop Area, Hyderabad",Hyderabad,17.377057,78.5007,Bus Stop Area,9,6,8,5,34,3,None,26.32,Low,99.83,"17.372649,78.502655 -> 17.374778,78.50065 -> 17.376437,78.499629 -> 17.377031,78.497865 -> 17.37963,78.496215",True,dad,Relative,Notify selected relative
566,"Railway Station Road, Hyderabad",Hyderabad,17.403892,78.475271,Railway Station Road,10,6,8,7,6,3,Sexual Harassment,18.23,Low,92.82,"17.404398,78.471379 -> 17.403991,78.471714 -> 17.405045,78.47296",True,call my sister,Relative,Notify selected relative
567,"Residential Street, Visakhapatnam",Visakhapatnam,17.671015,83.228788,Residential Street,7,1,1,6,50,3,Stalking,47.95,Medium,58.48,"17.67087,83.225003 -> 17.672592,83.2332 -> 17.677996,83.229016 -> 17.672986,83.224336 -> 17.674772,83.230729 -> 17.669805,83.231881 -> 17.670379,83.227643",True,dad,Relative,Notify selected relative
568,"College Road, Mumbai",Mumbai,19.092637,72.840483,College Road,5,6,3,10,68,2,None,42.18,Medium,75.43,"19.089997,72.837858 -> 19.090363,72.842382 -> 19.091095,72.837113 -> 19.091123,72.840403 -> 19.089685,72.837604 -> 19.097915,72.838332",True,dad,Relative,Notify selected relative
569,"Residential Street, Mumbai",Mumbai,19.064694,72.864847,Residential Street,8,5,10,10,90,8,Abduction,26.59,Low,89.7,"19.066247,72.867217 -> 19.063929,72.861756 -> 19.06788,72.864609 -> 19.06902,72.859233 -> 19.065183,72.869644 -> 19.063811,72.864283",True,save me,Help,Trigger emergency alert and share location
570,"Railway Station Road, Vijayawada",Vijayawada,16.516543,80.628442,Railway Station Road,6,7,2,10,42,6,None,32.59,Medium,78.65,"16.515698,80.626873 -> 16.519615,80.629595 -> 16.51717,80.630463 -> 16.515882,80.626506 -> 16.515036,80.628446 -> 16.513895,80.627191",True,call my sister,Relative,Notify selected relative
571,"Residential Street, Mumbai",Mumbai,19.057936,72.952059,Residential Street,6,8,7,2,36,6,None,30.73,Medium,65.1,"19.057487,72.956373 -> 19.058241,72.953943 -> 19.058186,72.950391 -> 19.052331,72.952573 -> 19.055997,72.950058 -> 19.056689,72.956421 -> 19.063948,72.952602",True,dad,Relative,Notify selected relative
572,"Park Road, Hyderabad",Hyderabad,17.368733,78.445497,Park Road,2,6,8,10,9,5,Harassment,28.7,Low,86.24,"17.37319,78.444879 -> 17.362786,78.447172 -> 17.371196,78.441532 -> 17.369174,78.446625 -> 17.36855,78.44352 -> 17.371273,78.444489 -> 17.36502,78.440373",True,call my sister,Relative,Notify selected relative
573,"Bus Stop Area, Delhi",Delhi,28.65803,77.230583,Bus Stop Area,10,4,8,2,61,7,None,30.61,Medium,83.23,"28.656929,77.229261 -> 28.655341,77.229504 -> 28.65273,77.228743",True,call my mother,Relative,Notify selected relative
574,"Park Road, Delhi",Delhi,28.603017,77.230346,Park Road,10,6,8,3,22,2,None,25.32,Low,88.58,"28.605004,77.233719 -> 28.605662,77.231522 -> 28.603047,77.227894 -> 28.604867,77.234545 -> 28.603872,77.235139 -> 28.599203,77.227461 -> 28.605155,77.231007",True,call my sister,Relative,Notify selected relative
575,"College Road, Mumbai",Mumbai,19.121982,72.877158,College Road,9,2,7,2,39,7,None,33.02,Medium,74.74,"19.121448,72.873326 -> 19.119161,72.879589 -> 19.124164,72.878066",True,dad,Relative,Notify selected relative
576,"College Road, Delhi",Delhi,28.553662,77.196456,College Road,8,1,1,3,17,10,Stalking,37.25,Medium,65.63,"28.556603,77.194997 -> 28.550948,77.19653 -> 28.552062,77.200165",True,help me,Help,Trigger emergency alert and share location
577,"Railway Station Road, Mumbai",Mumbai,19.050282,72.828727,Railway Station Road,7,10,9,7,25,4,Theft,18.98,Low,85.26,"19.050205,72.827322 -> 19.04671,72.8317 -> 19.05195,72.828656 -> 19.053693,72.830383 -> 19.048225,72.826129",True,call police,Emergency,Trigger emergency alert and share location
578,"Park Road, Chennai",Chennai,13.111329,80.284573,Park Road,6,2,9,0,78,9,Sexual Harassment,41.95,Medium,68.19,"13.109213,80.286093 -> 13.10944,80.284318 -> 13.114946,80.282921 -> 13.107397,80.281942 -> 13.113815,80.28521 -> 13.111007,80.2833",True,help me,Help,Trigger emergency alert and share location
579,"College Road, Visakhapatnam",Visakhapatnam,17.703788,83.188781,College Road,9,1,0,8,45,2,None,43.98,Medium,70.35,"17.70196,83.186537 -> 17.702194,83.187842 -> 17.703666,83.18937 -> 17.694567,83.186762 -> 17.702809,83.192544",False,none,No Alert,No action
580,"College Road, Delhi",Delhi,28.5761,77.214698,College Road,7,7,6,6,69,4,None,35.07,Medium,85.21,"28.572818,77.215683 -> 28.574094,77.213436 -> 28.574092,77.212868 -> 28.582905,77.216809",True,call my sister,Relative,Notify selected relative
581,"College Road, Delhi",Delhi,28.652461,77.22622,College Road,7,3,4,10,16,3,Stalking,32.09,Medium,74.48,"28.653448,77.228902 -> 28.650328,77.228633 -> 28.654222,77.23085",True,help,Help,Trigger emergency alert and share location
582,"Industrial Road, Vijayawada",Vijayawada,16.491578,80.609584,Industrial Road,7,3,1,2,82,7,Sexual Harassment,50.32,Medium,55.37,"16.495167,80.605013 -> 16.486407,80.609807 -> 16.490472,80.609603 -> 16.493941,80.608203 -> 16.486895,80.614695 -> 16.489085,80.606936",True,dad,Relative,Notify selected relative
583,"Industrial Road, Vijayawada",Vijayawada,16.54483,80.634543,Industrial Road,9,7,8,7,49,6,Harassment,22.8,Low,92.99,"16.546037,80.637252 -> 16.543996,80.638343 -> 16.539491,80.636442 -> 16.542731,80.637974",True,help me,Help,Trigger emergency alert and share location
584,"Industrial Road, Visakhapatnam",Visakhapatnam,17.691772,83.194948,Industrial Road,4,9,4,6,69,10,Abduction,35.07,Medium,77.65,"17.694005,83.196553 -> 17.689198,83.193738 -> 17.691762,83.194845 -> 17.693646,83.189911 -> 17.692608,83.194223",False,none,No Alert,No action
585,"College Road, Mumbai",Mumbai,19.046652,72.851713,College Road,2,10,7,1,18,9,Theft,30.59,Medium,74.14,"19.037649,72.84996 -> 19.044462,72.853045 -> 19.044638,72.851175 -> 19.050508,72.854199 -> 19.048908,72.850463",True,call my sister,Relative,Notify selected relative
586,"Bus Stop Area, Hyderabad",Hyderabad,17.404006,78.478514,Bus Stop Area,8,2,10,10,69,10,None,25.52,Low,91.9,"17.40503,78.477022 -> 17.407739,78.478114 -> 17.405552,78.482153 -> 17.406585,78.474992 -> 17.405118,78.480641",True,dad,Relative,Notify selected relative
587,"Main Road, Pune",Pune,18.551615,73.817735,Main Road,8,8,8,7,73,6,Abduction,27.07,Low,84.95,"18.554101,73.815831 -> 18.550866,73.821675 -> 18.551496,73.815918 -> 18.549421,73.818567 -> 18.548282,73.817117 -> 18.552448,73.820983",True,call my mother,Relative,Notify selected relative
588,"Railway Station Road, Chennai",Chennai,13.106064,80.245708,Railway Station Road,3,1,9,4,93,10,Stalking,46.61,Medium,68.98,"13.105315,80.242619 -> 13.105634,80.249303 -> 13.106477,80.245739 -> 13.110157,80.24213 -> 13.10285,80.241668",False,none,No Alert,No action
589,"Main Road, Vijayawada",Vijayawada,16.519243,80.653827,Main Road,5,10,0,4,62,2,None,45.32,Medium,69.2,"16.519852,80.652817 -> 16.519247,80.654121 -> 16.515064,80.660603 -> 16.520543,80.654352",True,mom,Relative,Notify selected relative
590,"Railway Station Road, Chennai",Chennai,13.104231,80.295529,Railway Station Road,3,10,4,4,32,1,None,39.64,Medium,66.86,"13.102653,80.297028 -> 13.105195,80.293504 -> 13.107779,80.296262",True,dad,Relative,Notify selected relative
591,"Industrial Road, Vijayawada",Vijayawada,16.531744,80.696717,Industrial Road,6,3,4,3,62,3,None,47.59,Medium,61.42,"16.532536,80.698742 -> 16.529932,80.696852 -> 16.532058,80.694327 -> 16.537538,80.693199 -> 16.528499,80.700003 -> 16.533527,80.694152 -> 16.533262,80.700387",False,none,No Alert,No action
592,"Market Road, Hyderabad",Hyderabad,17.383941,78.577659,Market Road,10,3,7,6,98,7,Assault,35.59,Medium,71.49,"17.385676,78.580575 -> 17.386169,78.577148 -> 17.383215,78.578769 -> 17.38598,78.579165",True,call my sister,Relative,Notify selected relative
593,"Bus Stop Area, Vijayawada",Vijayawada,16.542602,80.61234,Bus Stop Area,10,6,0,10,33,2,Harassment,31.61,Medium,82.25,"16.540252,80.611375 -> 16.54514,80.61261 -> 16.549119,80.612824",True,help me,Help,Trigger emergency alert and share location
594,"Railway Station Road, Mumbai",Mumbai,19.078089,72.881416,Railway Station Road,8,9,3,6,87,7,None,34.75,Medium,74.16,"19.077944,72.884235 -> 19.078374,72.879432 -> 19.075776,72.88029 -> 19.078274,72.8844 -> 19.074738,72.880616 -> 19.07845,72.876832",True,call police,Emergency,Trigger emergency alert and share location
595,"Main Road, Delhi",Delhi,28.584724,77.185204,Main Road,5,8,6,10,40,9,Sexual Harassment,24.55,Low,85.47,"28.585204,77.184803 -> 28.583336,77.186274 -> 28.589032,77.189302",True,help,Help,Trigger emergency alert and share location
596,"Park Road, Pune",Pune,18.453103,73.876898,Park Road,10,5,5,4,34,2,Harassment,31.77,Medium,80.64,"18.453491,73.875902 -> 18.453397,73.877277 -> 18.451656,73.874657 -> 18.451981,73.877484 -> 18.4546,73.879031",True,dad,Relative,Notify selected relative
597,"Bus Stop Area, Bengaluru",Bengaluru,12.954303,77.604535,Bus Stop Area,9,6,10,2,40,9,Robbery,21.82,Low,96.59,"12.957217,77.604388 -> 12.953751,77.605013 -> 12.951429,77.604051",False,none,No Alert,No action
598,"Park Road, Visakhapatnam",Visakhapatnam,17.712861,83.240968,Park Road,2,9,1,10,57,6,None,40.89,Medium,66.86,"17.713405,83.238906 -> 17.71462,83.240773 -> 17.712171,83.240064 -> 17.712704,83.239848",True,call police,Emergency,Trigger emergency alert and share location
599,"Main Road, Visakhapatnam",Visakhapatnam,17.709835,83.204665,Main Road,10,2,0,9,84,4,Stalking,44.27,Medium,77.99,"17.713498,83.202436 -> 17.710009,83.203038 -> 17.709018,83.209671 -> 17.709066,83.205566 -> 17.711188,83.202163 -> 17.707697,83.20165 -> 17.70762,83.19754",True,help,Help,Trigger emergency alert and share location
600,"Residential Street, Hyderabad",Hyderabad,17.40406,78.558597,Residential Street,10,3,6,10,97,10,Stalking,30.43,Medium,88.31,"17.400519,78.55699 -> 17.402913,78.556053 -> 17.40621,78.560623 -> 17.401171,78.56041",True,help,Help,Trigger emergency alert and share location
601,"Railway Station Road, Chennai",Chennai,13.136138,80.33729,Railway Station Road,8,2,10,7,35,7,None,25.57,Low,100.0,"13.133883,80.344351 -> 13.135252,80.335809 -> 13.136956,80.335835 -> 13.137136,80.33399 -> 13.135541,80.340504",True,call police,Emergency,Trigger emergency alert and share location
602,"Railway Station Road, Hyderabad",Hyderabad,17.383003,78.491656,Railway Station Road,1,7,6,5,7,5,Harassment,36.11,Medium,73.56,"17.38593,78.487518 -> 17.384464,78.490986 -> 17.38342,78.494306 -> 17.380018,78.489124 -> 17.378164,78.490283",True,help me,Help,Trigger emergency alert and share location
603,"Bus Stop Area, Mumbai",Mumbai,19.122565,72.873479,Bus Stop Area,10,7,2,10,62,2,Assault,32.14,Medium,77.16,"19.121351,72.869759 -> 19.119752,72.874451 -> 19.11963,72.876261 -> 19.122387,72.873693",True,mom,Relative,Notify selected relative
604,"Residential Street, Bengaluru",Bengaluru,12.961857,77.62165,Residential Street,8,5,1,0,9,2,Assault,40.52,Medium,70.29,"12.962695,77.623062 -> 12.961327,77.623006 -> 12.961012,77.621656 -> 12.96117,77.620507 -> 12.960134,77.622819 -> 12.965134,77.624578 -> 12.958716,77.624873",True,call police,Emergency,Trigger emergency alert and share location
605,"Industrial Road, Visakhapatnam",Visakhapatnam,17.675664,83.239526,Industrial Road,3,1,0,10,49,5,Sexual Harassment,50.98,Medium,53.89,"17.676019,83.24031 -> 17.671952,83.241047 -> 17.679029,83.239089 -> 17.679064,83.239052",True,call my mother,Relative,Notify selected relative
606,"Industrial Road, Visakhapatnam",Visakhapatnam,17.716535,83.14085,Industrial Road,8,7,6,1,69,4,Abduction,37.8,Medium,84.4,"17.720274,83.140138 -> 17.711605,83.14157 -> 17.712925,83.141962",True,call my father,Relative,Notify selected relative
607,"Residential Street, Mumbai",Mumbai,19.090405,72.844751,Residential Street,10,9,5,5,87,5,Stalking,31.11,Medium,88.49,"19.092419,72.847191 -> 19.090427,72.841212 -> 19.09285,72.844075 -> 19.086931,72.848131 -> 19.095654,72.844648 -> 19.095803,72.844979",False,none,No Alert,No action
608,"College Road, Hyderabad",Hyderabad,17.371684,78.464634,College Road,9,6,1,7,97,5,Theft,42.25,Medium,78.54,"17.369734,78.466472 -> 17.370286,78.463483 -> 17.37426,78.463684 -> 17.370672,78.467466",True,help me,Help,Trigger emergency alert and share location
609,"Bus Stop Area, Delhi",Delhi,28.669809,77.231564,Bus Stop Area,5,7,1,10,88,6,Sexual Harassment,43.09,Medium,65.14,"28.668532,77.231764 -> 28.670611,77.229094 -> 28.671617,77.231778 -> 28.66552,77.229242 -> 28.668549,77.231382 -> 28.674532,77.232159",True,help,Help,Trigger emergency alert and share location
610,"Bus Stop Area, Mumbai",Mumbai,19.046573,72.885422,Bus Stop Area,3,1,3,0,92,10,Harassment,58.27,Medium,43.87,"19.047385,72.886873 -> 19.049596,72.885361 -> 19.05067,72.887692 -> 19.044804,72.890947",True,call my sister,Relative,Notify selected relative
611,"Industrial Road, Chennai",Chennai,13.094145,80.241471,Industrial Road,9,8,0,0,43,1,Harassment,42.3,Medium,73.17,"13.099339,80.241388 -> 13.092886,80.24104 -> 13.095932,80.244666 -> 13.095571,80.241725 -> 13.09789,80.240689",False,none,No Alert,No action
612,"Industrial Road, Bengaluru",Bengaluru,13.007682,77.584518,Industrial Road,9,3,9,3,9,1,Stalking,28.7,Low,87.25,"13.007398,77.584378 -> 13.006739,77.58788 -> 13.00585,77.582667 -> 13.012984,77.586963",True,call my sister,Relative,Notify selected relative
613,"Main Road, Mumbai",Mumbai,18.992521,72.857916,Main Road,4,3,0,2,80,1,Harassment,62.27,High,33.27,"18.990144,72.85007 -> 18.992179,72.855061 -> 18.992671,72.853853 -> 18.992728,72.856879 -> 18.996276,72.861444",True,help,Help,Trigger emergency alert and share location
614,"Residential Street, Vijayawada",Vijayawada,16.533687,80.636569,Residential Street,2,2,7,9,78,4,Harassment,48.32,Medium,73.01,"16.529804,80.63306 -> 16.533478,80.642204 -> 16.533181,80.636111",True,save me,Help,Trigger emergency alert and share location
615,"College Road, Delhi",Delhi,28.563433,77.242108,College Road,2,10,8,2,41,4,None,36.52,Medium,75.24,"28.565406,77.240535 -> 28.561666,77.238875 -> 28.563643,77.239407",True,dad,Relative,Notify selected relative
616,"Residential Street, Hyderabad",Hyderabad,17.34379,78.471871,Residential Street,5,3,6,2,89,6,Harassment,49.16,Medium,56.8,"17.342445,78.473037 -> 17.343988,78.471151 -> 17.344248,78.469392 -> 17.344053,78.472248 -> 17.340032,78.47436 -> 17.341586,78.472097 -> 17.346701,78.474185",True,help me,Help,Trigger emergency alert and share location
617,"Market Road, Visakhapatnam",Visakhapatnam,17.688002,83.205813,Market Road,2,10,6,2,2,8,None,29.41,Low,81.33,"17.689689,83.204267 -> 17.686015,83.200632 -> 17.688387,83.205606",False,none,No Alert,No action
618,"Railway Station Road, Hyderabad",Hyderabad,17.424767,78.499267,Railway Station Road,7,8,2,3,18,5,Harassment,32.86,Medium,82.51,"17.423024,78.502112 -> 17.423445,78.501211 -> 17.42112,78.499855 -> 17.419805,78.498599 -> 17.425868,78.497965 -> 17.422141,78.501382 -> 17.424508,78.498043",True,call my sister,Relative,Notify selected relative
619,"Main Road, Vijayawada",Vijayawada,16.507666,80.740283,Main Road,10,3,7,9,11,5,None,20.84,Low,100.0,"16.510572,80.741372 -> 16.508082,80.734293 -> 16.505969,80.739082 -> 16.502979,80.737389 -> 16.502714,80.740187",True,call my father,Relative,Notify selected relative
620,"Bus Stop Area, Bengaluru",Bengaluru,13.000257,77.633337,Bus Stop Area,2,9,1,9,46,9,Harassment,37.32,Medium,73.16,"12.997849,77.628507 -> 12.995865,77.630165 -> 12.998035,77.632938 -> 12.997722,77.634184 -> 12.999676,77.633363 -> 13.003108,77.630386 -> 13.001304,77.633302",True,save me,Help,Trigger emergency alert and share location
621,"Railway Station Road, Bengaluru",Bengaluru,12.959928,77.625584,Railway Station Road,1,4,1,2,87,8,None,59.75,Medium,47.35,"12.957562,77.625129 -> 12.960631,77.624901 -> 12.961391,77.626287 -> 12.964509,77.621758 -> 12.959622,77.623313 -> 12.961438,77.621541",True,help me,Help,Trigger emergency alert and share location
622,"Main Road, Visakhapatnam",Visakhapatnam,17.698921,83.196448,Main Road,6,5,3,6,32,6,None,36.0,Medium,70.83,"17.695305,83.195285 -> 17.701632,83.196385 -> 17.70049,83.20061 -> 17.69958,83.195051 -> 17.700089,83.195087 -> 17.69766,83.192648 -> 17.701237,83.195483",True,call my sister,Relative,Notify selected relative
623,"Market Road, Visakhapatnam",Visakhapatnam,17.693173,83.182241,Market Road,3,1,7,8,14,2,Theft,40.41,Medium,73.27,"17.691268,83.181887 -> 17.695368,83.184218 -> 17.693118,83.177821 -> 17.700655,83.186606",True,call my sister,Relative,Notify selected relative
624,"Park Road, Pune",Pune,18.545694,73.830338,Park Road,4,6,3,1,41,4,Assault,46.07,Medium,58.76,"18.544335,73.833498 -> 18.54635,73.828378 -> 18.544517,73.833141",True,save me,Help,Trigger emergency alert and share location
625,"Park Road, Bengaluru",Bengaluru,13.027603,77.648092,Park Road,4,2,7,9,62,1,None,44.86,Medium,71.92,"13.026971,77.639988 -> 13.028346,77.648087 -> 13.027953,77.648227 -> 13.024287,77.649486 -> 13.029184,77.649798 -> 13.029969,77.649602",True,help me,Help,Trigger emergency alert and share location
626,"Market Road, Mumbai",Mumbai,19.061649,72.875221,Market Road,7,6,2,7,92,4,None,44.64,Medium,67.32,"19.061918,72.877717 -> 19.063258,72.880414 -> 19.067165,72.87542 -> 19.052057,72.878313 -> 19.060298,72.873217",True,call police,Emergency,Trigger emergency alert and share location
627,"Main Road, Vijayawada",Vijayawada,16.492254,80.632367,Main Road,10,1,4,2,14,8,None,31.77,Medium,82.69,"16.488355,80.629673 -> 16.493112,80.633924 -> 16.493858,80.630399 -> 16.489808,80.6311 -> 16.492854,80.636081 -> 16.487135,80.631815",True,call my father,Relative,Notify selected relative
628,"Bus Stop Area, Pune",Pune,18.473756,73.798872,Bus Stop Area,5,10,2,10,78,3,Sexual Harassment,38.77,Medium,78.06,"18.475118,73.799996 -> 18.476059,73.797673 -> 18.472674,73.804336 -> 18.47314,73.80071 -> 18.473772,73.794251 -> 18.468644,73.797425 -> 18.476396,73.800843",True,mom,Relative,Notify selected relative
629,"Park Road, Hyderabad",Hyderabad,17.416993,78.452153,Park Road,9,8,3,9,60,8,Assault,26.36,Low,96.72,"17.414581,78.452685 -> 17.416967,78.451718 -> 17.420339,78.45039 -> 17.413619,78.452203 -> 17.415993,78.460596",False,none,No Alert,No action
630,"Bus Stop Area, Bengaluru",Bengaluru,12.995278,77.580273,Bus Stop Area,6,7,9,3,75,3,Harassment,37.39,Medium,68.73,"12.990577,77.57771 -> 12.995565,77.583841 -> 12.998082,77.580846 -> 12.99447,77.580945 -> 12.993981,77.584569 -> 12.994805,77.580057 -> 12.989738,77.579784",False,none,No Alert,No action
631,"Main Road, Visakhapatnam",Visakhapatnam,17.716077,83.18113,Main Road,8,9,0,6,67,7,Harassment,35.66,Medium,71.19,"17.718059,83.177438 -> 17.718722,83.1798 -> 17.715106,83.17832 -> 17.717022,83.18728 -> 17.718031,83.178969 -> 17.718916,83.180338",True,help,Help,Trigger emergency alert and share location
632,"Residential Street, Bengaluru",Bengaluru,13.019707,77.622834,Residential Street,9,1,6,3,16,6,Stalking,32.09,Medium,65.49,"13.017197,77.625195 -> 13.020086,77.620275 -> 13.018123,77.618068 -> 13.019486,77.628361 -> 13.021719,77.62831",True,save me,Help,Trigger emergency alert and share location
633,"Main Road, Hyderabad",Hyderabad,17.415884,78.522662,Main Road,8,5,2,7,73,10,Harassment,35.7,Medium,86.47,"17.416827,78.522194 -> 17.418466,78.526297 -> 17.414684,78.520858",True,call my sister,Relative,Notify selected relative
634,"Park Road, Vijayawada",Vijayawada,16.51106,80.677102,Park Road,3,6,10,7,90,1,Sexual Harassment,43.41,Medium,72.88,"16.5075,80.681881 -> 16.509457,80.676439 -> 16.508803,80.683848",True,call my father,Relative,Notify selected relative
635,"Main Road, Pune",Pune,18.528872,73.826916,Main Road,5,7,4,9,69,10,Stalking,33.25,Medium,83.37,"18.530795,73.826447 -> 18.530974,73.824853 -> 18.52764,73.82189 -> 18.525562,73.831435",True,help,Help,Trigger emergency alert and share location
636,"Main Road, Pune",Pune,18.57785,73.859003,Main Road,9,6,0,1,49,6,None,40.52,Medium,75.69,"18.57745,73.858394 -> 18.577991,73.858691 -> 18.577312,73.861861 -> 18.578225,73.860784 -> 18.580428,73.859973 -> 18.575424,73.855621",True,dad,Relative,Notify selected relative
637,"Market Road, Pune",Pune,18.525607,73.850706,Market Road,9,2,8,3,17,6,None,28.16,Low,85.58,"18.525567,73.857165 -> 18.522281,73.845731 -> 18.526438,73.849765 -> 18.526397,73.852166",True,mom,Relative,Notify selected relative
638,"Bus Stop Area, Mumbai",Mumbai,19.120944,72.824947,Bus Stop Area,4,6,5,4,64,7,None,41.55,Medium,64.17,"19.122016,72.826873 -> 19.126428,72.827336 -> 19.120802,72.822721 -> 19.119533,72.823465 -> 19.122582,72.825589",False,none,No Alert,No action
639,"Industrial Road, Pune",Pune,18.474072,73.841443,Industrial Road,8,9,8,1,60,9,Harassment,26.36,Low,89.12,"18.474951,73.842865 -> 18.475029,73.845509 -> 18.474662,73.840478 -> 18.471783,73.842067 -> 18.46797,73.840982 -> 18.473557,73.838032 -> 18.471751,73.843467",True,call police,Emergency,Trigger emergency alert and share location
640,"Residential Street, Pune",Pune,18.528475,73.860263,Residential Street,4,8,1,1,50,3,None,48.41,Medium,57.52,"18.528707,73.86337 -> 18.528784,73.856617 -> 18.53255,73.861189 -> 18.527002,73.857129 -> 18.529465,73.85997",True,help,Help,Trigger emergency alert and share location
641,"Residential Street, Chennai",Chennai,13.137795,80.258593,Residential Street,3,8,2,3,66,1,Abduction,51.41,Medium,49.9,"13.140034,80.260906 -> 13.138217,80.260284 -> 13.137701,80.259178 -> 13.140707,80.260156 -> 13.137372,80.261974",True,call my father,Relative,Notify selected relative
642,"Industrial Road, Vijayawada",Vijayawada,16.42343,80.719823,Industrial Road,6,7,7,10,2,5,None,20.32,Low,86.45,"16.421862,80.719721 -> 16.423064,80.722339 -> 16.420785,80.720475 -> 16.421984,80.720561",True,help,Help,Trigger emergency alert and share location
643,"College Road, Bengaluru",Bengaluru,12.969333,77.597853,College Road,7,10,5,10,82,6,Stalking,28.95,Low,83.4,"12.968058,77.598571 -> 12.971692,77.596357 -> 12.967161,77.599387 -> 12.969252,77.599929 -> 12.967069,77.593404 -> 12.968,77.595937",True,dad,Relative,Notify selected relative
644,"Industrial Road, Mumbai",Mumbai,19.073242,72.85541,Industrial Road,5,10,2,4,21,5,Harassment,33.34,Medium,78.16,"19.072522,72.855786 -> 19.073636,72.855897 -> 19.073182,72.856687 -> 19.071253,72.858909",True,call my sister,Relative,Notify selected relative
645,"Main Road, Chennai",Chennai,13.074421,80.224796,Main Road,3,6,4,7,21,10,None,32.43,Medium,77.81,"13.072293,80.226459 -> 13.079945,80.22283 -> 13.075252,80.220407 -> 13.075556,80.222582",True,mom,Relative,Notify selected relative
646,"Market Road, Vijayawada",Vijayawada,16.484331,80.609455,Market Road,3,4,1,0,40,10,None,48.64,Medium,57.92,"16.486849,80.609513 -> 16.48217,80.613429 -> 16.482455,80.60405 -> 16.485477,80.606693",True,call my sister,Relative,Notify selected relative
647,"Bus Stop Area, Vijayawada",Vijayawada,16.540801,80.63466,Bus Stop Area,9,1,10,5,44,3,Theft,32.0,Medium,86.72,"16.544305,80.631638 -> 16.539386,80.634471 -> 16.544645,80.633014 -> 16.539315,80.635855 -> 16.539358,80.635041",True,call my sister,Relative,Notify selected relative
648,"Railway Station Road, Vijayawada",Vijayawada,16.451896,80.725502,Railway Station Road,2,1,6,7,98,3,None,56.95,Medium,45.81,"16.451092,80.725421 -> 16.456678,80.72219 -> 16.456855,80.727395 -> 16.452939,80.72304 -> 16.453324,80.723693 -> 16.455063,80.723074",True,call my mother,Relative,Notify selected relative
649,"Railway Station Road, Pune",Pune,18.516439,73.837265,Railway Station Road,8,5,9,10,18,10,Stalking,14.68,Low,98.28,"18.518292,73.838604 -> 18.519462,73.832815 -> 18.519099,73.843529 -> 18.51531,73.842003 -> 18.515781,73.833834 -> 18.515675,73.839886",True,call my mother,Relative,Notify selected relative
650,"Main Road, Mumbai",Mumbai,19.046664,72.856688,Main Road,3,9,1,4,3,7,Harassment,35.02,Medium,73.64,"19.046672,72.85815 -> 19.047259,72.857887 -> 19.045583,72.857267 -> 19.044346,72.859909 -> 19.045078,72.85951 -> 19.04608,72.857193 -> 19.045427,72.854148",True,save me,Help,Trigger emergency alert and share location
651,"College Road, Hyderabad",Hyderabad,17.323933,78.449764,College Road,1,10,10,3,74,9,None,35.41,Medium,70.87,"17.324463,78.45229 -> 17.322819,78.447559 -> 17.320326,78.450964 -> 17.327391,78.45293",True,call police,Emergency,Trigger emergency alert and share location
652,"Industrial Road, Hyderabad",Hyderabad,17.409848,78.509049,Industrial Road,2,9,6,3,62,6,Theft,41.23,Medium,73.96,"17.410678,78.510664 -> 17.409046,78.505644 -> 17.408138,78.509026 -> 17.41,78.513865 -> 17.410051,78.511996 -> 17.40876,78.50827 -> 17.406525,78.507193",True,dad,Relative,Notify selected relative
653,"College Road, Visakhapatnam",Visakhapatnam,17.705244,83.218765,College Road,7,3,6,5,49,6,None,36.43,Medium,80.38,"17.705697,83.217884 -> 17.710615,83.21853 -> 17.708152,83.217762",True,call police,Emergency,Trigger emergency alert and share location
654,"Industrial Road, Chennai",Chennai,13.107536,80.303181,Industrial Road,9,2,3,7,94,7,None,42.68,Medium,71.96,"13.10165,80.303227 -> 13.110612,80.3045 -> 13.108651,80.298875 -> 13.105735,80.304209 -> 13.108562,80.306218 -> 13.107174,80.304196",True,call police,Emergency,Trigger emergency alert and share location
655,"Park Road, Delhi",Delhi,28.614473,77.174457,Park Road,3,10,9,1,18,4,Abduction,30.59,Medium,65.73,"28.615551,77.174892 -> 28.612928,77.170409 -> 28.616047,77.173792 -> 28.615865,77.179117 -> 28.609119,77.172708",True,call my sister,Relative,Notify selected relative
656,"Residential Street, Pune",Pune,18.513072,73.907619,Residential Street,10,7,1,0,52,5,Theft,38.27,Medium,62.05,"18.517912,73.907959 -> 18.512832,73.907124 -> 18.511981,73.910239 -> 18.510401,73.908483 -> 18.512112,73.905714 -> 18.519537,73.908667",True,help me,Help,Trigger emergency alert and share location
657,"Bus Stop Area, Vijayawada",Vijayawada,16.527664,80.687822,Bus Stop Area,3,7,4,8,62,1,None,44.86,Medium,58.03,"16.532045,80.68155 -> 16.525742,80.686674 -> 16.529118,80.688369 -> 16.527247,80.687792 -> 16.525219,80.684079",True,dad,Relative,Notify selected relative
658,"Bus Stop Area, Mumbai",Mumbai,19.101428,72.90198,Bus Stop Area,1,1,2,4,38,8,Harassment,52.86,Medium,59.66,"19.099453,72.903712 -> 19.100719,72.904956 -> 19.103983,72.902508",True,call police,Emergency,Trigger emergency alert and share location
659,"Bus Stop Area, Mumbai",Mumbai,19.064116,72.911333,Bus Stop Area,1,2,4,7,8,10,Harassment,39.45,Medium,71.48,"19.062405,72.908014 -> 19.063395,72.915122 -> 19.066982,72.908552 -> 19.061197,72.91452 -> 19.061277,72.912606",True,dad,Relative,Notify selected relative
660,"Railway Station Road, Delhi",Delhi,28.592338,77.265597,Railway Station Road,8,2,5,8,93,10,None,37.98,Medium,72.67,"28.595196,77.266059 -> 28.592968,77.260671 -> 28.586831,77.265046",True,call police,Emergency,Trigger emergency alert and share location
661,"Market Road, Visakhapatnam",Visakhapatnam,17.695442,83.179118,Market Road,6,8,2,5,20,1,Harassment,36.82,Medium,67.04,"17.696846,83.180525 -> 17.695098,83.181069 -> 17.692506,83.178228 -> 17.699562,83.179289 -> 17.695758,83.184883",True,call my mother,Relative,Notify selected relative
662,"Main Road, Pune",Pune,18.471423,73.884575,Main Road,5,5,8,10,9,9,Assault,20.98,Low,100.0,"18.470611,73.886724 -> 18.468968,73.882858 -> 18.472385,73.886571 -> 18.474225,73.888499",True,help me,Help,Trigger emergency alert and share location
663,"College Road, Vijayawada",Vijayawada,16.503839,80.689776,College Road,6,5,4,10,89,6,Theft,40.07,Medium,72.02,"16.506094,80.690295 -> 16.504953,80.690835 -> 16.499827,80.686966",True,mom,Relative,Notify selected relative
664,"Main Road, Vijayawada",Vijayawada,16.509789,80.588945,Main Road,3,9,4,5,99,8,Sexual Harassment,44.39,Medium,67.67,"16.511968,80.589763 -> 16.506986,80.592395 -> 16.514882,80.589313 -> 16.511065,80.589449 -> 16.511115,80.588646 -> 16.509703,80.591209",True,call my mother,Relative,Notify selected relative
665,"Residential Street, Vijayawada",Vijayawada,16.588297,80.598998,Residential Street,4,3,8,3,24,9,Sexual Harassment,34.27,Medium,74.51,"16.585346,80.602978 -> 16.586828,80.59539 -> 16.589892,80.603359 -> 16.589956,80.59951 -> 16.58932,80.602535 -> 16.586112,80.598718 -> 16.587165,80.596078",True,mom,Relative,Notify selected relative
666,"Park Road, Hyderabad",Hyderabad,17.373507,78.52547,Park Road,8,2,1,2,2,8,Stalking,36.23,Medium,74.91,"17.375118,78.525836 -> 17.374815,78.523469 -> 17.372733,78.52595 -> 17.374201,78.52627 -> 17.373161,78.524526",True,call police,Emergency,Trigger emergency alert and share location
667,"Industrial Road, Vijayawada",Vijayawada,16.616722,80.679738,Industrial Road,10,9,5,2,90,5,None,34.32,Medium,79.65,"16.616139,80.67861 -> 16.616395,80.68047 -> 16.612021,80.675815",True,help,Help,Trigger emergency alert and share location
668,"Bus Stop Area, Vijayawada",Vijayawada,16.483909,80.65525,Bus Stop Area,5,3,3,2,10,7,None,39.77,Medium,65.93,"16.487604,80.651544 -> 16.482031,80.65905 -> 16.484237,80.657462",True,help,Help,Trigger emergency alert and share location
669,"Park Road, Mumbai",Mumbai,19.147794,72.853417,Park Road,1,4,1,0,84,9,Harassment,60.18,High,40.62,"19.147113,72.848531 -> 19.147018,72.85562 -> 19.149145,72.854965 -> 19.146855,72.851777 -> 19.150967,72.852174 -> 19.148529,72.853825 -> 19.151448,72.855846",False,none,No Alert,No action
670,"Main Road, Chennai",Chennai,13.037366,80.229136,Main Road,2,5,10,0,96,2,None,53.0,Medium,56.49,"13.037205,80.227998 -> 13.039905,80.229605 -> 13.037497,80.231086",True,dad,Relative,Notify selected relative
671,"Market Road, Bengaluru",Bengaluru,12.958471,77.649498,Market Road,6,1,1,2,95,5,Harassment,58.75,Medium,44.01,"12.960113,77.653083 -> 12.955028,77.64864 -> 12.961327,77.652391 -> 12.958042,77.647661 -> 12.960861,77.652457 -> 12.955559,77.646488 -> 12.959034,77.651071",True,call my mother,Relative,Notify selected relative
672,"Residential Street, Bengaluru",Bengaluru,12.961133,77.618375,Residential Street,2,10,0,8,27,4,Sexual Harassment,39.75,Medium,63.9,"12.955846,77.617315 -> 12.961291,77.617685 -> 12.958236,77.613836 -> 12.959848,77.620619 -> 12.964273,77.621344",True,help me,Help,Trigger emergency alert and share location
673,"Residential Street, Visakhapatnam",Visakhapatnam,17.658243,83.17812,Residential Street,4,9,7,5,89,10,Stalking,35.07,Medium,77.61,"17.659831,83.17912 -> 17.653208,83.175953 -> 17.658169,83.179338 -> 17.660161,83.178481",True,call my sister,Relative,Notify selected relative
674,"Market Road, Hyderabad",Hyderabad,17.396577,78.48967,Market Road,6,7,6,3,65,4,Assault,38.98,Medium,74.35,"17.397359,78.489834 -> 17.395906,78.489873 -> 17.397788,78.490339 -> 17.397529,78.493027 -> 17.39724,78.488048 -> 17.398786,78.486255",True,help,Help,Trigger emergency alert and share location
675,"Residential Street, Pune",Pune,18.482551,73.868455,Residential Street,8,2,8,2,63,6,Assault,38.2,Medium,76.18,"18.479438,73.867498 -> 18.481036,73.867238 -> 18.48491,73.870221 -> 18.482503,73.86709 -> 18.479177,73.872005",True,mom,Relative,Notify selected relative
676,"College Road, Hyderabad",Hyderabad,17.405724,78.461967,College Road,8,2,6,4,58,10,None,34.68,Medium,81.12,"17.405548,78.461249 -> 17.406812,78.460113 -> 17.404865,78.462271 -> 17.404475,78.46364 -> 17.410397,78.460081",True,call my sister,Relative,Notify selected relative
677,"Railway Station Road, Delhi",Delhi,28.555621,77.138939,Railway Station Road,7,4,1,7,86,6,Abduction,45.95,Medium,64.29,"28.553963,77.139459 -> 28.555952,77.134931 -> 28.551084,77.139679 -> 28.55596,77.137874",False,none,No Alert,No action
678,"Residential Street, Mumbai",Mumbai,19.018,72.894199,Residential Street,7,8,8,10,86,2,Harassment,31.86,Medium,91.1,"19.018695,72.89208 -> 19.018111,72.890784 -> 19.020645,72.894404",True,help me,Help,Trigger emergency alert and share location
679,"Market Road, Hyderabad",Hyderabad,17.323115,78.476176,Market Road,2,6,3,5,25,10,None,38.07,Medium,70.85,"17.322282,78.475486 -> 17.320054,78.477592 -> 17.321494,78.470785 -> 17.322187,78.478629 -> 17.322148,78.480521 -> 17.324187,78.477023",True,help,Help,Trigger emergency alert and share location
680,"Industrial Road, Delhi",Delhi,28.609406,77.20661,Industrial Road,5,10,9,4,96,7,Stalking,33.91,Medium,76.07,"28.60865,77.207937 -> 28.607066,77.20392 -> 28.606598,77.211724 -> 28.610732,77.207371 -> 28.606762,77.208168",True,call my sister,Relative,Notify selected relative
681,"Industrial Road, Delhi",Delhi,28.60982,77.216496,Industrial Road,9,5,2,7,13,2,Harassment,31.61,Medium,76.6,"28.610221,77.215436 -> 28.607906,77.218331 -> 28.605976,77.217908 -> 28.611531,77.214297 -> 28.607769,77.215938",True,call my sister,Relative,Notify selected relative
682,"Main Road, Vijayawada",Vijayawada,16.516071,80.64265,Main Road,2,1,1,7,86,1,Theft,63.68,High,45.49,"16.520478,80.641381 -> 16.511783,80.644715 -> 16.520279,80.643632 -> 16.513352,80.64234",True,call my father,Relative,Notify selected relative
683,"Market Road, Pune",Pune,18.481252,73.8792,Market Road,5,10,9,1,97,2,Robbery,41.34,Medium,61.1,"18.480502,73.876689 -> 18.481569,73.878284 -> 18.481694,73.879256 -> 18.478785,73.880767 -> 18.48113,73.876729 -> 18.486854,73.880391 -> 18.480869,73.882738",True,call my sister,Relative,Notify selected relative
684,"Railway Station Road, Bengaluru",Bengaluru,13.036064,77.589513,Railway Station Road,8,8,8,4,69,6,None,29.16,Low,85.78,"13.033594,77.589145 -> 13.035566,77.589975 -> 13.036896,77.590913 -> 13.036658,77.586486 -> 13.033718,77.588147 -> 13.035358,77.59214 -> 13.033157,77.588619",True,mom,Relative,Notify selected relative
685,"Park Road, Visakhapatnam",Visakhapatnam,17.720155,83.208004,Park Road,2,7,7,5,48,8,None,36.73,Medium,74.17,"17.719806,83.208646 -> 17.719584,83.209672 -> 17.716292,83.207096 -> 17.720896,83.209338 -> 17.723887,83.207026 -> 17.723854,83.206356",False,none,No Alert,No action
686,"Market Road, Chennai",Chennai,13.129203,80.299311,Market Road,8,7,2,4,91,7,Theft,41.3,Medium,64.34,"13.129971,80.299183 -> 13.130767,80.298753 -> 13.128435,80.302734 -> 13.128956,80.301377 -> 13.12864,80.303478 -> 13.127507,80.297776",True,help,Help,Trigger emergency alert and share location
687,"Industrial Road, Mumbai",Mumbai,19.129358,72.862127,Industrial Road,8,9,2,8,7,7,Theft,21.57,Low,99.44,"19.131588,72.86174 -> 19.124825,72.862079 -> 19.129612,72.865045 -> 19.133329,72.860415 -> 19.131361,72.864041",True,call my sister,Relative,Notify selected relative
688,"College Road, Delhi",Delhi,28.651469,77.226454,College Road,5,6,0,0,75,1,None,57.39,Medium,36.9,"28.65108,77.223565 -> 28.650962,77.228904 -> 28.652232,77.229324 -> 28.652323,77.223208",True,call my mother,Relative,Notify selected relative
689,"College Road, Visakhapatnam",Visakhapatnam,17.59857,83.223708,College Road,7,2,6,5,45,7,Stalking,36.25,Medium,74.78,"17.596128,83.219456 -> 17.596733,83.223222 -> 17.600235,83.22418 -> 17.60259,83.221119 -> 17.600773,83.223826",False,none,No Alert,No action
690,"Bus Stop Area, Bengaluru",Bengaluru,12.995913,77.579322,Bus Stop Area,5,10,1,1,39,2,None,43.02,Medium,67.54,"12.996651,77.577623 -> 12.995883,77.578723 -> 12.997136,77.576373 -> 12.99584,77.58031 -> 12.995996,77.582689",True,help me,Help,Trigger emergency alert and share location
691,"Main Road, Pune",Pune,18.547491,73.856438,Main Road,8,7,9,8,53,5,Theft,23.89,Low,93.7,"18.54823,73.857446 -> 18.542927,73.855684 -> 18.54378,73.859634",True,call my sister,Relative,Notify selected relative
692,"Park Road, Pune",Pune,18.51827,73.849933,Park Road,10,7,5,9,12,8,None,15.55,Low,100.0,"18.519326,73.847111 -> 18.518093,73.849095 -> 18.513909,73.848207",True,save me,Help,Trigger emergency alert and share location
693,"Market Road, Pune",Pune,18.513976,73.852677,Market Road,10,5,5,6,25,8,None,23.07,Low,84.22,"18.516855,73.852422 -> 18.51407,73.853679 -> 18.512006,73.853818",True,mom,Relative,Notify selected relative
694,"Main Road, Chennai",Chennai,13.069852,80.23932,Main Road,5,10,6,3,79,2,Theft,40.75,Medium,71.22,"13.073581,80.241132 -> 13.072159,80.238018 -> 13.065858,80.243045 -> 13.074988,80.243177 -> 13.069013,80.236433 -> 13.067188,80.235111 -> 13.069584,80.243334",True,help,Help,Trigger emergency alert and share location
695,"Residential Street, Chennai",Chennai,13.077742,80.281281,Residential Street,10,9,7,6,26,6,Theft,16.86,Low,100.0,"13.076732,80.28637 -> 13.082722,80.280953 -> 13.076298,80.283024",True,call police,Emergency,Trigger emergency alert and share location
696,"Park Road, Chennai",Chennai,13.070537,80.230221,Park Road,9,6,3,6,51,5,Harassment,33.11,Medium,86.19,"13.073578,80.23061 -> 13.06738,80.227147 -> 13.070805,80.228971 -> 13.069684,80.232776 -> 13.07237,80.233666 -> 13.06806,80.229363 -> 13.072434,80.231341",True,mom,Relative,Notify selected relative
697,"Main Road, Vijayawada",Vijayawada,16.559833,80.662719,Main Road,9,3,9,7,27,8,Robbery,21.57,Low,100.0,"16.561183,80.665374 -> 16.559024,80.662755 -> 16.56211,80.666751 -> 16.561656,80.662511 -> 16.563276,80.657239",True,mom,Relative,Notify selected relative
698,"Main Road, Delhi",Delhi,28.564122,77.232857,Main Road,9,4,5,7,18,4,Sexual Harassment,27.86,Low,86.81,"28.565636,77.233018 -> 28.565549,77.230821 -> 28.565548,77.235343 -> 28.567173,77.237891",True,call police,Emergency,Trigger emergency alert and share location
699,"College Road, Delhi",Delhi,28.622443,77.218587,College Road,2,4,6,4,36,3,None,45.73,Medium,54.06,"28.621114,77.218104 -> 28.625069,77.217059 -> 28.624434,77.218583 -> 28.622,77.219209 -> 28.621465,77.217514",True,dad,Relative,Notify selected relative
700,"Residential Street, Bengaluru",Bengaluru,12.911932,77.585922,Residential Street,3,4,0,3,39,8,Abduction,48.93,Medium,53.17,"12.910642,77.586964 -> 12.913579,77.586502 -> 12.914421,77.587361 -> 12.911194,77.584765 -> 12.912714,77.587356 -> 12.915427,77.5889",True,mom,Relative,Notify selected relative
701,"Main Road, Delhi",Delhi,28.594948,77.20543,Main Road,4,3,4,2,3,5,None,40.93,Medium,69.02,"28.597618,77.207777 -> 28.594788,77.202295 -> 28.592451,77.206112 -> 28.595804,77.202683 -> 28.595059,77.207008",True,mom,Relative,Notify selected relative
702,"Industrial Road, Visakhapatnam",Visakhapatnam,17.646507,83.257175,Industrial Road,1,1,1,5,77,5,Sexual Harassment,62.25,High,40.66,"17.649651,83.255841 -> 17.64394,83.25603 -> 17.646269,83.256204",True,call my father,Relative,Notify selected relative
703,"Park Road, Hyderabad",Hyderabad,17.37744,78.498389,Park Road,3,4,1,9,94,9,Stalking,49.95,Medium,58.39,"17.377275,78.494116 -> 17.378419,78.498166 -> 17.381466,78.49604",True,mom,Relative,Notify selected relative
704,"Industrial Road, Chennai",Chennai,13.01941,80.292332,Industrial Road,2,4,9,1,98,6,Assault,51.5,Medium,57.03,"13.016889,80.288508 -> 13.023253,80.295867 -> 13.013191,80.291186 -> 13.02357,80.291142 -> 13.018183,80.291625",True,dad,Relative,Notify selected relative
705,"Park Road, Bengaluru",Bengaluru,12.932369,77.534933,Park Road,4,3,1,2,27,5,None,48.84,Medium,61.52,"12.927762,77.535551 -> 12.934585,77.531305 -> 12.930058,77.537966 -> 12.933701,77.53339 -> 12.935375,77.537949 -> 12.933042,77.532683",True,call my father,Relative,Notify selected relative
706,"Industrial Road, Visakhapatnam",Visakhapatnam,17.672329,83.228524,Industrial Road,9,6,1,5,69,7,Abduction,37.8,Medium,72.46,"17.674676,83.2247 -> 17.668593,83.228976 -> 17.6711,83.226956 -> 17.667909,83.228573 -> 17.672197,83.230158 -> 17.672501,83.228192",True,save me,Help,Trigger emergency alert and share location
707,"College Road, Vijayawada",Vijayawada,16.547395,80.602064,College Road,8,6,4,0,82,10,Stalking,39.41,Medium,71.67,"16.543217,80.599968 -> 16.544363,80.604019 -> 16.547231,80.60203",False,none,No Alert,No action
708,"Railway Station Road, Bengaluru",Bengaluru,12.932864,77.584111,Railway Station Road,9,7,4,10,89,6,Sexual Harassment,31.89,Medium,80.5,"12.933823,77.581633 -> 12.936188,77.579922 -> 12.930848,77.588304",True,mom,Relative,Notify selected relative
709,"Park Road, Mumbai",Mumbai,19.06077,72.831679,Park Road,1,7,4,4,11,4,Sexual Harassment,41.3,Medium,65.4,"19.059582,72.829589 -> 19.05803,72.8386 -> 19.060141,72.826865 -> 19.064504,72.833207 -> 19.058854,72.829346",True,save me,Help,Trigger emergency alert and share location
710,"Industrial Road, Vijayawada",Vijayawada,16.529772,80.639358,Industrial Road,6,7,0,4,10,8,Sexual Harassment,33.86,Medium,64.11,"16.53424,80.638273 -> 16.533511,80.642554 -> 16.527269,80.641941 -> 16.528143,80.634691 -> 16.528711,80.640352 -> 16.528615,80.63859",True,call my father,Relative,Notify selected relative
711,"Park Road, Pune",Pune,18.560425,73.860427,Park Road,2,3,4,8,8,6,Assault,39.0,Medium,65.98,"18.56218,73.860921 -> 18.554121,73.861498 -> 18.561405,73.860477 -> 18.562654,73.858746 -> 18.561266,73.85651 -> 18.561443,73.86531",True,dad,Relative,Notify selected relative
712,"Industrial Road, Pune",Pune,18.48558,73.830107,Industrial Road,1,1,10,10,23,8,Harassment,34.11,Medium,75.14,"18.485905,73.827449 -> 18.486633,73.832224 -> 18.486916,73.825686 -> 18.488068,73.83245",False,none,No Alert,No action
713,"College Road, Chennai",Chennai,13.111756,80.283749,College Road,10,2,1,2,31,9,Stalking,36.3,Medium,74.71,"13.114337,80.288558 -> 13.109373,80.286444 -> 13.11154,80.283425 -> 13.107915,80.283037",True,dad,Relative,Notify selected relative
714,"Industrial Road, Pune",Pune,18.485496,73.840465,Industrial Road,8,3,4,2,87,10,None,42.48,Medium,61.83,"18.484374,73.83945 -> 18.485738,73.836428 -> 18.481882,73.84137 -> 18.483502,73.843151 -> 18.486059,73.841982",True,call police,Emergency,Trigger emergency alert and share location
715,"College Road, Delhi",Delhi,28.663274,77.19816,College Road,3,7,6,9,28,1,Stalking,35.82,Medium,73.01,"28.665453,77.199434 -> 28.662806,77.201639 -> 28.662743,77.198242",True,mom,Relative,Notify selected relative
716,"Residential Street, Bengaluru",Bengaluru,12.972343,77.561889,Residential Street,8,4,4,2,6,7,Theft,30.95,Medium,79.23,"12.975835,77.563001 -> 12.972421,77.561485 -> 12.97317,77.563763 -> 12.973866,77.561059 -> 12.973155,77.563089 -> 12.969825,77.56231 -> 12.96694,77.563095",True,call my father,Relative,Notify selected relative
717,"Residential Street, Vijayawada",Vijayawada,16.529312,80.674164,Residential Street,6,3,9,1,1,9,Robbery,27.43,Low,80.59,"16.530085,80.677724 -> 16.532846,80.674091 -> 16.52966,80.676941 -> 16.52556,80.673356 -> 16.532651,80.676602 -> 16.530235,80.670399",True,call my sister,Relative,Notify selected relative
718,"Residential Street, Mumbai",Mumbai,19.074253,72.857053,Residential Street,4,4,3,4,36,8,Harassment,41.64,Medium,67.52,"19.07223,72.854489 -> 19.069091,72.860108 -> 19.073254,72.857446 -> 19.074247,72.854384 -> 19.071105,72.85454 -> 19.072445,72.85797",True,help me,Help,Trigger emergency alert and share location
719,"Bus Stop Area, Bengaluru",Bengaluru,12.94375,77.655727,Bus Stop Area,5,4,6,2,52,3,Abduction,44.64,Medium,68.9,"12.945771,77.655428 -> 12.947536,77.655182 -> 12.943672,77.656152",True,call police,Emergency,Trigger emergency alert and share location
720,"Industrial Road, Bengaluru",Bengaluru,12.996164,77.616892,Industrial Road,4,6,9,10,82,8,Harassment,32.59,Medium,79.73,"12.994832,77.618492 -> 12.997952,77.615909 -> 12.992196,77.616374",False,none,No Alert,No action
721,"Park Road, Pune",Pune,18.542223,73.91989,Park Road,4,7,6,9,32,2,None,33.73,Medium,72.78,"18.541157,73.918916 -> 18.545613,73.919803 -> 18.539955,73.921287",True,mom,Relative,Notify selected relative
722,"Bus Stop Area, Pune",Pune,18.506238,73.813846,Bus Stop Area,8,6,9,10,76,1,Theft,30.73,Medium,82.71,"18.510573,73.814807 -> 18.506507,73.813221 -> 18.506968,73.814547",True,call police,Emergency,Trigger emergency alert and share location
723,"Railway Station Road, Delhi",Delhi,28.624126,77.21302,Railway Station Road,7,6,2,8,5,10,None,24.43,Low,92.11,"28.624184,77.210575 -> 28.622595,77.208072 -> 28.629193,77.215177 -> 28.622051,77.212315",True,call police,Emergency,Trigger emergency alert and share location
724,"College Road, Mumbai",Mumbai,19.053709,72.931689,College Road,8,3,1,5,90,9,None,45.23,Medium,58.07,"19.053995,72.931418 -> 19.055776,72.931429 -> 19.049313,72.931061 -> 19.051279,72.931888 -> 19.057294,72.92734 -> 19.051708,72.930307",True,help me,Help,Trigger emergency alert and share location
725,"Main Road, Pune",Pune,18.507043,73.882604,Main Road,3,8,4,5,55,5,Robbery,41.48,Medium,65.56,"18.508083,73.88104 -> 18.507618,73.884548 -> 18.505212,73.884557 -> 18.507174,73.885218 -> 18.506539,73.883557",True,dad,Relative,Notify selected relative
726,"College Road, Chennai",Chennai,13.081279,80.267333,College Road,7,3,5,7,97,3,None,46.34,Medium,67.95,"13.082621,80.264209 -> 13.084863,80.262684 -> 13.079567,80.267097 -> 13.08231,80.271273 -> 13.076633,80.266064 -> 13.075962,80.267412 -> 13.081958,80.27131",True,call my sister,Relative,Notify selected relative
727,"Main Road, Vijayawada",Vijayawada,16.510422,80.684541,Main Road,4,3,0,7,33,3,None,48.43,Medium,62.59,"16.509334,80.681019 -> 16.51111,80.680811 -> 16.51366,80.684136 -> 16.51341,80.68334 -> 16.511094,80.685064 -> 16.510309,80.683459",True,call my father,Relative,Notify selected relative
728,"Main Road, Mumbai",Mumbai,19.089736,72.845284,Main Road,8,6,8,7,58,8,None,25.59,Low,83.66,"19.092843,72.847102 -> 19.089901,72.849447 -> 19.089067,72.848591",True,help me,Help,Trigger emergency alert and share location
729,"Bus Stop Area, Hyderabad",Hyderabad,17.391145,78.450834,Bus Stop Area,5,3,2,8,34,10,Theft,36.77,Medium,83.07,"17.393622,78.450531 -> 17.392963,78.449825 -> 17.393218,78.444856 -> 17.388595,78.453282 -> 17.390521,78.451353 -> 17.387778,78.455454 -> 17.394121,78.450332",True,save me,Help,Trigger emergency alert and share location
730,"Market Road, Visakhapatnam",Visakhapatnam,17.672636,83.254536,Market Road,7,2,3,7,86,2,None,49.59,Medium,72.32,"17.67502,83.259966 -> 17.67033,83.252488 -> 17.669664,83.25564 -> 17.673075,83.254156 -> 17.674659,83.257617",False,none,No Alert,No action
731,"Park Road, Hyderabad",Hyderabad,17.331602,78.465806,Park Road,6,10,1,5,19,1,Robbery,35.3,Medium,77.61,"17.330433,78.46381 -> 17.334148,78.462582 -> 17.330848,78.466628",True,call my sister,Relative,Notify selected relative
732,"Industrial Road, Mumbai",Mumbai,19.055916,72.90511,Industrial Road,5,10,10,0,42,1,None,33.05,Medium,73.11,"19.059438,72.904796 -> 19.057594,72.906975 -> 19.054347,72.899976 -> 19.056818,72.905291 -> 19.057306,72.904544 -> 19.05484,72.910131 -> 19.052235,72.906945",True,call my sister,Relative,Notify selected relative
733,"Bus Stop Area, Vijayawada",Vijayawada,16.486089,80.636248,Bus Stop Area,1,5,5,0,95,2,Harassment,61.48,High,40.24,"16.48408,80.637676 -> 16.489566,80.637423 -> 16.486347,80.633782 -> 16.487381,80.641639 -> 16.485137,80.635308 -> 16.484686,80.635024 -> 16.479226,80.637261",True,dad,Relative,Notify selected relative
734,"Railway Station Road, Delhi",Delhi,28.584306,77.152641,Railway Station Road,3,4,6,1,2,4,Assault,40.32,Medium,69.55,"28.581601,77.151794 -> 28.587972,77.149118 -> 28.580475,77.153314 -> 28.58718,77.148705",True,call my father,Relative,Notify selected relative
735,"Market Road, Chennai",Chennai,13.096969,80.291035,Market Road,2,5,7,6,94,5,Harassment,48.59,Medium,50.41,"13.098965,80.293227 -> 13.09619,80.294166 -> 13.09981,80.291293 -> 13.09584,80.288603 -> 13.096875,80.292459 -> 13.096159,80.285541 -> 13.100141,80.291511",True,help me,Help,Trigger emergency alert and share location
736,"College Road, Hyderabad",Hyderabad,17.371713,78.516701,College Road,9,4,7,7,49,8,Theft,26.43,Low,96.79,"17.364708,78.517787 -> 17.368146,78.517949 -> 17.372033,78.51829 -> 17.370465,78.512018 -> 17.370587,78.517718",True,dad,Relative,Notify selected relative
737,"Park Road, Hyderabad",Hyderabad,17.420539,78.445686,Park Road,6,10,2,6,80,7,Theft,37.27,Medium,77.86,"17.418919,78.446592 -> 17.419264,78.446141 -> 17.422769,78.442618",False,none,No Alert,No action
738,"Bus Stop Area, Mumbai",Mumbai,19.052203,72.884174,Bus Stop Area,3,8,8,10,82,9,Harassment,32.14,Medium,93.27,"19.050045,72.889274 -> 19.057214,72.883931 -> 19.051458,72.882444",True,call police,Emergency,Trigger emergency alert and share location
739,"Industrial Road, Hyderabad",Hyderabad,17.382613,78.437465,Industrial Road,5,3,2,10,38,4,None,41.05,Medium,70.57,"17.386355,78.435937 -> 17.382011,78.433212 -> 17.383548,78.438126 -> 17.382772,78.436923 -> 17.381881,78.43872 -> 17.382541,78.438252 -> 17.38315,78.440274",True,call my father,Relative,Notify selected relative
740,"Residential Street, Visakhapatnam",Visakhapatnam,17.710495,83.22525,Residential Street,1,9,1,8,54,7,Stalking,43.14,Medium,71.36,"17.711546,83.228512 -> 17.712012,83.220645 -> 17.713757,83.225588",True,call my sister,Relative,Notify selected relative
741,"College Road, Chennai",Chennai,13.080882,80.280547,College Road,5,10,1,8,2,2,Robbery,30.77,Medium,77.6,"13.08145,80.279067 -> 13.084068,80.280263 -> 13.079926,80.278235 -> 13.081554,80.281015 -> 13.081853,80.277979 -> 13.076879,80.282111",True,help me,Help,Trigger emergency alert and share location
742,"Main Road, Delhi",Delhi,28.665862,77.173078,Main Road,2,7,4,5,75,8,Robbery,45.11,Medium,69.93,"28.666572,77.17306 -> 28.664868,77.169617 -> 28.668331,77.171139 -> 28.663912,77.175558 -> 28.661155,77.169269 -> 28.665817,77.173811",True,dad,Relative,Notify selected relative
743,"Market Road, Pune",Pune,18.537366,73.846137,Market Road,4,3,1,9,33,2,None,46.16,Medium,76.49,"18.536796,73.84556 -> 18.535374,73.846447 -> 18.538903,73.849146 -> 18.533643,73.845522 -> 18.538483,73.847605 -> 18.537382,73.847493",True,mom,Relative,Notify selected relative
744,"Residential Street, Delhi",Delhi,28.585586,77.263527,Residential Street,1,3,10,7,58,7,None,40.59,Medium,75.07,"28.582224,77.260839 -> 28.582969,77.265222 -> 28.582374,77.262699 -> 28.586723,77.263362 -> 28.586233,77.260862 -> 28.587073,77.261994 -> 28.584774,77.264121",True,call my sister,Relative,Notify selected relative
745,"Park Road, Pune",Pune,18.524008,73.857539,Park Road,5,2,2,2,1,4,Stalking,43.8,Medium,58.85,"18.523259,73.857544 -> 18.52057,73.856383 -> 18.524977,73.854345",False,none,No Alert,No action
746,"Main Road, Bengaluru",Bengaluru,13.01208,77.639036,Main Road,4,8,10,2,83,4,None,39.57,Medium,63.81,"13.015474,77.638677 -> 13.013126,77.637794 -> 13.014388,77.640051 -> 13.010045,77.636123 -> 13.008429,77.639506 -> 13.013511,77.640663",True,mom,Relative,Notify selected relative
747,"Industrial Road, Chennai",Chennai,13.078571,80.230205,Industrial Road,3,8,6,0,14,3,Abduction,38.59,Medium,63.4,"13.081452,80.228993 -> 13.07893,80.227516 -> 13.079412,80.229061 -> 13.081188,80.232139",True,call my sister,Relative,Notify selected relative
748,"Main Road, Mumbai",Mumbai,19.05865,72.873267,Main Road,8,10,3,3,37,10,None,25.43,Low,81.81,"19.055101,72.871123 -> 19.059146,72.87408 -> 19.059021,72.872513 -> 19.060983,72.873426 -> 19.060408,72.868833 -> 19.048844,72.873976",False,none,No Alert,No action
749,"Park Road, Hyderabad",Hyderabad,17.335133,78.479264,Park Road,7,8,9,9,93,9,Harassment,26.16,Low,88.73,"17.339102,78.480264 -> 17.335548,78.481356 -> 17.336054,78.47812 -> 17.337812,78.47649 -> 17.335941,78.475395",False,none,No Alert,No action
750,"Industrial Road, Mumbai",Mumbai,19.083138,72.884455,Industrial Road,4,1,8,0,54,10,None,43.59,Medium,71.99,"19.079226,72.882953 -> 19.085195,72.885293 -> 19.083589,72.882065 -> 19.081661,72.887568 -> 19.083009,72.885393",True,mom,Relative,Notify selected relative
751,"Industrial Road, Delhi",Delhi,28.609868,77.167592,Industrial Road,2,8,9,10,44,8,None,27.45,Low,90.31,"28.611126,77.173356 -> 28.607329,77.169648 -> 28.606589,77.167985 -> 28.612309,77.162412 -> 28.609356,77.166184 -> 28.608113,77.168555",False,none,No Alert,No action
752,"Industrial Road, Bengaluru",Bengaluru,13.010824,77.589935,Industrial Road,6,8,3,8,28,10,Sexual Harassment,25.82,Low,87.11,"13.01111,77.58994 -> 13.008101,77.592706 -> 13.011562,77.590922 -> 13.008808,77.588787 -> 13.010384,77.5861",True,dad,Relative,Notify selected relative
753,"Market Road, Mumbai",Mumbai,19.016919,72.856674,Market Road,5,7,6,10,83,6,Stalking,35.48,Medium,81.14,"19.015286,72.854127 -> 19.014882,72.855536 -> 19.016034,72.862088 -> 19.019556,72.859236 -> 19.01984,72.854177 -> 19.013863,72.853907",True,help me,Help,Trigger emergency alert and share location
754,"Residential Street, Chennai",Chennai,13.129408,80.251548,Residential Street,8,3,2,3,20,10,Robbery,33.64,Medium,69.61,"13.128331,80.250951 -> 13.130079,80.252175 -> 13.127338,80.253262 -> 13.12781,80.251157 -> 13.131125,80.249943 -> 13.127985,80.253027",True,help,Help,Trigger emergency alert and share location
755,"Railway Station Road, Mumbai",Mumbai,19.045979,72.864232,Railway Station Road,4,4,8,0,2,6,Stalking,34.86,Medium,75.12,"19.051114,72.865746 -> 19.047161,72.865559 -> 19.043296,72.864521 -> 19.045905,72.865036 -> 19.04627,72.865181",True,call my mother,Relative,Notify selected relative
756,"Main Road, Vijayawada",Vijayawada,16.495299,80.650051,Main Road,2,6,6,1,79,4,None,51.66,Medium,47.5,"16.494499,80.653528 -> 16.496096,80.649999 -> 16.500039,80.646649",True,mom,Relative,Notify selected relative
757,"College Road, Chennai",Chennai,13.043869,80.330645,College Road,6,1,8,4,19,9,Stalking,31.66,Medium,80.17,"13.043263,80.327647 -> 13.044988,80.332006 -> 13.041133,80.330294 -> 13.04303,80.331285 -> 13.041071,80.333775 -> 13.046159,80.329737 -> 13.043328,80.330304",True,help,Help,Trigger emergency alert and share location
758,"Industrial Road, Mumbai",Mumbai,19.048759,72.86218,Industrial Road,2,2,9,9,100,2,Theft,50.91,Medium,60.14,"19.052791,72.864547 -> 19.051096,72.863105 -> 19.045966,72.862076 -> 19.051185,72.859034 -> 19.05035,72.867987 -> 19.051414,72.865715 -> 19.049305,72.8646",False,none,No Alert,No action
759,"Residential Street, Vijayawada",Vijayawada,16.481075,80.675855,Residential Street,4,6,2,4,90,8,Assault,48.86,Medium,61.41,"16.4818,80.679145 -> 16.479728,80.675387 -> 16.481314,80.673281 -> 16.481642,80.671558 -> 16.483692,80.675972 -> 16.479773,80.673769 -> 16.480489,80.677576",True,call my sister,Relative,Notify selected relative
760,"Market Road, Hyderabad",Hyderabad,17.404171,78.462006,Market Road,6,6,2,1,25,8,None,37.61,Medium,64.66,"17.405813,78.4602 -> 17.404321,78.462315 -> 17.404951,78.464152 -> 17.401014,78.457228 -> 17.402752,78.46651 -> 17.409226,78.466584",False,none,No Alert,No action
761,"College Road, Mumbai",Mumbai,19.069246,72.815326,College Road,5,9,2,1,34,6,Stalking,38.59,Medium,55.39,"19.067711,72.814831 -> 19.072498,72.817496 -> 19.069815,72.813101 -> 19.066844,72.815961 -> 19.070989,72.816306 -> 19.06666,72.816953",True,call my mother,Relative,Notify selected relative
762,"Market Road, Bengaluru",Bengaluru,12.986507,77.557127,Market Road,9,7,3,2,54,7,Abduction,34.05,Medium,72.13,"12.988228,77.556541 -> 12.99048,77.55838 -> 12.98529,77.557101 -> 12.986665,77.555306 -> 12.984226,77.55888 -> 12.98862,77.558636",True,call my sister,Relative,Notify selected relative
763,"Main Road, Pune",Pune,18.573436,73.837738,Main Road,8,3,0,8,8,2,Harassment,37.18,Medium,83.19,"18.571184,73.835206 -> 18.569036,73.836624 -> 18.572177,73.839053 -> 18.574046,73.834756 -> 18.572454,73.836809",True,call my mother,Relative,Notify selected relative
764,"Park Road, Vijayawada",Vijayawada,16.444041,80.613667,Park Road,1,7,0,10,82,3,Abduction,53.5,Medium,50.45,"16.447625,80.614146 -> 16.445696,80.60992 -> 16.447027,80.61692 -> 16.439045,80.611904 -> 16.44528,80.615278 -> 16.442345,80.612903 -> 16.442548,80.613943",False,none,No Alert,No action
765,"Park Road, Chennai",Chennai,13.124601,80.243714,Park Road,7,9,4,5,44,1,Theft,34.73,Medium,81.38,"13.122647,80.241595 -> 13.126647,80.246019 -> 13.12673,80.240425 -> 13.123436,80.245771 -> 13.124705,80.24103",True,mom,Relative,Notify selected relative
766,"Park Road, Vijayawada",Vijayawada,16.522241,80.622982,Park Road,8,4,8,9,100,10,Sexual Harassment,31.36,Medium,94.31,"16.526103,80.624492 -> 16.525644,80.623144 -> 16.524155,80.626676 -> 16.522855,80.622344 -> 16.517979,80.622774 -> 16.5243,80.625346",True,call my mother,Relative,Notify selected relative
767,"Bus Stop Area, Delhi",Delhi,28.631553,77.190055,Bus Stop Area,5,2,0,8,42,7,Abduction,44.86,Medium,54.85,"28.630315,77.189294 -> 28.630771,77.191601 -> 28.636517,77.190364 -> 28.631011,77.189407",True,mom,Relative,Notify selected relative
768,"Bus Stop Area, Chennai",Chennai,13.087053,80.24171,Bus Stop Area,2,9,8,4,66,6,None,38.23,Medium,70.77,"13.08818,80.242234 -> 13.088197,80.242794 -> 13.082623,80.243302 -> 13.085375,80.23897",False,none,No Alert,No action
769,"Bus Stop Area, Chennai",Chennai,13.044044,80.285874,Bus Stop Area,5,7,8,1,93,1,Stalking,47.07,Medium,60.52,"13.039839,80.287069 -> 13.040445,80.286224 -> 13.04464,80.288088 -> 13.048498,80.282462 -> 13.043913,80.285183",True,call police,Emergency,Trigger emergency alert and share location
770,"Residential Street, Pune",Pune,18.535581,73.864248,Residential Street,1,2,7,4,73,1,Abduction,56.61,Medium,48.72,"18.534479,73.861457 -> 18.538051,73.865396 -> 18.537875,73.863472 -> 18.533939,73.861552 -> 18.536478,73.861649 -> 18.540203,73.860979",True,call my mother,Relative,Notify selected relative
771,"College Road, Bengaluru",Bengaluru,12.981178,77.64944,College Road,5,5,10,9,86,3,Assault,36.86,Medium,81.43,"12.981617,77.647019 -> 12.977724,77.651365 -> 12.984943,77.648343 -> 12.97833,77.643295 -> 12.978726,77.649156 -> 12.985176,77.651123",True,mom,Relative,Notify selected relative
772,"College Road, Hyderabad",Hyderabad,17.395678,78.472696,College Road,9,10,3,5,58,2,Robbery,32.41,Medium,76.88,"17.399192,78.473198 -> 17.390421,78.471012 -> 17.393532,78.47133 -> 17.397085,78.472427",True,call my father,Relative,Notify selected relative
773,"Residential Street, Hyderabad",Hyderabad,17.38231,78.532672,Residential Street,1,7,2,7,27,8,Stalking,40.2,Medium,63.01,"17.38697,78.530994 -> 17.382533,78.531969 -> 17.382619,78.533783",True,call my mother,Relative,Notify selected relative
774,"Park Road, Delhi",Delhi,28.629084,77.182641,Park Road,5,10,7,10,54,8,Robbery,23.59,Low,85.29,"28.635342,77.181431 -> 28.630832,77.178622 -> 28.628385,77.182323 -> 28.630266,77.175835 -> 28.629499,77.179767 -> 28.629895,77.18005",True,call my father,Relative,Notify selected relative
775,"Market Road, Vijayawada",Vijayawada,16.476258,80.638423,Market Road,8,8,2,8,67,2,Harassment,37.02,Medium,70.72,"16.475069,80.63544 -> 16.471675,80.640968 -> 16.473018,80.637976 -> 16.47814,80.636886",True,call my sister,Relative,Notify selected relative
776,"College Road, Vijayawada",Vijayawada,16.477319,80.655918,College Road,2,10,6,1,15,6,None,34.2,Medium,76.69,"16.474396,80.655543 -> 16.472988,80.654935 -> 16.477405,80.653781 -> 16.476177,80.652397 -> 16.477512,80.658557 -> 16.474576,80.654361 -> 16.478575,80.658948",True,call police,Emergency,Trigger emergency alert and share location
777,"Residential Street, Vijayawada",Vijayawada,16.453938,80.642093,Residential Street,6,5,5,4,37,8,None,34.07,Medium,77.45,"16.453683,80.635901 -> 16.455191,80.645891 -> 16.45423,80.639515",True,help me,Help,Trigger emergency alert and share location
778,"Main Road, Delhi",Delhi,28.595941,77.270947,Main Road,5,5,3,2,94,8,Theft,49.5,Medium,61.95,"28.597541,77.271838 -> 28.594288,77.270446 -> 28.595746,77.272321",True,help,Help,Trigger emergency alert and share location
779,"Main Road, Hyderabad",Hyderabad,17.437812,78.525842,Main Road,7,8,9,4,72,8,Harassment,28.27,Low,77.53,"17.438372,78.527684 -> 17.439359,78.524269 -> 17.445097,78.522649 -> 17.435104,78.526426 -> 17.443104,78.523752",True,call my father,Relative,Notify selected relative
780,"Market Road, Vijayawada",Vijayawada,16.496896,80.685705,Market Road,9,8,7,10,57,3,Robbery,24.07,Low,93.54,"16.496059,80.687119 -> 16.497577,80.688281 -> 16.500125,80.686473 -> 16.497625,80.68624 -> 16.498119,80.685843",True,help,Help,Trigger emergency alert and share location
781,"Park Road, Delhi",Delhi,28.613879,77.250882,Park Road,4,7,5,8,5,8,Sexual Harassment,26.25,Low,92.63,"28.61011,77.250907 -> 28.612157,77.250105 -> 28.614885,77.252556 -> 28.613599,77.246099 -> 28.611466,77.253123",True,help,Help,Trigger emergency alert and share location
782,"Railway Station Road, Visakhapatnam",Visakhapatnam,17.590885,83.26006,Railway Station Road,9,2,10,8,10,4,Theft,21.59,Low,98.82,"17.594175,83.259564 -> 17.585731,83.261136 -> 17.594072,83.262372 -> 17.589228,83.260277 -> 17.589553,83.258012 -> 17.593273,83.257066 -> 17.58865,83.2573",True,mom,Relative,Notify selected relative
783,"Bus Stop Area, Visakhapatnam",Visakhapatnam,17.634641,83.223625,Bus Stop Area,8,9,0,1,84,9,None,41.09,Medium,71.82,"17.634179,83.219861 -> 17.636741,83.227839 -> 17.633025,83.222429 -> 17.63593,83.22768",False,none,No Alert,No action
784,"Bus Stop Area, Bengaluru",Bengaluru,12.953406,77.547964,Bus Stop Area,10,8,1,8,77,6,None,32.7,Medium,84.55,"12.955404,77.547979 -> 12.952011,77.55045 -> 12.954726,77.546043 -> 12.953529,77.544585 -> 12.955121,77.547308 -> 12.952317,77.547882",True,dad,Relative,Notify selected relative
785,"College Road, Visakhapatnam",Visakhapatnam,17.688211,83.249823,College Road,7,3,6,0,67,6,None,43.84,Medium,67.71,"17.68782,83.251732 -> 17.689213,83.248757 -> 17.687899,83.249452 -> 17.689474,83.248905 -> 17.687235,83.254745 -> 17.69056,83.247921",True,call police,Emergency,Trigger emergency alert and share location
786,"Market Road, Hyderabad",Hyderabad,17.404983,78.490842,Market Road,5,3,2,4,98,2,Abduction,57.86,Medium,51.89,"17.405326,78.493816 -> 17.405847,78.490687 -> 17.407588,78.491425 -> 17.405287,78.491627",True,call police,Emergency,Trigger emergency alert and share location
787,"Main Road, Vijayawada",Vijayawada,16.502924,80.648323,Main Road,10,6,2,0,91,1,None,48.11,Medium,57.95,"16.501046,80.645827 -> 16.499444,80.646124 -> 16.502488,80.648581 -> 16.502246,80.642434 -> 16.50686,80.651039",True,call my father,Relative,Notify selected relative
788,"Park Road, Vijayawada",Vijayawada,16.521802,80.714762,Park Road,6,5,6,1,6,4,Theft,34.14,Medium,69.48,"16.526521,80.712349 -> 16.522399,80.711577 -> 16.521839,80.715727 -> 16.521415,80.716547",True,dad,Relative,Notify selected relative
789,"Park Road, Mumbai",Mumbai,19.079466,72.859415,Park Road,2,5,0,5,59,9,Harassment,49.84,Medium,52.43,"19.081493,72.857781 -> 19.081755,72.862472 -> 19.075294,72.862247 -> 19.084617,72.860045 -> 19.080964,72.862008 -> 19.078777,72.859871",True,help,Help,Trigger emergency alert and share location
790,"Bus Stop Area, Delhi",Delhi,28.567903,77.213852,Bus Stop Area,1,5,8,9,86,2,Stalking,47.77,Medium,65.82,"28.569193,77.216516 -> 28.565966,77.21252 -> 28.572642,77.213476 -> 28.568403,77.213684",True,mom,Relative,Notify selected relative
791,"Railway Station Road, Vijayawada",Vijayawada,16.477441,80.704824,Railway Station Road,10,7,7,1,81,9,Harassment,30.16,Medium,79.4,"16.474623,80.703697 -> 16.472437,80.703196 -> 16.475021,80.706368 -> 16.475757,80.707044",True,help me,Help,Trigger emergency alert and share location
792,"Bus Stop Area, Vijayawada",Vijayawada,16.555147,80.675341,Bus Stop Area,9,7,8,7,5,1,None,20.34,Low,94.68,"16.5555,80.671529 -> 16.554813,80.67319 -> 16.556883,80.681773 -> 16.556397,80.670363 -> 16.554244,80.675647 -> 16.555365,80.673514",True,dad,Relative,Notify selected relative
793,"Main Road, Vijayawada",Vijayawada,16.514785,80.604512,Main Road,1,8,4,9,32,7,Theft,36.0,Medium,68.38,"16.516399,80.601973 -> 16.516131,80.601088 -> 16.519197,80.602576 -> 16.514226,80.605339 -> 16.513372,80.604871",True,save me,Help,Trigger emergency alert and share location
794,"Main Road, Chennai",Chennai,13.102837,80.304321,Main Road,3,9,9,1,38,2,Robbery,36.95,Medium,74.6,"13.102407,80.303954 -> 13.10871,80.306696 -> 13.100532,80.304571 -> 13.101999,80.303983 -> 13.099763,80.303291 -> 13.107366,80.305769",True,help,Help,Trigger emergency alert and share location
795,"Park Road, Chennai",Chennai,12.995509,80.313285,Park Road,4,10,8,5,87,6,None,35.66,Medium,80.49,"12.994611,80.315078 -> 12.993361,80.312109 -> 12.999255,80.312606 -> 12.990835,80.313127 -> 12.995313,80.316281",True,call my sister,Relative,Notify selected relative
796,"College Road, Pune",Pune,18.520902,73.841945,College Road,4,8,9,5,2,3,Harassment,26.23,Low,90.2,"18.521204,73.84007 -> 18.523789,73.842429 -> 18.520909,73.84239",True,dad,Relative,Notify selected relative
797,"Market Road, Visakhapatnam",Visakhapatnam,17.649327,83.200032,Market Road,7,9,7,6,68,2,None,32.64,Medium,80.68,"17.64884,83.203213 -> 17.649871,83.202169 -> 17.64935,83.202673",True,mom,Relative,Notify selected relative
798,"Residential Street, Mumbai",Mumbai,19.089913,72.87817,Residential Street,6,7,9,5,49,3,Harassment,31.43,Medium,81.3,"19.087527,72.879437 -> 19.089812,72.876915 -> 19.092679,72.875044",True,help,Help,Trigger emergency alert and share location
799,"Industrial Road, Bengaluru",Bengaluru,12.956813,77.63057,Industrial Road,1,4,0,4,87,6,Robbery,61.11,High,44.06,"12.956693,77.631198 -> 12.957262,77.626778 -> 12.95594,77.634611 -> 12.955165,77.629774",True,help,Help,Trigger emergency alert and share location
800,"Bus Stop Area, Chennai",Chennai,13.063743,80.267654,Bus Stop Area,4,8,5,0,35,8,None,36.93,Medium,65.85,"13.06496,80.268147 -> 13.065677,80.265027 -> 13.062892,80.26709 -> 13.064882,80.265671 -> 13.066032,80.27062 -> 13.061271,80.266427 -> 13.062413,80.274235",True,save me,Help,Trigger emergency alert and share location
801,"Residential Street, Delhi",Delhi,28.598853,77.267717,Residential Street,5,10,8,7,21,9,Stalking,18.8,Low,87.77,"28.596379,77.266 -> 28.596739,77.267047 -> 28.597081,77.265669 -> 28.601749,77.270776",True,dad,Relative,Notify selected relative
802,"Residential Street, Vijayawada",Vijayawada,16.539425,80.66634,Residential Street,10,3,1,2,33,10,Assault,34.34,Medium,76.02,"16.538182,80.663957 -> 16.540332,80.663406 -> 16.53694,80.669222 -> 16.544177,80.667323",True,mom,Relative,Notify selected relative
803,"Bus Stop Area, Chennai",Chennai,13.121426,80.262095,Bus Stop Area,1,9,9,4,87,9,Sexual Harassment,39.3,Medium,62.12,"13.122956,80.263518 -> 13.121605,80.261489 -> 13.123832,80.259631 -> 13.119492,80.259575 -> 13.121638,80.259375 -> 13.119715,80.260331",False,none,No Alert,No action
804,"College Road, Visakhapatnam",Visakhapatnam,17.677679,83.166442,College Road,7,7,4,1,87,9,Harassment,40.66,Medium,68.08,"17.680797,83.166781 -> 17.681532,83.169777 -> 17.679623,83.166629 -> 17.677735,83.168351 -> 17.6767,83.161736 -> 17.678909,83.163614",True,call my sister,Relative,Notify selected relative
805,"Bus Stop Area, Visakhapatnam",Visakhapatnam,17.653125,83.218508,Bus Stop Area,1,5,6,8,57,6,None,43.16,Medium,65.77,"17.649595,83.218922 -> 17.65554,83.215687 -> 17.656306,83.214608",True,call my father,Relative,Notify selected relative
806,"Main Road, Hyderabad",Hyderabad,17.459106,78.472306,Main Road,4,7,1,3,25,3,None,43.98,Medium,62.55,"17.454376,78.472151 -> 17.459677,78.472091 -> 17.457698,78.46994 -> 17.461932,78.472383 -> 17.462958,78.47099",True,call police,Emergency,Trigger emergency alert and share location
807,"Main Road, Hyderabad",Hyderabad,17.369782,78.515246,Main Road,8,7,0,9,80,6,None,38.64,Medium,65.95,"17.366748,78.51799 -> 17.366852,78.510698 -> 17.374453,78.511761 -> 17.370242,78.515419 -> 17.362755,78.514578",True,save me,Help,Trigger emergency alert and share location
808,"College Road, Bengaluru",Bengaluru,12.987294,77.607001,College Road,1,6,8,3,9,10,Assault,32.34,Medium,79.08,"12.986325,77.608782 -> 12.985571,77.603475 -> 12.98405,77.603346 -> 12.989818,77.603215 -> 12.987979,77.606336 -> 12.987037,77.61041 -> 12.986198,77.60853",True,call my sister,Relative,Notify selected relative
809,"Residential Street, Mumbai",Mumbai,19.077315,72.872379,Residential Street,2,1,0,6,40,2,Sexual Harassment,57.73,Medium,59.57,"19.073712,72.875602 -> 19.078956,72.87118 -> 19.081388,72.867759 -> 19.076011,72.869358",False,none,No Alert,No action
810,"Main Road, Mumbai",Mumbai,19.090423,72.838743,Main Road,5,10,10,6,8,2,None,21.27,Low,94.09,"19.089957,72.837545 -> 19.091395,72.838071 -> 19.087701,72.845746",True,mom,Relative,Notify selected relative
811,"Park Road, Delhi",Delhi,28.596849,77.131384,Park Road,2,10,6,3,76,10,Harassment,38.45,Medium,64.03,"28.593681,77.133449 -> 28.597653,77.132381 -> 28.595924,77.130686",True,call my sister,Relative,Notify selected relative
812,"Residential Street, Delhi",Delhi,28.600917,77.206158,Residential Street,6,1,7,8,42,10,None,32.14,Medium,85.94,"28.601757,77.207408 -> 28.602166,77.208369 -> 28.601637,77.207055 -> 28.603889,77.204495",True,help,Help,Trigger emergency alert and share location
813,"Bus Stop Area, Hyderabad",Hyderabad,17.355049,78.445193,Bus Stop Area,10,3,10,8,32,6,Assault,20.09,Low,99.42,"17.350415,78.446348 -> 17.354776,78.44803 -> 17.353369,78.444685 -> 17.357855,78.448651 -> 17.353349,78.445647 -> 17.355785,78.446127",True,call my sister,Relative,Notify selected relative
814,"Market Road, Mumbai",Mumbai,19.06681,72.922548,Market Road,4,3,0,0,16,5,Theft,50.27,Medium,43.48,"19.065757,72.923668 -> 19.067953,72.92593 -> 19.069806,72.921834 -> 19.07006,72.920763 -> 19.069137,72.927074 -> 19.069847,72.922812 -> 19.065981,72.918727",True,call my father,Relative,Notify selected relative
815,"Railway Station Road, Pune",Pune,18.531269,73.817667,Railway Station Road,10,9,2,2,60,5,None,33.64,Medium,72.8,"18.528292,73.816516 -> 18.531199,73.818351 -> 18.529768,73.82034 -> 18.530748,73.815698 -> 18.531835,73.822576 -> 18.532107,73.81676 -> 18.52745,73.817118",True,call my mother,Relative,Notify selected relative
816,"Market Road, Visakhapatnam",Visakhapatnam,17.695022,83.204935,Market Road,1,4,8,8,6,7,Abduction,32.77,Medium,69.3,"17.692896,83.208571 -> 17.698607,83.202718 -> 17.696704,83.201989 -> 17.698533,83.205548 -> 17.697396,83.200647",True,save me,Help,Trigger emergency alert and share location
817,"Residential Street, Bengaluru",Bengaluru,12.995317,77.594331,Residential Street,6,4,10,7,88,8,Sexual Harassment,34.0,Medium,84.96,"12.997604,77.594495 -> 12.993815,77.59628 -> 12.995167,77.592149 -> 12.993017,77.590638 -> 12.994041,77.597088 -> 12.995762,77.593007 -> 12.997329,77.59225",True,call my mother,Relative,Notify selected relative
818,"Railway Station Road, Pune",Pune,18.523737,73.850413,Railway Station Road,7,6,2,1,58,1,Sexual Harassment,47.41,Medium,63.79,"18.519794,73.848288 -> 18.519641,73.849764 -> 18.526766,73.849149 -> 18.52246,73.852592 -> 18.526408,73.850192 -> 18.525449,73.847721",True,save me,Help,Trigger emergency alert and share location
819,"Bus Stop Area, Bengaluru",Bengaluru,13.019829,77.669805,Bus Stop Area,8,10,3,3,61,6,Harassment,32.89,Medium,79.72,"13.014618,77.668409 -> 13.021361,77.668751 -> 13.023009,77.671275 -> 13.018063,77.669886 -> 13.017594,77.669349 -> 13.018443,77.672742",True,save me,Help,Trigger emergency alert and share location
820,"College Road, Visakhapatnam",Visakhapatnam,17.76086,83.168408,College Road,1,2,5,0,71,2,Harassment,61.75,High,31.93,"17.760247,83.164612 -> 17.760976,83.17028 -> 17.764595,83.168911 -> 17.760377,83.163462",True,call police,Emergency,Trigger emergency alert and share location
821,"Main Road, Pune",Pune,18.521316,73.859195,Main Road,1,4,3,4,22,4,None,48.5,Medium,59.79,"18.519545,73.858107 -> 18.517621,73.853467 -> 18.518545,73.855269 -> 18.522158,73.8579 -> 18.51997,73.856734",True,help me,Help,Trigger emergency alert and share location
822,"Market Road, Bengaluru",Bengaluru,12.85846,77.647391,Market Road,4,1,2,4,12,1,Stalking,49.64,Medium,52.36,"12.857429,77.643754 -> 12.86089,77.64775 -> 12.856394,77.64641 -> 12.862655,77.647209",True,call my father,Relative,Notify selected relative
823,"College Road, Hyderabad",Hyderabad,17.378639,78.453752,College Road,4,5,7,3,47,6,Abduction,39.3,Medium,60.03,"17.378239,78.454566 -> 17.381388,78.448131 -> 17.375826,78.4523 -> 17.37863,78.453389",True,mom,Relative,Notify selected relative
824,"Residential Street, Delhi",Delhi,28.609641,77.223283,Residential Street,2,3,2,3,24,9,None,46.09,Medium,54.09,"28.611976,77.224367 -> 28.608841,77.227285 -> 28.613532,77.225615 -> 28.602095,77.22723 -> 28.611628,77.228299 -> 28.612735,77.227229",True,call my mother,Relative,Notify selected relative
825,"Bus Stop Area, Delhi",Delhi,28.644653,77.256204,Bus Stop Area,1,10,9,3,68,5,None,39.45,Medium,77.92,"28.645194,77.252273 -> 28.643884,77.257179 -> 28.64484,77.253088 -> 28.640575,77.254351",True,call my mother,Relative,Notify selected relative
826,"Market Road, Chennai",Chennai,13.110971,80.326012,Market Road,9,10,7,3,93,2,None,34.34,Medium,83.04,"13.113615,80.32581 -> 13.106616,80.324874 -> 13.110324,80.324769 -> 13.111108,80.327116 -> 13.113104,80.325317 -> 13.106212,80.324805",True,dad,Relative,Notify selected relative
827,"College Road, Delhi",Delhi,28.61543,77.251798,College Road,8,9,7,2,41,6,Stalking,26.52,Low,81.94,"28.616711,77.252523 -> 28.61554,77.254124 -> 28.613778,77.25036 -> 28.6154,77.250198 -> 28.6167,77.250015 -> 28.615996,77.251548 -> 28.615967,77.250649",True,call my sister,Relative,Notify selected relative
828,"Industrial Road, Mumbai",Mumbai,19.064132,72.88106,Industrial Road,5,10,6,10,74,1,Sexual Harassment,34.5,Medium,80.51,"19.064121,72.885323 -> 19.061655,72.880899 -> 19.060198,72.88199 -> 19.061344,72.880364",True,save me,Help,Trigger emergency alert and share location
829,"Bus Stop Area, Mumbai",Mumbai,19.062978,72.887531,Bus Stop Area,7,4,4,6,48,10,None,33.09,Medium,75.95,"19.06149,72.891121 -> 19.063689,72.886128 -> 19.062351,72.891644 -> 19.06239,72.885808",True,call my mother,Relative,Notify selected relative
830,"Market Road, Hyderabad",Hyderabad,17.361025,78.467481,Market Road,2,5,7,8,45,4,Harassment,39.89,Medium,67.84,"17.357826,78.46467 -> 17.358952,78.46896 -> 17.360072,78.466963 -> 17.3642,78.470719 -> 17.36032,78.465904 -> 17.358864,78.469213 -> 17.360513,78.466515",False,none,No Alert,No action
831,"Park Road, Pune",Pune,18.491922,73.829762,Park Road,8,8,6,6,47,8,Harassment,24.75,Low,90.45,"18.488633,73.832249 -> 18.490587,73.829388 -> 18.48858,73.829731 -> 18.491101,73.829637 -> 18.495601,73.830206",True,call police,Emergency,Trigger emergency alert and share location
832,"Industrial Road, Vijayawada",Vijayawada,16.478387,80.623104,Industrial Road,4,5,10,1,45,2,Theft,40.34,Medium,71.53,"16.481634,80.623809 -> 16.480109,80.624628 -> 16.481935,80.61823 -> 16.480055,80.625563 -> 16.47504,80.62089",True,mom,Relative,Notify selected relative
833,"Railway Station Road, Hyderabad",Hyderabad,17.355223,78.461192,Railway Station Road,4,2,1,1,46,1,None,57.77,Medium,44.22,"17.35583,78.463356 -> 17.357926,78.459097 -> 17.353111,78.464482 -> 17.35684,78.461399 -> 17.356406,78.461117 -> 17.356534,78.460352 -> 17.355895,78.457416",True,save me,Help,Trigger emergency alert and share location
834,"Railway Station Road, Pune",Pune,18.496328,73.833005,Railway Station Road,5,5,3,9,17,9,Assault,29.98,Low,79.95,"18.494012,73.831671 -> 18.492542,73.834377 -> 18.496122,73.828742 -> 18.494241,73.833847 -> 18.49497,73.831263",False,none,No Alert,No action
835,"College Road, Chennai",Chennai,13.080089,80.282726,College Road,7,7,9,10,1,8,Sexual Harassment,12.89,Low,97.03,"13.081464,80.280725 -> 13.080044,80.282637 -> 13.078771,80.280167 -> 13.079375,80.286789 -> 13.076685,80.286957 -> 13.07944,80.282814 -> 13.077372,80.280798",True,help me,Help,Trigger emergency alert and share location
836,"Bus Stop Area, Bengaluru",Bengaluru,12.953998,77.558001,Bus Stop Area,4,8,3,8,75,9,None,37.84,Medium,71.41,"12.95298,77.562628 -> 12.951083,77.558258 -> 12.954618,77.555325 -> 12.955715,77.557005 -> 12.947767,77.559651 -> 12.951206,77.555382",True,call my sister,Relative,Notify selected relative
837,"College Road, Hyderabad",Hyderabad,17.409077,78.474549,College Road,4,7,6,3,56,8,Harassment,37.55,Medium,75.34,"17.412102,78.472937 -> 17.41106,78.47266 -> 17.41466,78.472817 -> 17.411642,78.476658 -> 17.409867,78.472873 -> 17.408699,78.469165 -> 17.409638,78.475423",False,none,No Alert,No action
838,"Railway Station Road, Vijayawada",Vijayawada,16.510872,80.543934,Railway Station Road,1,8,10,5,43,4,Stalking,35.93,Medium,67.04,"16.509002,80.544663 -> 16.511595,80.543508 -> 16.51246,80.541368 -> 16.512398,80.545121 -> 16.511816,80.543479 -> 16.515449,80.545167",True,call my father,Relative,Notify selected relative
839,"Railway Station Road, Delhi",Delhi,28.580008,77.217691,Railway Station Road,6,10,0,9,100,1,Abduction,45.91,Medium,68.95,"28.578538,77.220414 -> 28.580963,77.211835 -> 28.580757,77.216676 -> 28.581351,77.220052",True,help me,Help,Trigger emergency alert and share location
840,"Park Road, Pune",Pune,18.527231,73.914984,Park Road,7,4,6,1,68,7,None,40.82,Medium,67.59,"18.528793,73.916996 -> 18.526988,73.916931 -> 18.525744,73.913928 -> 18.52395,73.915588",True,call my sister,Relative,Notify selected relative
841,"Railway Station Road, Mumbai",Mumbai,19.087384,72.918974,Railway Station Road,2,3,1,10,70,3,Harassment,53.86,Medium,59.19,"19.086672,72.916029 -> 19.088466,72.921751 -> 19.089272,72.921685",True,dad,Relative,Notify selected relative
842,"Bus Stop Area, Vijayawada",Vijayawada,16.498784,80.631668,Bus Stop Area,2,7,4,3,29,5,Harassment,42.34,Medium,59.67,"16.498644,80.631472 -> 16.499301,80.631345 -> 16.49845,80.629726 -> 16.501138,80.631859 -> 16.498348,80.629799 -> 16.495454,80.634938 -> 16.500171,80.627608",True,help,Help,Trigger emergency alert and share location
843,"Main Road, Pune",Pune,18.54711,73.888987,Main Road,3,6,6,6,20,2,Harassment,37.73,Medium,72.49,"18.551105,73.889529 -> 18.543568,73.8899 -> 18.547722,73.887479 -> 18.548544,73.884818",True,mom,Relative,Notify selected relative
844,"Park Road, Hyderabad",Hyderabad,17.41967,78.455966,Park Road,4,3,3,4,55,8,Theft,46.02,Medium,56.55,"17.419385,78.457048 -> 17.42008,78.454109 -> 17.418405,78.453133 -> 17.419108,78.458654",True,dad,Relative,Notify selected relative
845,"Bus Stop Area, Chennai",Chennai,13.082551,80.300779,Bus Stop Area,9,8,4,3,0,3,Robbery,25.45,Low,93.12,"13.081081,80.300313 -> 13.087979,80.30439 -> 13.07837,80.301747 -> 13.082552,80.302845 -> 13.080689,80.29868 -> 13.080861,80.299349",True,help,Help,Trigger emergency alert and share location
846,"College Road, Bengaluru",Bengaluru,13.000136,77.553258,College Road,10,8,7,7,73,1,Stalking,29.34,Low,83.95,"12.995663,77.555776 -> 13.003314,77.55244 -> 12.999391,77.554391",True,call police,Emergency,Trigger emergency alert and share location
847,"College Road, Mumbai",Mumbai,19.127607,72.892001,College Road,5,7,9,2,53,4,Assault,35.7,Medium,70.71,"19.12356,72.889213 -> 19.12779,72.890363 -> 19.128094,72.890619 -> 19.124962,72.889058",True,dad,Relative,Notify selected relative
848,"Park Road, Mumbai",Mumbai,19.130682,72.908815,Park Road,3,10,1,6,89,1,None,50.98,Medium,64.78,"19.132032,72.90774 -> 19.13399,72.908732 -> 19.131234,72.908708 -> 19.123315,72.912827",True,help me,Help,Trigger emergency alert and share location
849,"Residential Street, Chennai",Chennai,13.099885,80.282244,Residential Street,4,8,6,8,15,6,Theft,26.93,Low,84.56,"13.100294,80.280751 -> 13.101426,80.278976 -> 13.10035,80.283648",True,help,Help,Trigger emergency alert and share location
850,"Park Road, Pune",Pune,18.513447,73.86968,Park Road,8,3,4,3,64,1,None,46.09,Medium,59.45,"18.511032,73.870272 -> 18.515143,73.864993 -> 18.514752,73.868322 -> 18.512965,73.866331 -> 18.511318,73.872095 -> 18.513529,73.868723",False,none,No Alert,No action
851,"Park Road, Mumbai",Mumbai,19.071923,72.894822,Park Road,6,7,3,6,4,1,Stalking,33.36,Medium,79.34,"19.071735,72.897554 -> 19.074349,72.895855 -> 19.07206,72.896465 -> 19.072709,72.897474 -> 19.074172,72.892276",True,help,Help,Trigger emergency alert and share location
852,"College Road, Vijayawada",Vijayawada,16.468191,80.623456,College Road,8,8,7,1,10,9,None,21.14,Low,94.34,"16.46425,80.624443 -> 16.469097,80.626363 -> 16.468642,80.620098 -> 16.465793,80.620501",True,call my sister,Relative,Notify selected relative
853,"Market Road, Chennai",Chennai,13.063872,80.264298,Market Road,3,1,9,1,22,5,Assault,42.59,Medium,59.18,"13.067549,80.260985 -> 13.067237,80.267261 -> 13.066118,80.262564",True,mom,Relative,Notify selected relative
854,"Residential Street, Vijayawada",Vijayawada,16.518186,80.603292,Residential Street,1,5,2,7,45,3,Sexual Harassment,50.34,Medium,60.91,"16.518001,80.602269 -> 16.515127,80.597098 -> 16.51559,80.606074 -> 16.517179,80.602869",False,none,No Alert,No action
855,"Industrial Road, Bengaluru",Bengaluru,12.994544,77.657798,Industrial Road,1,9,10,10,91,2,Harassment,39.48,Medium,79.95,"12.992113,77.652942 -> 13.000443,77.66347 -> 12.995015,77.654622 -> 12.996952,77.657528 -> 12.994262,77.660034 -> 12.99538,77.654833",True,call police,Emergency,Trigger emergency alert and share location
856,"Main Road, Visakhapatnam",Visakhapatnam,17.675434,83.24164,Main Road,7,4,3,5,30,4,Harassment,37.95,Medium,75.2,"17.676089,83.243974 -> 17.67453,83.242087 -> 17.666995,83.240516",False,none,No Alert,No action
857,"College Road, Visakhapatnam",Visakhapatnam,17.713537,83.204836,College Road,4,2,3,1,85,3,Harassment,59.43,Medium,43.64,"17.710933,83.207344 -> 17.714908,83.2069 -> 17.709221,83.204435 -> 17.712837,83.204135",False,none,No Alert,No action
858,"College Road, Hyderabad",Hyderabad,17.363439,78.474586,College Road,6,9,10,3,79,4,Sexual Harassment,33.02,Medium,83.13,"17.358657,78.479029 -> 17.364649,78.47448 -> 17.365706,78.470956 -> 17.361777,78.474283 -> 17.366853,78.47447 -> 17.364564,78.473112 -> 17.364656,78.478779",True,call my father,Relative,Notify selected relative
859,"Bus Stop Area, Hyderabad",Hyderabad,17.419843,78.483849,Bus Stop Area,4,2,5,5,22,1,None,44.86,Medium,67.71,"17.421287,78.485115 -> 17.422623,78.48661 -> 17.419525,78.485454 -> 17.418885,78.481541 -> 17.419169,78.483658 -> 17.415689,78.486",True,call my mother,Relative,Notify selected relative
860,"Industrial Road, Bengaluru",Bengaluru,12.874744,77.689619,Industrial Road,4,2,10,4,83,10,None,40.48,Medium,78.03,"12.874091,77.689643 -> 12.875501,77.688146 -> 12.875226,77.689259 -> 12.874508,77.690073 -> 12.87146,77.689718",False,none,No Alert,No action
861,"Park Road, Bengaluru",Bengaluru,12.977321,77.59911,Park Road,5,10,7,1,91,9,None,36.75,Medium,70.37,"12.980166,77.598226 -> 12.977889,77.602353 -> 12.977123,77.599646 -> 12.97708,77.602203 -> 12.976677,77.602318 -> 12.977062,77.596961 -> 12.979019,77.598348",True,help me,Help,Trigger emergency alert and share location
862,"College Road, Hyderabad",Hyderabad,17.406718,78.391171,College Road,7,3,5,2,81,6,None,45.61,Medium,63.91,"17.405569,78.388513 -> 17.405335,78.389737 -> 17.406598,78.387753 -> 17.407509,78.394587 -> 17.40742,78.393193 -> 17.409454,78.394262",True,help,Help,Trigger emergency alert and share location
863,"Park Road, Mumbai",Mumbai,19.141455,72.860228,Park Road,9,4,8,9,90,1,Theft,36.14,Medium,77.77,"19.143414,72.861999 -> 19.143394,72.864951 -> 19.141483,72.861293 -> 19.139004,72.865566",False,none,No Alert,No action
864,"Railway Station Road, Hyderabad",Hyderabad,17.373221,78.475912,Railway Station Road,4,7,3,9,10,1,Harassment,35.23,Medium,74.04,"17.371609,78.474088 -> 17.371912,78.472498 -> 17.371258,78.480784 -> 17.37506,78.478227",True,call my mother,Relative,Notify selected relative
865,"Market Road, Bengaluru",Bengaluru,13.012802,77.658795,Market Road,7,4,10,0,30,10,None,27.5,Low,74.24,"13.009727,77.656786 -> 13.011628,77.658044 -> 13.011685,77.659343 -> 13.01289,77.656988 -> 13.007363,77.656313 -> 13.011429,77.658177",True,call my mother,Relative,Notify selected relative
866,"Main Road, Pune",Pune,18.480862,73.839522,Main Road,9,7,10,4,96,1,None,34.82,Medium,74.53,"18.480547,73.836839 -> 18.47874,73.83625 -> 18.480478,73.837356 -> 18.483129,73.840537",True,call my mother,Relative,Notify selected relative
867,"Main Road, Bengaluru",Bengaluru,12.969155,77.566688,Main Road,4,4,9,6,66,6,Stalking,38.23,Medium,75.58,"12.970882,77.567045 -> 12.973164,77.567837 -> 12.971439,77.567022 -> 12.970844,77.564696",True,call my sister,Relative,Notify selected relative
868,"Industrial Road, Hyderabad",Hyderabad,17.368956,78.498928,Industrial Road,2,4,0,10,18,4,None,44.68,Medium,65.63,"17.370225,78.501679 -> 17.365394,78.496492 -> 17.36953,78.497117 -> 17.3774,78.500217",True,help,Help,Trigger emergency alert and share location
869,"Bus Stop Area, Bengaluru",Bengaluru,12.968858,77.576559,Bus Stop Area,9,2,6,7,39,3,Harassment,33.48,Medium,79.22,"12.968933,77.576839 -> 12.967716,77.575876 -> 12.972219,77.58002 -> 12.969488,77.573206",True,save me,Help,Trigger emergency alert and share location
870,"Railway Station Road, Bengaluru",Bengaluru,12.990448,77.649,Railway Station Road,5,10,7,10,25,5,Abduction,21.7,Low,99.64,"12.992284,77.652556 -> 12.990581,77.65057 -> 12.988746,77.649731 -> 12.993772,77.647526 -> 12.988294,77.649244 -> 12.989881,77.650623",True,help,Help,Trigger emergency alert and share location
871,"Park Road, Pune",Pune,18.504536,73.916845,Park Road,7,3,7,7,54,9,Assault,31.32,Medium,76.23,"18.50767,73.914933 -> 18.500046,73.91744 -> 18.503899,73.914071 -> 18.500333,73.916824 -> 18.506976,73.918307 -> 18.504678,73.918042 -> 18.504468,73.913271",True,call my father,Relative,Notify selected relative
872,"Main Road, Mumbai",Mumbai,19.026269,72.870589,Main Road,7,7,1,4,76,9,Assault,40.27,Medium,67.82,"19.028396,72.872482 -> 19.027782,72.869888 -> 19.022817,72.871619 -> 19.027582,72.864618",True,mom,Relative,Notify selected relative
873,"Park Road, Chennai",Chennai,13.053498,80.246513,Park Road,8,5,7,4,48,9,None,28.55,Low,84.75,"13.05149,80.246418 -> 13.052972,80.246115 -> 13.051707,80.244916 -> 13.050797,80.247463 -> 13.054926,80.244586 -> 13.0573,80.245726 -> 13.057323,80.244908",True,call my sister,Relative,Notify selected relative
874,"Industrial Road, Vijayawada",Vijayawada,16.43527,80.662077,Industrial Road,4,3,3,0,1,9,Harassment,40.16,Medium,65.78,"16.435356,80.660471 -> 16.435184,80.660799 -> 16.434514,80.664181 -> 16.435731,80.663602 -> 16.43469,80.661222",True,call my sister,Relative,Notify selected relative
875,"Park Road, Delhi",Delhi,28.573528,77.196049,Park Road,6,7,7,4,82,10,Sexual Harassment,33.95,Medium,60.54,"28.572052,77.195844 -> 28.574937,77.195377 -> 28.574397,77.1906",True,call my father,Relative,Notify selected relative
876,"Park Road, Hyderabad",Hyderabad,17.383011,78.427917,Park Road,10,3,3,6,32,6,Stalking,31.45,Medium,76.2,"17.382543,78.431108 -> 17.383939,78.427963 -> 17.382962,78.426133 -> 17.381651,78.428985 -> 17.379548,78.4294 -> 17.38204,78.429981 -> 17.385414,78.423734",True,call my sister,Relative,Notify selected relative
877,"Main Road, Pune",Pune,18.500045,73.826757,Main Road,7,7,3,3,61,1,Stalking,43.34,Medium,56.8,"18.497464,73.83286 -> 18.501569,73.83155 -> 18.502118,73.824902 -> 18.499091,73.828228 -> 18.501139,73.825314",False,none,No Alert,No action
878,"Railway Station Road, Vijayawada",Vijayawada,16.45335,80.763072,Railway Station Road,10,8,10,2,32,4,Abduction,20.55,Low,93.15,"16.452536,80.763355 -> 16.452743,80.763379 -> 16.456567,80.762761 -> 16.450443,80.762668 -> 16.452189,80.766632 -> 16.456278,80.763341 -> 16.450153,80.760007",True,dad,Relative,Notify selected relative
879,"Main Road, Vijayawada",Vijayawada,16.506729,80.659771,Main Road,2,2,10,6,50,10,Sexual Harassment,37.05,Medium,71.88,"16.505529,80.658289 -> 16.506671,80.653814 -> 16.503976,80.658203",True,mom,Relative,Notify selected relative
880,"Market Road, Delhi",Delhi,28.656163,77.180517,Market Road,7,5,4,8,68,7,Assault,35.82,Medium,78.28,"28.656729,77.183762 -> 28.659319,77.180373 -> 28.654974,77.178857 -> 28.65556,77.179432 -> 28.657547,77.181568 -> 28.657643,77.183665 -> 28.66082,77.180829",True,call police,Emergency,Trigger emergency alert and share location
881,"Residential Street, Hyderabad",Hyderabad,17.423481,78.474392,Residential Street,10,6,2,4,95,4,None,42.39,Medium,75.34,"17.426135,78.476913 -> 17.423716,78.472721 -> 17.419995,78.474292 -> 17.427314,78.473617 -> 17.425444,78.476502 -> 17.422772,78.477683",True,call police,Emergency,Trigger emergency alert and share location
882,"Industrial Road, Vijayawada",Vijayawada,16.404397,80.605204,Industrial Road,1,2,1,6,67,7,None,56.57,Medium,44.35,"16.402348,80.606045 -> 16.405122,80.606189 -> 16.405887,80.602829 -> 16.401352,80.606195 -> 16.402821,80.601278",True,call my father,Relative,Notify selected relative
883,"Market Road, Pune",Pune,18.554397,73.905529,Market Road,3,4,7,2,64,2,Robbery,49.73,Medium,65.36,"18.554865,73.907094 -> 18.557822,73.903925 -> 18.557174,73.906217 -> 18.556681,73.905994 -> 18.557638,73.906088 -> 18.550687,73.909159",True,dad,Relative,Notify selected relative
884,"Bus Stop Area, Vijayawada",Vijayawada,16.473036,80.691857,Bus Stop Area,1,3,3,4,52,8,Sexual Harassment,51.0,Medium,53.65,"16.475976,80.694694 -> 16.474111,80.693128 -> 16.474093,80.686822 -> 16.473332,80.689067 -> 16.473464,80.689 -> 16.470074,80.695869 -> 16.47571,80.691847",True,help,Help,Trigger emergency alert and share location
885,"Residential Street, Vijayawada",Vijayawada,16.512667,80.639323,Residential Street,5,2,6,1,35,2,Theft,46.48,Medium,64.07,"16.510977,80.641807 -> 16.512034,80.638273 -> 16.512721,80.637845 -> 16.513489,80.63798 -> 16.513838,80.642363",False,none,No Alert,No action
886,"Industrial Road, Mumbai",Mumbai,19.050824,72.87313,Industrial Road,2,1,0,4,96,1,None,69.36,High,37.34,"19.049734,72.874291 -> 19.052212,72.875838 -> 19.049309,72.870773 -> 19.050055,72.870711 -> 19.052235,72.870226 -> 19.056657,72.87637 -> 19.050855,72.875298",False,none,No Alert,No action
887,"Park Road, Visakhapatnam",Visakhapatnam,17.629512,83.306818,Park Road,10,9,4,7,60,6,None,25.45,Low,86.49,"17.629211,83.302178 -> 17.630728,83.304052 -> 17.629766,83.305457 -> 17.626818,83.304807 -> 17.630076,83.303614 -> 17.62764,83.308476 -> 17.636018,83.308012",True,call my father,Relative,Notify selected relative
888,"College Road, Pune",Pune,18.488296,73.843851,College Road,4,6,10,6,48,10,Sexual Harassment,27.64,Low,84.92,"18.487422,73.846109 -> 18.48884,73.846121 -> 18.48751,73.847165",True,call my mother,Relative,Notify selected relative
889,"Main Road, Hyderabad",Hyderabad,17.379173,78.452708,Main Road,8,7,2,0,77,2,Abduction,47.25,Medium,71.04,"17.374611,78.450861 -> 17.377605,78.458979 -> 17.38369,78.456443 -> 17.378346,78.458773 -> 17.380094,78.455151 -> 17.379622,78.452584 -> 17.378544,78.452184",True,call police,Emergency,Trigger emergency alert and share location
890,"College Road, Bengaluru",Bengaluru,12.992897,77.607452,College Road,8,10,10,10,60,9,None,14.09,Low,100.0,"12.996671,77.600035 -> 12.994172,77.609246 -> 12.995764,77.60729 -> 12.993417,77.609917 -> 12.996625,77.606701 -> 12.993564,77.611648",True,save me,Help,Trigger emergency alert and share location
891,"Main Road, Pune",Pune,18.446059,73.83255,Main Road,6,1,5,10,56,4,Harassment,40.73,Medium,80.9,"18.44879,73.833856 -> 18.444938,73.830345 -> 18.444581,73.83642 -> 18.444488,73.832804 -> 18.444175,73.834657 -> 18.444712,73.832306 -> 18.441851,73.828517",True,call my sister,Relative,Notify selected relative
892,"College Road, Hyderabad",Hyderabad,17.385269,78.440319,College Road,7,8,10,1,93,7,None,33.89,Medium,87.94,"17.380115,78.438319 -> 17.385311,78.439406 -> 17.382509,78.437924 -> 17.382792,78.439602 -> 17.390149,78.440514",True,dad,Relative,Notify selected relative
893,"Main Road, Vijayawada",Vijayawada,16.547602,80.665744,Main Road,3,8,1,4,86,9,Sexual Harassment,47.77,Medium,63.5,"16.540602,80.664983 -> 16.55087,80.664315 -> 16.552008,80.669454 -> 16.546429,80.664486 -> 16.545068,80.66417 -> 16.544521,80.666816",True,help me,Help,Trigger emergency alert and share location
894,"Industrial Road, Hyderabad",Hyderabad,17.334038,78.507831,Industrial Road,9,4,3,3,21,2,Abduction,36.52,Medium,77.42,"17.329885,78.511706 -> 17.335322,78.509705 -> 17.332141,78.509387",True,call my father,Relative,Notify selected relative
895,"Market Road, Visakhapatnam",Visakhapatnam,17.726224,83.215049,Market Road,6,7,4,3,92,5,Stalking,45.09,Medium,73.82,"17.726334,83.217901 -> 17.726957,83.216513 -> 17.722046,83.215977 -> 17.724387,83.212933 -> 17.730584,83.214515 -> 17.723716,83.214151",True,help,Help,Trigger emergency alert and share location
896,"Residential Street, Mumbai",Mumbai,19.030484,72.927886,Residential Street,6,4,9,9,8,6,Stalking,22.64,Low,89.49,"19.031807,72.931276 -> 19.029234,72.929216 -> 19.027909,72.934 -> 19.032825,72.927404 -> 19.028552,72.927601 -> 19.029634,72.932768",True,call my father,Relative,Notify selected relative
897,"Bus Stop Area, Delhi",Delhi,28.571006,77.213718,Bus Stop Area,4,5,1,4,11,2,Assault,44.48,Medium,61.93,"28.570712,77.213446 -> 28.570716,77.215901 -> 28.572528,77.214765",True,call my mother,Relative,Notify selected relative
898,"Residential Street, Bengaluru",Bengaluru,12.86541,77.605093,Residential Street,10,6,2,5,48,10,None,28.55,Low,75.68,"12.867026,77.608779 -> 12.863094,77.604439 -> 12.863912,77.608182",True,call police,Emergency,Trigger emergency alert and share location
899,"Park Road, Bengaluru",Bengaluru,12.974926,77.655092,Park Road,7,6,5,10,16,9,None,21.18,Low,95.99,"12.975532,77.655263 -> 12.976971,77.650748 -> 12.975139,77.654917 -> 12.97674,77.654623 -> 12.972329,77.65511 -> 12.972219,77.650279 -> 12.976744,77.65654",True,dad,Relative,Notify selected relative
900,"Main Road, Delhi",Delhi,28.630248,77.254602,Main Road,9,8,5,2,37,4,None,29.98,Low,77.8,"28.62667,77.254427 -> 28.629379,77.252496 -> 28.630048,77.253073 -> 28.625658,77.253499 -> 28.627407,77.255181 -> 28.628608,77.257381",True,call my sister,Relative,Notify selected relative
901,"Market Road, Chennai",Chennai,13.138835,80.294478,Market Road,1,10,5,4,64,2,Harassment,46.09,Medium,52.25,"13.142598,80.298417 -> 13.138882,80.297785 -> 13.137456,80.289812 -> 13.136934,80.298801 -> 13.135107,80.294477",True,dad,Relative,Notify selected relative
902,"Industrial Road, Bengaluru",Bengaluru,12.972795,77.576646,Industrial Road,5,7,0,5,19,4,Sexual Harassment,39.84,Medium,65.44,"12.972976,77.575241 -> 12.96924,77.577184 -> 12.975478,77.57882 -> 12.970771,77.573518",False,none,No Alert,No action
903,"Industrial Road, Vijayawada",Vijayawada,16.496253,80.702873,Industrial Road,7,5,10,2,2,9,Harassment,20.77,Low,94.46,"16.498013,80.705098 -> 16.497305,80.703175 -> 16.497909,80.701508 -> 16.492717,80.70468 -> 16.499347,80.700077 -> 16.498308,80.707075",True,call my mother,Relative,Notify selected relative
904,"College Road, Mumbai",Mumbai,19.075921,72.84907,College Road,7,7,1,8,93,5,Stalking,42.98,Medium,69.34,"19.074545,72.847528 -> 19.077004,72.845061 -> 19.072311,72.849118 -> 19.075865,72.849929 -> 19.080609,72.849331",True,save me,Help,Trigger emergency alert and share location
905,"Residential Street, Delhi",Delhi,28.634836,77.174856,Residential Street,3,6,9,0,90,5,Theft,47.5,Medium,63.24,"28.63352,77.175035 -> 28.634564,77.177438 -> 28.631561,77.169148 -> 28.634302,77.176027 -> 28.635217,77.177937 -> 28.635929,77.173446",True,help me,Help,Trigger emergency alert and share location
906,"Industrial Road, Mumbai",Mumbai,18.99461,72.869394,Industrial Road,5,3,3,3,95,4,Assault,55.11,Medium,57.63,"18.99363,72.869465 -> 18.995663,72.866856 -> 18.996168,72.873487",True,call my mother,Relative,Notify selected relative
907,"Market Road, Hyderabad",Hyderabad,17.378952,78.447183,Market Road,7,7,10,2,7,2,None,25.2,Low,86.46,"17.373391,78.448025 -> 17.380083,78.451372 -> 17.378467,78.448204 -> 17.376799,78.446292 -> 17.375139,78.446696",True,call my sister,Relative,Notify selected relative
908,"Residential Street, Visakhapatnam",Visakhapatnam,17.676114,83.228972,Residential Street,9,6,9,6,19,7,None,18.02,Low,94.76,"17.676322,83.228139 -> 17.675285,83.229173 -> 17.676215,83.230875 -> 17.675812,83.228097",False,none,No Alert,No action
909,"Industrial Road, Delhi",Delhi,28.607572,77.183987,Industrial Road,5,10,2,10,95,7,Sexual Harassment,37.84,Medium,72.36,"28.61265,77.181705 -> 28.606875,77.183018 -> 28.606954,77.183159",True,call my sister,Relative,Notify selected relative
910,"Railway Station Road, Delhi",Delhi,28.623673,77.149144,Railway Station Road,8,6,0,1,14,2,Stalking,40.41,Medium,71.88,"28.625254,77.146037 -> 28.618,77.146701 -> 28.623066,77.155595",True,call my sister,Relative,Notify selected relative
911,"Main Road, Bengaluru",Bengaluru,12.990614,77.531334,Main Road,10,10,9,7,35,2,Harassment,16.93,Low,97.02,"12.990481,77.531968 -> 12.987327,77.530997 -> 12.98882,77.528575 -> 12.991263,77.533269 -> 12.992717,77.53277 -> 12.989371,77.53312 -> 12.991387,77.531669",True,help me,Help,Trigger emergency alert and share location
912,"Railway Station Road, Delhi",Delhi,28.592491,77.191609,Railway Station Road,10,3,1,5,8,9,Robbery,28.55,Low,83.82,"28.598591,77.192362 -> 28.590963,77.189528 -> 28.591262,77.197052 -> 28.591493,77.193876",True,call my father,Relative,Notify selected relative
913,"Park Road, Visakhapatnam",Visakhapatnam,17.673643,83.227641,Park Road,9,9,8,7,8,9,Stalking,10.82,Low,100.0,"17.672213,83.226038 -> 17.67779,83.230102 -> 17.67562,83.229609 -> 17.674792,83.232685 -> 17.673753,83.229084 -> 17.670016,83.225579 -> 17.670641,83.230826",True,mom,Relative,Notify selected relative
914,"Bus Stop Area, Hyderabad",Hyderabad,17.295661,78.472619,Bus Stop Area,2,3,9,2,0,9,None,33.64,Medium,58.9,"17.293583,78.471392 -> 17.299123,78.473611 -> 17.293578,78.475284 -> 17.295706,78.472713 -> 17.292654,78.470144 -> 17.293598,78.472735",True,call my mother,Relative,Notify selected relative
915,"Bus Stop Area, Vijayawada",Vijayawada,16.508926,80.702043,Bus Stop Area,3,2,8,4,96,1,Theft,55.27,Medium,55.85,"16.502157,80.7027 -> 16.505301,80.699628 -> 16.506896,80.700385",True,help,Help,Trigger emergency alert and share location
916,"Market Road, Pune",Pune,18.47227,73.863822,Market Road,7,1,3,4,5,9,Harassment,34.43,Medium,68.41,"18.473162,73.869414 -> 18.468947,73.863111 -> 18.465961,73.86307 -> 18.473877,73.865624 -> 18.472463,73.866045",True,mom,Relative,Notify selected relative
917,"College Road, Mumbai",Mumbai,19.165112,72.937631,College Road,9,6,9,8,65,4,None,26.25,Low,88.44,"19.161484,72.936616 -> 19.162745,72.938759 -> 19.162159,72.937449",False,none,No Alert,No action
918,"Market Road, Bengaluru",Bengaluru,13.00093,77.591076,Market Road,5,4,2,9,70,4,None,45.68,Medium,60.89,"13.003867,77.586379 -> 13.000111,77.590972 -> 13.00097,77.591527 -> 13.002456,77.590987 -> 13.00001,77.590057 -> 12.999401,77.593045 -> 12.999314,77.593193",True,call my mother,Relative,Notify selected relative
919,"Residential Street, Delhi",Delhi,28.614565,77.190756,Residential Street,9,5,4,6,83,3,None,40.02,Medium,76.47,"28.612746,77.192351 -> 28.615097,77.189265 -> 28.615887,77.192122 -> 28.617459,77.193171 -> 28.615793,77.187937 -> 28.620686,77.187247",True,call my sister,Relative,Notify selected relative
920,"Park Road, Chennai",Chennai,13.115924,80.285795,Park Road,3,9,3,1,80,5,Theft,49.09,Medium,49.64,"13.115613,80.285598 -> 13.119188,80.284012 -> 13.115269,80.279955 -> 13.120261,80.283119",True,call my mother,Relative,Notify selected relative
921,"Park Road, Vijayawada",Vijayawada,16.517642,80.644451,Park Road,3,6,6,6,3,10,None,27.75,Low,81.36,"16.519667,80.648629 -> 16.518271,80.646089 -> 16.518464,80.646995 -> 16.516485,80.647139",True,help,Help,Trigger emergency alert and share location
922,"Park Road, Hyderabad",Hyderabad,17.423867,78.524589,Park Road,2,6,10,1,46,6,Sexual Harassment,39.14,Medium,64.86,"17.423446,78.525188 -> 17.42044,78.528576 -> 17.423836,78.525299 -> 17.422424,78.521272 -> 17.422357,78.525137",True,help me,Help,Trigger emergency alert and share location
923,"Railway Station Road, Bengaluru",Bengaluru,12.99517,77.600263,Railway Station Road,1,2,6,3,48,2,Theft,54.0,Medium,53.63,"12.994327,77.601504 -> 12.998877,77.602025 -> 12.997194,77.600998",True,help me,Help,Trigger emergency alert and share location
924,"Industrial Road, Chennai",Chennai,13.03009,80.234137,Industrial Road,2,9,5,9,36,9,None,30.27,Medium,82.4,"13.030063,80.235237 -> 13.034281,80.235952 -> 13.033237,80.234374 -> 13.028072,80.233992 -> 13.028078,80.238033",True,dad,Relative,Notify selected relative
925,"Market Road, Visakhapatnam",Visakhapatnam,17.714464,83.236718,Market Road,6,7,2,5,94,9,Sexual Harassment,42.68,Medium,72.8,"17.709414,83.238188 -> 17.711187,83.2367 -> 17.713685,83.238372 -> 17.715034,83.240081 -> 17.712959,83.238491 -> 17.71487,83.23263 -> 17.712167,83.236343",True,dad,Relative,Notify selected relative
926,"Industrial Road, Delhi",Delhi,28.65283,77.22523,Industrial Road,10,3,4,0,87,9,None,41.57,Medium,62.59,"28.652479,77.230275 -> 28.653108,77.224412 -> 28.654059,77.227138 -> 28.65169,77.226486",True,help me,Help,Trigger emergency alert and share location
927,"Main Road, Chennai",Chennai,13.071189,80.295876,Main Road,6,4,10,9,53,8,Abduction,26.61,Low,90.33,"13.072394,80.293978 -> 13.069136,80.29824 -> 13.070991,80.296589 -> 13.070423,80.298123",True,call my sister,Relative,Notify selected relative
928,"Railway Station Road, Mumbai",Mumbai,19.054727,72.872954,Railway Station Road,5,7,8,3,39,2,Assault,35.75,Medium,78.28,"19.057659,72.871645 -> 19.059626,72.873737 -> 19.05212,72.873877 -> 19.05377,72.874039 -> 19.05462,72.87314",True,call my father,Relative,Notify selected relative
929,"Residential Street, Hyderabad",Hyderabad,17.353094,78.521352,Residential Street,2,4,1,2,73,1,Theft,62.07,High,35.65,"17.350322,78.52227 -> 17.357101,78.520471 -> 17.354846,78.524035",True,call police,Emergency,Trigger emergency alert and share location
930,"Main Road, Mumbai",Mumbai,19.104514,72.866808,Main Road,7,9,2,7,63,9,Harassment,31.39,Medium,74.66,"19.098995,72.866151 -> 19.107459,72.863998 -> 19.106265,72.864433 -> 19.104779,72.868577 -> 19.102865,72.867234 -> 19.103476,72.868571 -> 19.105102,72.866949",True,help,Help,Trigger emergency alert and share location
931,"Main Road, Bengaluru",Bengaluru,13.026142,77.617781,Main Road,7,9,5,3,94,9,Theft,35.86,Medium,70.88,"13.025927,77.617591 -> 13.026343,77.624092 -> 13.027069,77.612691 -> 13.024785,77.61295 -> 13.025318,77.612813 -> 13.023963,77.613979 -> 13.027102,77.617782",False,none,No Alert,No action
932,"Bus Stop Area, Vijayawada",Vijayawada,16.516804,80.644341,Bus Stop Area,3,2,5,2,65,6,Harassment,51.7,Medium,47.62,"16.518088,80.649147 -> 16.517827,80.643276 -> 16.513234,80.642071",True,call my father,Relative,Notify selected relative
933,"College Road, Vijayawada",Vijayawada,16.522056,80.685559,College Road,2,6,10,3,69,2,Harassment,44.61,Medium,65.39,"16.524056,80.687328 -> 16.523322,80.683913 -> 16.522491,80.683438 -> 16.5221,80.686386 -> 16.526253,80.682285",True,call police,Emergency,Trigger emergency alert and share location
934,"Bus Stop Area, Chennai",Chennai,13.099553,80.322543,Bus Stop Area,1,10,6,3,39,9,Sexual Harassment,35.3,Medium,74.4,"13.101635,80.324012 -> 13.102799,80.319824 -> 13.096088,80.322527",True,call my sister,Relative,Notify selected relative
935,"Main Road, Mumbai",Mumbai,19.000359,72.920773,Main Road,6,1,9,7,42,5,None,34.86,Medium,85.44,"18.999276,72.919846 -> 19.000178,72.920903 -> 19.000677,72.922169 -> 18.999927,72.923131 -> 19.001474,72.919256",True,help,Help,Trigger emergency alert and share location
936,"Park Road, Vijayawada",Vijayawada,16.552929,80.600461,Park Road,6,1,1,6,62,4,Theft,50.77,Medium,58.27,"16.555346,80.598653 -> 16.553703,80.601819 -> 16.550778,80.60028",True,mom,Relative,Notify selected relative
937,"Park Road, Vijayawada",Vijayawada,16.500722,80.628689,Park Road,2,8,0,2,98,5,Harassment,58.32,Medium,56.19,"16.498814,80.631201 -> 16.49974,80.625972 -> 16.500979,80.630312 -> 16.503023,80.632595",True,call my sister,Relative,Notify selected relative
938,"College Road, Chennai",Chennai,13.185784,80.279468,College Road,7,3,8,4,13,8,None,27.07,Low,82.02,"13.186916,80.278802 -> 13.188099,80.276225 -> 13.191705,80.281608 -> 13.181574,80.277695 -> 13.187824,80.282409 -> 13.182603,80.281251",True,help me,Help,Trigger emergency alert and share location
939,"Main Road, Delhi",Delhi,28.545743,77.205873,Main Road,6,4,1,3,36,1,Harassment,48.0,Medium,64.96,"28.544364,77.202106 -> 28.546109,77.204361 -> 28.547317,77.20366 -> 28.543811,77.20082",True,call my father,Relative,Notify selected relative
940,"Main Road, Pune",Pune,18.526348,73.851068,Main Road,3,4,7,10,34,2,Theft,37.68,Medium,69.28,"18.526832,73.853636 -> 18.525809,73.851738 -> 18.527031,73.848057 -> 18.531489,73.849891 -> 18.527988,73.852991 -> 18.525999,73.852585",True,call my sister,Relative,Notify selected relative
941,"College Road, Vijayawada",Vijayawada,16.514804,80.598383,College Road,7,9,6,2,14,2,None,29.05,Low,79.29,"16.513273,80.597229 -> 16.511544,80.601199 -> 16.518809,80.600828",True,help me,Help,Trigger emergency alert and share location
942,"Bus Stop Area, Visakhapatnam",Visakhapatnam,17.731269,83.206438,Bus Stop Area,1,6,6,9,94,1,None,51.32,Medium,55.6,"17.729323,83.208048 -> 17.731837,83.206245 -> 17.734507,83.20745 -> 17.729172,83.204736 -> 17.732974,83.209042 -> 17.732648,83.21118",True,call my sister,Relative,Notify selected relative
943,"Residential Street, Mumbai",Mumbai,19.133225,72.893136,Residential Street,7,4,9,2,93,9,None,37.98,Medium,69.33,"19.12995,72.892168 -> 19.135108,72.897703 -> 19.134269,72.896058 -> 19.132612,72.894693",True,save me,Help,Trigger emergency alert and share location
944,"Railway Station Road, Hyderabad",Hyderabad,17.413817,78.417414,Railway Station Road,4,7,3,7,90,2,None,48.86,Medium,58.67,"17.416191,78.4181 -> 17.410826,78.411339 -> 17.412903,78.417235 -> 17.411607,78.417772 -> 17.415083,78.419091 -> 17.407927,78.414128 -> 17.413055,78.418844",True,dad,Relative,Notify selected relative
945,"Bus Stop Area, Vijayawada",Vijayawada,16.523323,80.664515,Bus Stop Area,2,3,6,0,35,4,None,49.66,Medium,53.02,"16.522504,80.662694 -> 16.525243,80.662214 -> 16.525448,80.665035 -> 16.52321,80.662873",True,call my father,Relative,Notify selected relative
946,"Residential Street, Bengaluru",Bengaluru,12.924156,77.571932,Residential Street,1,7,6,8,39,4,Harassment,39.39,Medium,68.36,"12.918233,77.571439 -> 12.926467,77.57335 -> 12.922915,77.572049 -> 12.922766,77.572304",True,call my mother,Relative,Notify selected relative
947,"Park Road, Visakhapatnam",Visakhapatnam,17.740704,83.252397,Park Road,1,5,1,4,46,5,None,52.77,Medium,53.93,"17.739472,83.254272 -> 17.736487,83.251766 -> 17.742163,83.254248 -> 17.742379,83.253134 -> 17.740215,83.253742",True,call my father,Relative,Notify selected relative
948,"Market Road, Visakhapatnam",Visakhapatnam,17.65345,83.188936,Market Road,1,1,0,10,95,6,Harassment,61.02,High,47.09,"17.653883,83.184372 -> 17.654588,83.190868 -> 17.653257,83.194872 -> 17.651743,83.188033",True,call police,Emergency,Trigger emergency alert and share location
949,"Park Road, Hyderabad",Hyderabad,17.371173,78.484033,Park Road,3,5,7,5,42,5,Stalking,39.41,Medium,68.35,"17.367656,78.482667 -> 17.370929,78.487104 -> 17.376679,78.487372",True,help,Help,Trigger emergency alert and share location
950,"College Road, Vijayawada",Vijayawada,16.479062,80.623647,College Road,6,6,9,8,77,6,None,31.8,Medium,82.31,"16.483523,80.623233 -> 16.475743,80.622394 -> 16.480955,80.625372 -> 16.478561,80.625356",True,call police,Emergency,Trigger emergency alert and share location
951,"Residential Street, Delhi",Delhi,28.534339,77.212634,Residential Street,2,3,10,9,15,1,None,35.57,Medium,81.64,"28.532257,77.210543 -> 28.529673,77.216609 -> 28.532539,77.213237 -> 28.535849,77.216414 -> 28.533954,77.211285 -> 28.534772,77.215844 -> 28.533914,77.210247",True,save me,Help,Trigger emergency alert and share location
952,"Residential Street, Mumbai",Mumbai,19.022073,72.834955,Residential Street,2,9,9,5,38,8,Assault,29.68,Low,84.24,"19.021271,72.833436 -> 19.020283,72.835168 -> 19.021474,72.834272 -> 19.025446,72.8388",True,mom,Relative,Notify selected relative
953,"Market Road, Visakhapatnam",Visakhapatnam,17.630449,83.229966,Market Road,4,7,8,4,97,9,Harassment,39.52,Medium,66.59,"17.629828,83.230739 -> 17.629917,83.230542 -> 17.632131,83.230702 -> 17.628832,83.228393 -> 17.62685,83.227831",True,call my mother,Relative,Notify selected relative
954,"Park Road, Hyderabad",Hyderabad,17.453672,78.45898,Park Road,2,8,6,8,64,1,None,42.91,Medium,61.32,"17.454472,78.458704 -> 17.453183,78.462503 -> 17.455045,78.457655 -> 17.452611,78.457724",True,dad,Relative,Notify selected relative
955,"Railway Station Road, Vijayawada",Vijayawada,16.536816,80.637215,Railway Station Road,1,10,0,3,94,7,Sexual Harassment,54.05,Medium,39.89,"16.536695,80.633372 -> 16.542277,80.634801 -> 16.536411,80.637861 -> 16.536094,80.63649 -> 16.537871,80.641031 -> 16.538735,80.640911",True,mom,Relative,Notify selected relative
956,"Market Road, Hyderabad",Hyderabad,17.348368,78.497808,Market Road,8,9,6,8,99,7,None,30.75,Medium,85.03,"17.349246,78.501249 -> 17.347816,78.496794 -> 17.349703,78.493362 -> 17.347776,78.497473 -> 17.346067,78.500451 -> 17.345712,78.497468",True,dad,Relative,Notify selected relative
957,"Main Road, Vijayawada",Vijayawada,16.516461,80.695371,Main Road,3,10,3,9,89,1,Theft,45.52,Medium,64.62,"16.518801,80.697122 -> 16.51677,80.692647 -> 16.512875,80.695637 -> 16.515104,80.697669 -> 16.518326,80.694909 -> 16.513567,80.696648 -> 16.513916,80.693475",True,call my sister,Relative,Notify selected relative
958,"Railway Station Road, Chennai",Chennai,13.04842,80.265852,Railway Station Road,4,5,4,8,15,3,Theft,36.48,Medium,80.17,"13.048407,80.264744 -> 13.044606,80.267232 -> 13.046469,80.266146 -> 13.047534,80.267947",False,none,No Alert,No action
959,"Main Road, Chennai",Chennai,13.077197,80.268638,Main Road,3,5,2,4,6,4,None,42.32,Medium,66.31,"13.082464,80.270859 -> 13.076975,80.268646 -> 13.075885,80.266263 -> 13.075815,80.266708",True,mom,Relative,Notify selected relative
960,"College Road, Pune",Pune,18.543268,73.819208,College Road,6,2,8,4,92,3,None,47.36,Medium,70.9,"18.545148,73.819259 -> 18.543269,73.817815 -> 18.543943,73.821928 -> 18.54151,73.815375 -> 18.545026,73.820019 -> 18.540468,73.817375",True,dad,Relative,Notify selected relative
961,"Main Road, Visakhapatnam",Visakhapatnam,17.656731,83.193141,Main Road,6,4,4,2,32,1,None,44.18,Medium,62.4,"17.656065,83.191514 -> 17.654836,83.192569 -> 17.65715,83.19235 -> 17.659628,83.194411 -> 17.652754,83.19445 -> 17.658245,83.192054 -> 17.652993,83.193161",True,dad,Relative,Notify selected relative
962,"Railway Station Road, Delhi",Delhi,28.61363,77.169742,Railway Station Road,10,9,3,7,28,6,Theft,21.73,Low,85.42,"28.613411,77.169159 -> 28.612587,77.169533 -> 28.610873,77.168655 -> 28.614963,77.168867 -> 28.60945,77.16856",True,save me,Help,Trigger emergency alert and share location
963,"Market Road, Delhi",Delhi,28.576444,77.21835,Market Road,8,4,6,5,18,8,None,26.5,Low,87.99,"28.572297,77.220248 -> 28.573664,77.222248 -> 28.576322,77.215234",True,call my sister,Relative,Notify selected relative
964,"Market Road, Vijayawada",Vijayawada,16.46623,80.660183,Market Road,4,10,7,2,82,5,None,39.86,Medium,66.28,"16.465988,80.664215 -> 16.464482,80.660333 -> 16.46978,80.660859",True,call police,Emergency,Trigger emergency alert and share location
965,"Park Road, Vijayawada",Vijayawada,16.449969,80.665689,Park Road,10,4,1,2,9,7,Sexual Harassment,31.89,Medium,72.2,"16.453486,80.663632 -> 16.457393,80.669357 -> 16.447977,80.665739 -> 16.451853,80.667648",True,call my sister,Relative,Notify selected relative
966,"Residential Street, Delhi",Delhi,28.629382,77.252826,Residential Street,9,3,0,9,12,7,None,30.55,Medium,82.34,"28.628465,77.251959 -> 28.631528,77.253739 -> 28.63011,77.254814 -> 28.624254,77.253601 -> 28.629928,77.256998 -> 28.625561,77.256719",False,none,No Alert,No action
967,"Main Road, Visakhapatnam",Visakhapatnam,17.689439,83.235615,Main Road,3,4,1,4,18,10,Abduction,41.5,Medium,72.58,"17.690841,83.236616 -> 17.690045,83.234406 -> 17.689368,83.233826",False,none,No Alert,No action
968,"College Road, Hyderabad",Hyderabad,17.38344,78.404942,College Road,2,4,2,7,97,10,None,51.8,Medium,57.85,"17.383136,78.404101 -> 17.383989,78.401358 -> 17.388263,78.404685 -> 17.383075,78.402529 -> 17.3835,78.408409 -> 17.38603,78.407078",True,help me,Help,Trigger emergency alert and share location
969,"Market Road, Mumbai",Mumbai,19.095124,72.865151,Market Road,4,1,8,4,80,9,Robbery,45.0,Medium,57.75,"19.094621,72.864561 -> 19.097746,72.865924 -> 19.099155,72.868145",False,none,No Alert,No action
970,"Railway Station Road, Hyderabad",Hyderabad,17.369023,78.42387,Railway Station Road,2,9,6,2,0,4,Harassment,34.09,Medium,78.84,"17.372421,78.420454 -> 17.372796,78.424825 -> 17.369425,78.427907",True,save me,Help,Trigger emergency alert and share location
971,"College Road, Vijayawada",Vijayawada,16.553264,80.670797,College Road,5,4,10,6,87,2,Abduction,42.02,Medium,73.54,"16.554805,80.669797 -> 16.553126,80.668541 -> 16.552431,80.66988 -> 16.551676,80.671139 -> 16.552454,80.672053 -> 16.549208,80.670514",True,help me,Help,Trigger emergency alert and share location
972,"Residential Street, Bengaluru",Bengaluru,12.976204,77.583728,Residential Street,5,6,1,9,42,2,Sexual Harassment,41.68,Medium,68.26,"12.972241,77.584619 -> 12.977823,77.584962 -> 12.978801,77.584232 -> 12.977401,77.584118 -> 12.977923,77.579785",True,help,Help,Trigger emergency alert and share location
973,"Market Road, Vijayawada",Vijayawada,16.474925,80.703541,Market Road,7,9,5,9,23,7,Stalking,20.93,Low,81.17,"16.474575,80.706472 -> 16.474692,80.702528 -> 16.475249,80.702658 -> 16.475002,80.701833",True,call police,Emergency,Trigger emergency alert and share location
974,"College Road, Chennai",Chennai,13.121504,80.320514,College Road,2,5,7,10,47,5,Sexual Harassment,37.48,Medium,73.96,"13.118038,80.319204 -> 13.121044,80.321778 -> 13.118984,80.318591",False,none,No Alert,No action
975,"Market Road, Vijayawada",Vijayawada,16.524074,80.680862,Market Road,6,3,6,7,92,8,Theft,41.45,Medium,68.14,"16.520741,80.689072 -> 16.526032,80.680194 -> 16.526247,80.680551",True,help,Help,Trigger emergency alert and share location
976,"Market Road, Chennai",Chennai,13.11305,80.276279,Market Road,2,6,2,2,98,7,Harassment,56.5,Medium,47.96,"13.112766,80.272661 -> 13.117895,80.273925 -> 13.10965,80.275747 -> 13.110646,80.27615 -> 13.114769,80.278767",True,call my mother,Relative,Notify selected relative
977,"Park Road, Mumbai",Mumbai,19.104516,72.867003,Park Road,10,6,2,10,31,7,Harassment,24.02,Low,92.23,"19.105536,72.862609 -> 19.105942,72.86336 -> 19.109617,72.865992 -> 19.104054,72.865079 -> 19.102941,72.872688 -> 19.106867,72.86313",True,mom,Relative,Notify selected relative
978,"Bus Stop Area, Mumbai",Mumbai,19.128647,72.919463,Bus Stop Area,7,2,9,6,67,10,None,32.02,Medium,80.87,"19.129414,72.919426 -> 19.133578,72.917472 -> 19.129012,72.918393 -> 19.125064,72.924942",True,help,Help,Trigger emergency alert and share location
979,"Bus Stop Area, Visakhapatnam",Visakhapatnam,17.645445,83.226205,Bus Stop Area,1,6,8,7,17,2,Harassment,37.25,Medium,63.75,"17.644447,83.22726 -> 17.643383,83.227672 -> 17.644772,83.229105",True,call my mother,Relative,Notify selected relative
980,"Railway Station Road, Vijayawada",Vijayawada,16.553862,80.627464,Railway Station Road,8,3,8,6,31,4,Assault,29.93,Low,85.05,"16.554321,80.629012 -> 16.553898,80.62794 -> 16.553253,80.627752 -> 16.557107,80.629079",False,none,No Alert,No action
981,"Market Road, Hyderabad",Hyderabad,17.409544,78.512007,Market Road,7,1,6,5,6,2,Harassment,35.95,Medium,75.38,"17.410341,78.509294 -> 17.412716,78.50505 -> 17.409326,78.514859 -> 17.406134,78.513006 -> 17.407842,78.511085 -> 17.411909,78.512502 -> 17.404458,78.509566",True,help,Help,Trigger emergency alert and share location
982,"Main Road, Vijayawada",Vijayawada,16.540337,80.663713,Main Road,3,6,2,1,31,2,Robbery,49.48,Medium,63.36,"16.544544,80.662857 -> 16.546595,80.663774 -> 16.53793,80.662129",True,dad,Relative,Notify selected relative
983,"Market Road, Delhi",Delhi,28.534915,77.265246,Market Road,3,8,2,8,89,5,Assault,46.89,Medium,70.09,"28.532376,77.264676 -> 28.535154,77.262845 -> 28.530527,77.26472 -> 28.534112,77.264275 -> 28.535472,77.26882 -> 28.534157,77.265672",True,call my father,Relative,Notify selected relative
984,"Main Road, Mumbai",Mumbai,19.10144,72.897095,Main Road,5,2,2,0,82,1,Theft,61.23,High,40.7,"19.101681,72.898464 -> 19.098619,72.900254 -> 19.105019,72.895288 -> 19.101924,72.898701 -> 19.100076,72.898299 -> 19.101848,72.893425 -> 19.102588,72.894345",True,help me,Help,Trigger emergency alert and share location
985,"Park Road, Visakhapatnam",Visakhapatnam,17.719672,83.195008,Park Road,7,8,8,4,73,9,Harassment,28.89,Low,82.71,"17.723103,83.196249 -> 17.716973,83.192471 -> 17.718174,83.195995 -> 17.720568,83.1929 -> 17.716754,83.195712",True,save me,Help,Trigger emergency alert and share location
986,"Railway Station Road, Vijayawada",Vijayawada,16.499835,80.723503,Railway Station Road,2,9,6,2,95,4,None,49.2,Medium,56.98,"16.504371,80.720577 -> 16.495902,80.720703 -> 16.502808,80.727893 -> 16.49788,80.722352 -> 16.496913,80.718974 -> 16.501631,80.724061",True,dad,Relative,Notify selected relative
987,"Market Road, Delhi",Delhi,28.614267,77.159998,Market Road,9,10,1,7,61,6,None,30.16,Medium,90.64,"28.613009,77.161332 -> 28.610631,77.159522 -> 28.614995,77.160816 -> 28.614654,77.161234 -> 28.611441,77.160491 -> 28.614551,77.160577",True,call my father,Relative,Notify selected relative
988,"Park Road, Pune",Pune,18.522932,73.812138,Park Road,4,5,1,1,9,6,None,43.25,Medium,54.56,"18.517396,73.814182 -> 18.525001,73.814247 -> 18.523699,73.806805 -> 18.520365,73.812564 -> 18.523271,73.811581 -> 18.523854,73.812167 -> 18.523234,73.81054",True,call my mother,Relative,Notify selected relative
989,"Market Road, Chennai",Chennai,13.11707,80.255623,Market Road,9,2,1,3,76,1,Theft,51.64,Medium,51.51,"13.115143,80.254752 -> 13.119555,80.255517 -> 13.116605,80.252501 -> 13.119034,80.253993 -> 13.11682,80.259323",True,save me,Help,Trigger emergency alert and share location
990,"Bus Stop Area, Visakhapatnam",Visakhapatnam,17.704607,83.161511,Bus Stop Area,5,2,9,9,5,10,None,23.07,Low,82.88,"17.704446,83.158479 -> 17.706228,83.161617 -> 17.70502,83.159744 -> 17.70896,83.168617 -> 17.703911,83.162394 -> 17.704851,83.160862",False,none,No Alert,No action
991,"Railway Station Road, Hyderabad",Hyderabad,17.355878,78.448726,Railway Station Road,1,6,4,6,64,4,Assault,49.27,Medium,52.05,"17.356891,78.447427 -> 17.349432,78.449838 -> 17.355782,78.452093 -> 17.356811,78.445029 -> 17.350304,78.446927",True,call my father,Relative,Notify selected relative
992,"Residential Street, Vijayawada",Vijayawada,16.484321,80.681011,Residential Street,6,7,8,1,64,3,Robbery,38.82,Medium,70.64,"16.487155,80.677699 -> 16.486734,80.682813 -> 16.479275,80.684318",True,dad,Relative,Notify selected relative
993,"Main Road, Mumbai",Mumbai,19.079271,72.891422,Main Road,5,3,2,10,59,2,Sexual Harassment,46.2,Medium,61.47,"19.082459,72.888457 -> 19.081351,72.893474 -> 19.076836,72.89638",True,save me,Help,Trigger emergency alert and share location
994,"Market Road, Vijayawada",Vijayawada,16.514303,80.670886,Market Road,9,9,9,10,66,6,None,18.68,Low,92.38,"16.519597,80.667825 -> 16.516865,80.668399 -> 16.512756,80.672858 -> 16.516872,80.667708 -> 16.517029,80.673498 -> 16.511958,80.674883",True,help me,Help,Trigger emergency alert and share location
995,"Park Road, Pune",Pune,18.46941,73.834833,Park Road,1,7,3,3,78,10,Theft,48.77,Medium,58.02,"18.467276,73.835493 -> 18.470013,73.834365 -> 18.471491,73.834262",True,help me,Help,Trigger emergency alert and share location
996,"Residential Street, Mumbai",Mumbai,19.084104,72.917827,Residential Street,1,3,4,8,100,2,Harassment,59.09,Medium,53.26,"19.086069,72.914954 -> 19.085416,72.915631 -> 19.0809,72.917648 -> 19.081843,72.919804 -> 19.08614,72.91307 -> 19.082033,72.914178",True,help,Help,Trigger emergency alert and share location
997,"Railway Station Road, Vijayawada",Vijayawada,16.490008,80.663931,Railway Station Road,3,2,4,9,46,6,None,43.68,Medium,65.81,"16.488534,80.667181 -> 16.484246,80.667023 -> 16.488647,80.663736",True,help,Help,Trigger emergency alert and share location
998,"Railway Station Road, Mumbai",Mumbai,19.057542,72.931701,Railway Station Road,8,5,7,10,17,2,None,24.52,Low,86.22,"19.057571,72.93302 -> 19.053514,72.929401 -> 19.057172,72.929484 -> 19.055503,72.930826 -> 19.059166,72.930844 -> 19.060238,72.929207 -> 19.054412,72.936517",True,call my sister,Relative,Notify selected relative
999,"Park Road, Chennai",Chennai,13.059671,80.224818,Park Road,7,10,10,2,56,6,Abduction,25.27,Low,78.02,"13.062359,80.223965 -> 13.059037,80.22442 -> 13.062203,80.224369 -> 13.065531,80.225152 -> 13.062325,80.226831 -> 13.05958,80.223351 -> 13.060501,80.226093",True,dad,Relative,Notify selected relative
1000,"Residential Street, Pune",Pune,18.500359,73.862522,Residential Street,7,9,7,4,87,1,Assault,38.39,Medium,79.69,"18.505534,73.864658 -> 18.505016,73.860949 -> 18.502114,73.865868 -> 18.498118,73.861308 -> 18.504704,73.860084 -> 18.497006,73.866342 -> 18.503351,73.863602",False,none,No Alert,No action
